nb_avis,email,created_at,score,rating,prenom,ne_plus_contacter,adresse,ecarte,data_extra,note,updated_at,source,id,telephone,statut_meta,liste_id,entreprise,statut,ville,secteur,nom,site_web
23,,2026-09-14T14:46:35,,5.0,,0,"
39 Av. de la Motte-Picquet, 75007 Paris, France",0,"{""legacy_id"": 1907, ""legacy_table"": ""leads_bruts"", ""campaign_legacy_id"": 32, ""source_legacy"": ""maps"", ""statut_legacy"": ""en_attente"", ""mot_cle"": ""architecte interieur"", ""lien_maps"": ""https://www.google.com/maps/place/L%27Agence+BLEU+architecte+d%27int%C3%A9rieur+%C3%A0+Paris/data=!4m7!3m6!1s0x47e66d84e64b724d:0x5a2ca164c44d019b!8m2!3d48.8546255!4d2.3064867!16s%2Fg%2F11b6hkbjrr!19sChIJTXJL5oRt5kcRmwFNxGShLFo?authuser=0&hl=fr&g_ep=EgoyMDI2MDkwMi4wIJJjKgBIAVAD&rclk=1"", ""logo_url"": ""https://www.google.com/maps/vt/pb=!1m4!1m3!1i17!2i66374!3i45091!2m3!1e0!2sm!3i793559730!2m2!1e2!2sspotlit!3m8!2sfr!3sbj!5e1105!12m4!1e68!2m2!1sset!2sRoadmap!4e0!5m1!1e0!23i1368782!23i1368785!23i4861626!23i10211310!23i1381938!23i47054629!23i47029525!23i72272233!23i72272234!23i72272236!23i72458815!23i94243289!23i94255677!23i72860224!23i10211515!23i94260020!23i100799651!23i72549439!27m15!299174093m14!14m13!1m8!1m2!1y5180948838903149133!2y6497745816550965659!2s%2Fg%2F11b6hkbjrr!4m2!1x488546255!2x230"", ""pays"": ""fr"", ""date_scraping"": ""2026-09-06 11:23:53"", ""niveau_urgence"": 0, ""ecarte_legacy"": 0, ""ia_opportunite"": 5, ""ia_signaux"": ""Pas de site, téléphone présent - à contacter (création)"", ""ia_reco"": ""a_contacter""}",,2026-09-17T12:19:03,legacy_maps,8637,+33619693972,"{""created_at"": ""2026-09-14T14:46:35"", ""source"": ""legacy_maps""}",150,L'Agence BLEU architecte d'intérieur à Paris,qualifie,Paris,,L'Agence BLEU architecte d'intérieur à Paris,
39,,2026-09-14T14:46:35,,5.0,,0,"
51 Rue Jean-Jacques Rousseau, 75001 Paris, France",0,"{""legacy_id"": 1878, ""legacy_table"": ""leads_bruts"", ""campaign_legacy_id"": 32, ""source_legacy"": ""maps"", ""statut_legacy"": ""en_attente"", ""mot_cle"": ""architecte interieur"", ""lien_maps"": ""https://www.google.com/maps/place/Agence+V%C3%A9ronique+Cotrel/data=!4m7!3m6!1s0x47e66e156ffcd19b:0x5985250386842a9!8m2!3d48.8640543!4d2.3428669!16s%2Fg%2F1tftw89k!19sChIJm9H8bxVu5kcRqUJoOFBSmAU?authuser=0&hl=fr&g_ep=EgoyMDI2MDkwMi4wIJJjKgBIAVAD&rclk=1"", ""logo_url"": ""https://www.google.com/maps/vt/pb=!1m4!1m3!1i17!2i66388!3i45087!2m3!1e0!2sm!3i793559730!2m2!1e2!2sspotlit!3m8!2sfr!3sbj!5e1105!12m4!1e68!2m2!1sset!2sRoadmap!4e0!5m1!1e0!23i1368782!23i1368785!23i4861626!23i10211310!23i1381938!23i47054629!23i47029525!23i72272233!23i72272234!23i72272236!23i72458815!23i94243289!23i94255677!23i72860224!23i10211515!23i94260020!23i100799651!23i72549439!23i100760045!27m15!299174093m14!14m13!1m8!1m2!1y5180949459688542619!2y403162671146877609!2s%2Fg%2F1tftw89k!4m2!1x48864"", ""pays"": ""fr"", ""date_scraping"": ""2026-09-06 11:22:27"", ""niveau_urgence"": 0, ""ecarte_legacy"": 0, ""ia_opportunite"": 5, ""ia_signaux"": ""Pas de site, téléphone présent - à contacter (création)"", ""ia_reco"": ""a_contacter""}",,2026-09-17T12:19:03,legacy_maps,8608,+33188326480,"{""created_at"": ""2026-09-14T14:46:35"", ""source"": ""legacy_maps""}",150,Agence Véronique Cotrel,qualifie,Paris,,Agence Véronique Cotrel,
960,,2026-09-14T14:46:35,,4.9,,0,"
30 Rue Sedaine, 75011 Paris, France",0,"{""legacy_id"": 1872, ""legacy_table"": ""leads_bruts"", ""campaign_legacy_id"": 32, ""source_legacy"": ""maps"", ""statut_legacy"": ""en_attente"", ""mot_cle"": ""architecte interieur"", ""lien_maps"": ""https://www.google.com/maps/place/Agence+LFD+%28Les+F%C3%A9es+D%C3%A9co%29+-+Interior+Design+-+Ma%C3%AEtrise+d%27oeuvre/data=!4m7!3m6!1s0x47e66df8babd4a61:0xec45268296ae3764!8m2!3d48.8562594!4d2.3734943!16s%2Fg%2F11b6d62m_7!19sChIJYUq9uvht5kcRZDeuloImRew?authuser=0&hl=fr&g_ep=EgoyMDI2MDkwMi4wIJJjKgBIAVAD&rclk=1"", ""logo_url"": ""https://www.google.com/maps/vt/pb=!1m4!1m3!1i17!2i66400!3i45091!2m3!1e0!2sm!3i793559730!2m2!1e2!2sspotlit!3m8!2sfr!3sbj!5e1105!12m4!1e68!2m2!1sset!2sRoadmap!4e0!5m1!1e0!23i1368782!23i1368785!23i4861626!23i10211310!23i1381938!23i47054629!23i47029525!23i72272233!23i72272234!23i72272236!23i72458815!23i94243289!23i94255677!23i72860224!23i10211515!23i94260020!23i100799651!23i72549439!23i100760045!27m15!299174093m14!14m13!1m8!1m2!1y5180949336388618849!2y17025056308659631972!2s%2Fg%2F11b6d62m_7!4m2!1x4"", ""pays"": ""fr"", ""date_scraping"": ""2026-09-06 11:22:27"", ""niveau_urgence"": 0, ""ecarte_legacy"": 0, ""ia_opportunite"": 5, ""ia_signaux"": ""Pas de site, téléphone présent - à contacter (création)"", ""ia_reco"": ""a_contacter""}",,2026-09-17T12:19:03,legacy_maps,8602,+33610760162,"{""created_at"": ""2026-09-14T14:46:35"", ""source"": ""legacy_maps""}",150,Agence LFD (Les Fées Déco) - Interior Design - Maîtrise d'oeuvre,qualifie,Paris,,Agence LFD (Les Fées Déco) - Interior Design - Maîtrise d'oeuvre,
6161,,2026-09-14T14:46:35,0,4.6,,0,"
11 Quai Arloing, 69009 Lyon, France",0,"{""legacy_id"": 1525, ""legacy_table"": ""leads_bruts"", ""campaign_legacy_id"": 12, ""source_legacy"": ""maps"", ""statut_legacy"": ""en_attente"", ""mot_cle"": ""agence immobilière"", ""lien_maps"": ""https://www.google.com/maps/place/Agence+HOMICCA/data=!4m7!3m6!1s0x47f4eb0d350c69b9:0xce0f75ef9e1c7b52!8m2!3d45.773104!4d4.809704!16s%2Fg%2F1tgcxdnw!19sChIJuWkMNQ3r9EcRUnscnu91D84?authuser=0&hl=fr&rclk=1"", ""pays"": ""fr"", ""date_scraping"": ""2026-06-15 20:20:52"", ""niveau_urgence"": 0, ""ecarte_legacy"": 0, ""ia_score"": 0, ""ia_opportunite"": 1, ""ia_signaux"": ""Site moderne""}",,2026-09-17T12:02:04,legacy_maps,8556,+33437642585,"{""created_at"": ""2026-09-14T14:46:35"", ""source"": ""legacy_maps""}",146,Agence HOMICCA,qualifie,Lyon,,Agence HOMICCA,https://homicca.fr/
9265,,2026-09-14T14:46:35,,4.9,,0,"
32 Quai Paul Sédallian, 69009 Lyon, France",0,"{""legacy_id"": 1522, ""legacy_table"": ""leads_bruts"", ""campaign_legacy_id"": 12, ""source_legacy"": ""maps"", ""statut_legacy"": ""en_attente"", ""mot_cle"": ""agence immobilière"", ""lien_maps"": ""https://www.google.com/maps/place/THIBAUD+VENET+IMMOBILIER+%7C+Groupe+d%E2%80%99Agences+%7C+Lyon+%26+Gen%C3%A8ve+%7C+Immobilier+de+Prestige+-+Luxe/data=!4m7!3m6!1s0x47f35234dbe40001:0xaa27e27ba632ae89!8m2!3d45.7922083!4d4.8201291!16s%2Fg%2F11hytb4zqh!19sChIJAQDk2zRS80cRia4ypnviJ6o?authuser=0&hl=fr&rclk=1"", ""pays"": ""fr"", ""date_scraping"": ""2026-06-15 20:20:52"", ""niveau_urgence"": 0, ""ecarte_legacy"": 0, ""ia_opportunite"": 35, ""ia_signaux"": ""thibaud-venet-immobilier.com = groupe d'agences - grand compte"", ""ia_reco"": ""a_verifier""}",,2026-09-17T12:02:04,legacy_maps,8553,+33972456082,"{""created_at"": ""2026-09-14T14:46:35"", ""source"": ""legacy_maps""}",144,THIBAUD VENET IMMOBILIER | Groupe d’Agences | Lyon & Genève | Immobilier de Prestige - Luxe,qualifie,Lyon,,THIBAUD VENET IMMOBILIER | Groupe d’Agences | Lyon & Genève | Immobilier de Prestige - Luxe,https://www.thibaud-venet-immobilier.com/
5427,,2026-09-14T14:46:35,,3.5,,0,"
158 Gd Rue de la Guillotière, 69007 Lyon, France",1,"{""legacy_id"": 1519, ""legacy_table"": ""leads_bruts"", ""campaign_legacy_id"": 12, ""source_legacy"": ""maps"", ""statut_legacy"": ""en_attente"", ""mot_cle"": ""agence immobilière"", ""lien_maps"": ""https://www.google.com/maps/place/Agence+Immobili%C3%A8re+Lyon+-+Citya+Gallichet+Lemaitre/data=!4m7!3m6!1s0x47f4ea42cb9cb0f9:0xb552a5d6d929215b!8m2!3d45.7496366!4d4.8522881!16s%2Fg%2F1tjyn1m5!19sChIJ-bCcy0Lq9EcRWyEp2dalUrU?authuser=0&hl=fr&rclk=1"", ""pays"": ""fr"", ""date_scraping"": ""2026-06-15 20:20:14"", ""niveau_urgence"": 0, ""ecarte_legacy"": 0, ""ia_opportunite"": 35, ""ia_signaux"": ""citya.com = réseau Citya - grand compte"", ""ia_reco"": ""a_verifier""}",,2026-09-16T16:27:35,legacy_maps,8550,+33478721724,"{""created_at"": ""2026-09-14T14:46:35"", ""source"": ""legacy_maps""}",144,Agence Immobilière Lyon - Citya Gallichet Lemaitre,qualifie,Lyon,,Agence Immobilière Lyon - Citya Gallichet Lemaitre,https://www.citya.com/agences-immobilieres/lyon-7e-arrondissement-69007/603?utm_campaign=lyon_7e_arrondissement&utm_medium=gmb&utm_source=google
7104,,2026-09-14T14:46:35,,4.7,,0,"
123 Av. Jean Jaurès, 69007 Lyon, France",0,"{""legacy_id"": 1518, ""legacy_table"": ""leads_bruts"", ""campaign_legacy_id"": 12, ""source_legacy"": ""maps"", ""statut_legacy"": ""en_attente"", ""mot_cle"": ""agence immobilière"", ""lien_maps"": ""https://www.google.com/maps/place/ORPI+AGENCE+de+la+Gare/data=!4m7!3m6!1s0x47f4ea391b76726f:0x86de34965defe6e1!8m2!3d45.7419314!4d4.8402789!16s%2Fg%2F11b75ctqmw!19sChIJb3J2Gznq9EcR4ebvXZY03oY?authuser=0&hl=fr&rclk=1"", ""pays"": ""fr"", ""date_scraping"": ""2026-06-15 20:20:14"", ""niveau_urgence"": 0, ""ecarte_legacy"": 0, ""ia_opportunite"": 35, ""ia_signaux"": ""estimationimmobilierlyon.com = agence ORPI - réseau ORPI - grand compte"", ""ia_reco"": ""a_verifier""}",,2026-09-17T12:02:04,legacy_maps,8549,+33437264196,"{""created_at"": ""2026-09-14T14:46:35"", ""source"": ""legacy_maps""}",144,ORPI AGENCE de la Gare,qualifie,Lyon,,ORPI AGENCE de la Gare,https://estimationimmobilierlyon.com/
9135,,2026-09-14T14:46:35,,4.9,,0,"
68 Av. Jean Jaurès, 69007 Lyon, France",1,"{""legacy_id"": 1517, ""legacy_table"": ""leads_bruts"", ""campaign_legacy_id"": 12, ""source_legacy"": ""maps"", ""statut_legacy"": ""en_attente"", ""mot_cle"": ""agence immobilière"", ""lien_maps"": ""https://www.google.com/maps/place/Agence+immobili%C3%A8re+ERA+Jean+Mac%C3%A9+LYON/data=!4m7!3m6!1s0x47f4eb422e1e8ba1:0x321bd3b0ca5e3a44!8m2!3d45.7480825!4d4.8432811!16s%2Fg%2F11g1p6m_fk!19sChIJoYseLkLr9EcRRDpeyrDTGzI?authuser=0&hl=fr&rclk=1"", ""pays"": ""fr"", ""date_scraping"": ""2026-06-15 20:20:13"", ""niveau_urgence"": 0, ""ecarte_legacy"": 0, ""ia_opportunite"": 35, ""ia_signaux"": ""erafrance.com = réseau ERA - grand compte"", ""ia_reco"": ""a_verifier""}",,2026-09-16T16:27:35,legacy_maps,8548,+33481654440,"{""created_at"": ""2026-09-14T14:46:35"", ""source"": ""legacy_maps""}",144,Agence immobilière ERA Jean Macé LYON,qualifie,Lyon,,Agence immobilière ERA Jean Macé LYON,https://www.erafrance.com/agence-immobiliere-lyon-7-245
1158,,2026-09-14T14:46:35,,4.1,,0,"
136 Av. des Frères Lumière, 69008 Lyon, France",1,"{""legacy_id"": 1516, ""legacy_table"": ""leads_bruts"", ""campaign_legacy_id"": 12, ""source_legacy"": ""maps"", ""statut_legacy"": ""en_attente"", ""mot_cle"": ""agence immobilière"", ""lien_maps"": ""https://www.google.com/maps/place/Agence+immobili%C3%A8re+Lafor%C3%AAt+Lyon+8/data=!4m7!3m6!1s0x47f4c1dfd32f40d5:0x122cab75db24fcf7!8m2!3d45.7438028!4d4.8710898!16s%2Fg%2F1td9pwpc!19sChIJ1UAv09_B9EcR9_wk23WrLBI?authuser=0&hl=fr&rclk=1"", ""pays"": ""fr"", ""date_scraping"": ""2026-06-15 20:20:13"", ""niveau_urgence"": 0, ""ecarte_legacy"": 0, ""ia_opportunite"": 35, ""ia_signaux"": ""laforet.com = réseau Laforêt - grand compte"", ""ia_reco"": ""a_verifier""}",,2026-09-16T16:27:35,legacy_maps,8547,+33478012526,"{""created_at"": ""2026-09-14T14:46:35"", ""source"": ""legacy_maps""}",144,Agence immobilière Laforêt Lyon 8,qualifie,Lyon,,Agence immobilière Laforêt Lyon 8,https://www.laforet.com/agence-immobiliere/lyon8?utm_source=google&utm_medium=mybusiness
856,,2026-09-14T14:46:35,45,4.8,,0,"
25 Rue Frère Benoît, 69009 Lyon, France",0,"{""legacy_id"": 1515, ""legacy_table"": ""leads_bruts"", ""campaign_legacy_id"": 12, ""source_legacy"": ""maps"", ""statut_legacy"": ""en_attente"", ""mot_cle"": ""agence immobilière"", ""lien_maps"": ""https://www.google.com/maps/place/Agence+immobili%C3%A8re+Lyon+MS+PRESTIGE+IMMOBILIER/data=!4m7!3m6!1s0x47f4eb265de406ff:0x8f8aeb0ac50009a5!8m2!3d45.7654255!4d4.7947094!16s%2Fg%2F11n08bnf4x!19sChIJ_wbkXSbr9EcRpQkAxQrrio8?authuser=0&hl=fr&rclk=1"", ""pays"": ""fr"", ""date_scraping"": ""2026-06-15 20:20:13"", ""niveau_urgence"": 0, ""ecarte_legacy"": 0, ""ia_score"": 45, ""ia_opportunite"": 3, ""ia_signaux"": ""non_responsive(+40); no_favicon(+5)"", ""ia_reco"": ""a_contacter""}",,2026-09-17T12:02:04,legacy_maps,8546,+33619842011,"{""created_at"": ""2026-09-14T14:46:35"", ""source"": ""legacy_maps""}",143,Agence immobilière Lyon MS PRESTIGE IMMOBILIER,qualifie,Lyon,,Agence immobilière Lyon MS PRESTIGE IMMOBILIER,https://www.msprestigeimmobilier.fr/
845,,2026-09-14T14:46:35,15,4.8,,0,"
7 Rue Professeur Rollet, 69008 Lyon, France",0,"{""legacy_id"": 1514, ""legacy_table"": ""leads_bruts"", ""campaign_legacy_id"": 12, ""source_legacy"": ""maps"", ""statut_legacy"": ""en_attente"", ""mot_cle"": ""agence immobilière"", ""lien_maps"": ""https://www.google.com/maps/place/Agence+immobili%C3%A8re+Cime+Transactions+Lyon/data=!4m7!3m6!1s0x47f4eaf79ecf8fa3:0x364d2068cb56c25f!8m2!3d45.7480639!4d4.8614494!16s%2Fg%2F1tf576_7!19sChIJo4_Pnvfq9EcRX8JWy2ggTTY?authuser=0&hl=fr&rclk=1"", ""pays"": ""fr"", ""date_scraping"": ""2026-06-15 20:20:13"", ""niveau_urgence"": 0, ""ecarte_legacy"": 0, ""ia_score"": 15, ""ia_opportunite"": 1, ""ia_signaux"": ""pas_https(+15)""}",,2026-09-17T12:02:04,legacy_maps,8545,+33627281348,"{""created_at"": ""2026-09-14T14:46:35"", ""source"": ""legacy_maps""}",146,Agence immobilière Cime Transactions Lyon,qualifie,Lyon,,Agence immobilière Cime Transactions Lyon,http://www.cime-transactions.com/fr/
1704,,2026-09-14T14:46:35,,4.1,,0,"
125 Rue Garibaldi, 69006 Lyon, France",1,"{""legacy_id"": 1513, ""legacy_table"": ""leads_bruts"", ""campaign_legacy_id"": 12, ""source_legacy"": ""maps"", ""statut_legacy"": ""en_attente"", ""mot_cle"": ""agence immobilière"", ""lien_maps"": ""https://www.google.com/maps/place/Agence+Immobili%C3%A8re+Lyon+-+Citya+Gerimmo-Gambetta/data=!4m7!3m6!1s0x47f4eaee32060769:0xe469486b433a517e!8m2!3d45.7639705!4d4.8516833!16s%2Fg%2F11byl8f7zq!19sChIJaQcGMu7q9EcRflE6Q2tIaeQ?authuser=0&hl=fr&rclk=1"", ""pays"": ""fr"", ""date_scraping"": ""2026-06-15 20:20:13"", ""niveau_urgence"": 0, ""ecarte_legacy"": 0, ""ia_opportunite"": 35, ""ia_signaux"": ""citya.com = réseau Citya - grand compte"", ""ia_reco"": ""a_verifier""}",,2026-09-16T16:27:35,legacy_maps,8544,+33472812850,"{""created_at"": ""2026-09-14T14:46:35"", ""source"": ""legacy_maps""}",144,Agence Immobilière Lyon - Citya Gerimmo-Gambetta,qualifie,Lyon,,Agence Immobilière Lyon - Citya Gerimmo-Gambetta,https://www.citya.com/agences-immobilieres/lyon-6e-arrondissement-69006/620?utm_campaign=lyon_6e_arrondissement&utm_medium=gmb&utm_source=google
85,,2026-09-14T14:46:35,,5.0,,0,"
31 Cr Lafayette, 69006 Lyon, France",0,"{""legacy_id"": 1512, ""legacy_table"": ""leads_bruts"", ""campaign_legacy_id"": 12, ""source_legacy"": ""maps"", ""statut_legacy"": ""en_attente"", ""mot_cle"": ""agence immobilière"", ""lien_maps"": ""https://www.google.com/maps/place/CENTURY+21+RIVE+GAUCHE+%7C+Agence+immobili%C3%A8re+%C3%A0+Lyon+6%C3%A8me/data=!4m7!3m6!1s0x47f4eb79520cfa31:0xe687ef8f1acce012!8m2!3d45.7637078!4d4.8465854!16s%2Fg%2F11jygk7b9n!19sChIJMfoMUnnr9EcREuDMGo_vh-Y?authuser=0&hl=fr&rclk=1"", ""pays"": ""fr"", ""date_scraping"": ""2026-06-15 20:20:13"", ""niveau_urgence"": 0, ""ecarte_legacy"": 0, ""ia_opportunite"": 35, ""ia_signaux"": ""century21.com = réseau Century 21 - grand compte"", ""ia_reco"": ""a_verifier""}",,2026-09-17T12:02:04,legacy_maps,8543,+33481062299,"{""created_at"": ""2026-09-14T14:46:35"", ""source"": ""legacy_maps""}",144,CENTURY 21 RIVE GAUCHE | Agence immobilière à Lyon 6ème,qualifie,Lyon,,CENTURY 21 RIVE GAUCHE | Agence immobilière à Lyon 6ème,http://www.century21-rg-lyon-6.com/?utm_source=google_business&utm_medium=bouton_fiche_agence&utm_campaign=century-21-rive-gauche
91058,,2026-09-14T14:46:35,,2.9,,0,"
119 Av. Maréchal de Saxe, 69003 Lyon, France",1,"{""legacy_id"": 1511, ""legacy_table"": ""leads_bruts"", ""campaign_legacy_id"": 12, ""source_legacy"": ""maps"", ""statut_legacy"": ""en_attente"", ""mot_cle"": ""agence immobilière"", ""lien_maps"": ""https://www.google.com/maps/place/FONCIA+%7C+Agence+Immobili%C3%A8re+%7C+Location-Syndic-Gestion+Locative+%7C+Lyon+%7C+Av.+Marechal+de+Saxe/data=!4m7!3m6!1s0x47f4ebfd722e8323:0x268a425d40aabba4!8m2!3d45.757813!4d4.846171!16s%2Fg%2F11s4chgm04!19sChIJI4Mucv3r9EcRpLuqQF1CiiY?authuser=0&hl=fr&rclk=1"", ""pays"": ""fr"", ""date_scraping"": ""2026-06-15 20:19:26"", ""niveau_urgence"": 0, ""ecarte_legacy"": 0, ""ia_opportunite"": 35, ""ia_signaux"": ""foncia.com = réseau Foncia - grand compte"", ""ia_reco"": ""a_verifier""}",,2026-09-16T16:27:35,legacy_maps,8542,+33437482000,"{""created_at"": ""2026-09-14T14:46:35"", ""source"": ""legacy_maps""}",144,FONCIA | Agence Immobilière | Location-Syndic-Gestion Locative | Lyon | Av. Marechal de Saxe,qualifie,Lyon,,FONCIA | Agence Immobilière | Location-Syndic-Gestion Locative | Lyon | Av. Marechal de Saxe,https://fr.foncia.com/agence-immobiliere/lyon-69003/agence-immobiliere/foncia-bouvet-bonnamour-6527
969,,2026-09-14T14:46:35,,3.9,,0,"
39 ter Rue de Marseille, 69007 Lyon, France",1,"{""legacy_id"": 1509, ""legacy_table"": ""leads_bruts"", ""campaign_legacy_id"": 12, ""source_legacy"": ""maps"", ""statut_legacy"": ""en_attente"", ""mot_cle"": ""agence immobilière"", ""lien_maps"": ""https://www.google.com/maps/place/Agence+Sixi%C3%A8me+Avenue+Immobilier+-+Lyon+7e+%2F+2e/data=!4m7!3m6!1s0x47f4ea45c3fcb5f3:0xbfd03156ca385702!8m2!3d45.7499731!4d4.8390959!16s%2Fg%2F11c0vygf6y!19sChIJ87X8w0Xq9EcRAlc4ylYx0L8?authuser=0&hl=fr&rclk=1"", ""pays"": ""fr"", ""date_scraping"": ""2026-06-15 20:19:26"", ""niveau_urgence"": 0, ""ecarte_legacy"": 0, ""ia_opportunite"": 35, ""ia_signaux"": ""sixiemeavenue.com = réseau Sixième Avenue - grand compte"", ""ia_reco"": ""a_verifier""}",,2026-09-16T16:27:35,legacy_maps,8540,+33472720806,"{""created_at"": ""2026-09-14T14:46:35"", ""source"": ""legacy_maps""}",144,Agence Sixième Avenue Immobilier - Lyon 7e / 2e,qualifie,Lyon,,Agence Sixième Avenue Immobilier - Lyon 7e / 2e,https://www.sixiemeavenue.com/agences/lyon7/
1014,,2026-09-14T14:46:35,,4.0,,0,"
5 Cr Bayard, 69002 Lyon, France",1,"{""legacy_id"": 1506, ""legacy_table"": ""leads_bruts"", ""campaign_legacy_id"": 12, ""source_legacy"": ""maps"", ""statut_legacy"": ""en_attente"", ""mot_cle"": ""agence immobilière"", ""lien_maps"": ""https://www.google.com/maps/place/Agence+Immobili%C3%A8re+Lyon+-+Citya+Barioz/data=!4m7!3m6!1s0x47f4ea8afb41d03b:0x5808fedb5d6f329d!8m2!3d45.744676!4d4.8204842!16s%2Fg%2F11bcf311n1!19sChIJO9BB-4rq9EcRnTJvXdv-CFg?authuser=0&hl=fr&rclk=1"", ""pays"": ""fr"", ""date_scraping"": ""2026-06-15 20:19:26"", ""niveau_urgence"": 0, ""ecarte_legacy"": 0, ""ia_opportunite"": 35, ""ia_signaux"": ""citya.com = réseau Citya - grand compte"", ""ia_reco"": ""a_verifier""}",,2026-09-16T16:27:35,legacy_maps,8537,+33472757070,"{""created_at"": ""2026-09-14T14:46:35"", ""source"": ""legacy_maps""}",144,Agence Immobilière Lyon - Citya Barioz,qualifie,Lyon,,Agence Immobilière Lyon - Citya Barioz,https://www.citya.com/nous-contacter/323?
241,,2026-09-14T14:46:35,,5.0,,0,"
15 Pl. Docteurs Charles et Christophe Mérieux, 69007 Lyon, France",0,"{""legacy_id"": 1505, ""legacy_table"": ""leads_bruts"", ""campaign_legacy_id"": 12, ""source_legacy"": ""maps"", ""statut_legacy"": ""en_attente"", ""mot_cle"": ""agence immobilière"", ""lien_maps"": ""https://www.google.com/maps/place/Agence+immobili%C3%A8re+Guy+Hoquet+LYON+7+Sud/data=!4m7!3m6!1s0x47f4eb049b1596dd:0xc338f860d87d0f3a!8m2!3d45.7323925!4d4.8260352!16s%2Fg%2F11pylm525v!19sChIJ3ZYVmwTr9EcROg992GD4OMM?authuser=0&hl=fr&rclk=1"", ""pays"": ""fr"", ""date_scraping"": ""2026-06-15 20:19:26"", ""niveau_urgence"": 0, ""ecarte_legacy"": 0, ""ia_opportunite"": 35, ""ia_signaux"": ""guy-hoquet.com = réseau Guy Hoquet - grand compte"", ""ia_reco"": ""a_verifier""}",,2026-09-17T12:02:04,legacy_maps,8536,+33472200207,"{""created_at"": ""2026-09-14T14:46:35"", ""source"": ""legacy_maps""}",144,Agence immobilière Guy Hoquet LYON 7 Sud,qualifie,Lyon,,Agence immobilière Guy Hoquet LYON 7 Sud,https://lyon-7-sud.guy-hoquet.com/
3121,,2026-09-14T14:46:35,25,3.3,,0,"
165 Rte de Vienne, 69008 Lyon, France",0,"{""legacy_id"": 1483, ""legacy_table"": ""leads_bruts"", ""campaign_legacy_id"": 12, ""source_legacy"": ""maps"", ""statut_legacy"": ""en_attente"", ""mot_cle"": ""agence immobilière"", ""lien_maps"": ""https://www.google.com/maps/place/NOTRE+AGENCE+IMMO/data=!4m7!3m6!1s0x47f4ea1a7d100001:0xed0c061d8a46da0c!8m2!3d45.734101!4d4.853838!16s%2Fg%2F11gd215m_z!19sChIJAQAQfRrq9EcRDNpGih0GDO0?authuser=0&hl=fr&rclk=1"", ""pays"": ""fr"", ""date_scraping"": ""2026-06-15 20:18:45"", ""niveau_urgence"": 0, ""ecarte_legacy"": 0, ""ia_score"": 25, ""ia_opportunite"": 2, ""ia_signaux"": ""pas_https(+15); no_favicon(+5); no_og(+5)"", ""ia_reco"": ""a_verifier""}",,2026-09-17T12:02:04,legacy_maps,8516,+33472763344,"{""created_at"": ""2026-09-14T14:46:35"", ""source"": ""legacy_maps""}",144,NOTRE AGENCE IMMO,qualifie,Lyon,,NOTRE AGENCE IMMO,http://notreagenceimmo.com/
5141,,2026-09-14T14:46:35,,2.5,,0,"
31 Rue Louis Guérin, 69100 Villeurbanne, France",0,"{""legacy_id"": 1482, ""legacy_table"": ""leads_bruts"", ""campaign_legacy_id"": 12, ""source_legacy"": ""maps"", ""statut_legacy"": ""en_attente"", ""mot_cle"": ""agence immobilière"", ""lien_maps"": ""https://www.google.com/maps/place/SEMCODA+-+Agence+Lyonnaise/data=!4m7!3m6!1s0x47f4ea96cc485185:0x7c55c5b690b310ee!8m2!3d45.7772638!4d4.8604309!16s%2Fg%2F1tczv8r2!19sChIJhVFIzJbq9EcR7hCzkLbFVXw?authuser=0&hl=fr&rclk=1"", ""pays"": ""fr"", ""date_scraping"": ""2026-06-15 20:18:45"", ""niveau_urgence"": 0, ""ecarte_legacy"": 0, ""ia_opportunite"": 35, ""ia_signaux"": ""semcoda.com = bailleur social (SEMCODA) - grand compte"", ""ia_reco"": ""a_verifier""}",,2026-09-17T12:02:04,legacy_maps,8515,+33478932192,"{""created_at"": ""2026-09-14T14:46:35"", ""source"": ""legacy_maps""}",144,SEMCODA - Agence Lyonnaise,qualifie,Lyon,,SEMCODA - Agence Lyonnaise,https://www.semcoda.com/espaces-accueil/agence-lyonnaise
130,,2026-09-14T14:46:35,,3.0,,0,"
2 Pl. Ambroise Courtois, 69008 Lyon, France",1,"{""legacy_id"": 1475, ""legacy_table"": ""leads_bruts"", ""campaign_legacy_id"": 12, ""source_legacy"": ""maps"", ""statut_legacy"": ""en_attente"", ""mot_cle"": ""agence immobilière"", ""lien_maps"": ""https://www.google.com/maps/place/FONCIA+%7C+Agence+Immobili%C3%A8re+%7C+Achat-Vente+%7C+Lyon+%7C+Pl.+Ambroise+Courtois/data=!4m7!3m6!1s0x47f4c1dfad316fe9:0x9cd6b792f60b3711!8m2!3d45.74496!4d4.87175!16s%2Fg%2F1tjt18nz!19sChIJ6W8xrd_B9EcRETcL9pK31pw?authuser=0&hl=fr&rclk=1"", ""pays"": ""fr"", ""date_scraping"": ""2026-06-15 20:18:44"", ""niveau_urgence"": 0, ""ecarte_legacy"": 0, ""ia_opportunite"": 35, ""ia_signaux"": ""foncia.com = réseau Foncia - grand compte"", ""ia_reco"": ""a_verifier""}",,2026-09-16T16:27:35,legacy_maps,8509,+33420983119,"{""created_at"": ""2026-09-14T14:46:35"", ""source"": ""legacy_maps""}",144,FONCIA | Agence Immobilière | Achat-Vente | Lyon | Pl. Ambroise Courtois,qualifie,Lyon,,FONCIA | Agence Immobilière | Achat-Vente | Lyon | Pl. Ambroise Courtois,https://fr.foncia.com/agence-immobiliere/lyon-69008/agence-immobiliere/foncia-transaction-lyon-8eme-1689
4605,,2026-09-14T14:46:35,,3.4,,0,"
132 Cr Charlemagne, 69002 Lyon, France",1,"{""legacy_id"": 1474, ""legacy_table"": ""leads_bruts"", ""campaign_legacy_id"": 12, ""source_legacy"": ""maps"", ""statut_legacy"": ""en_attente"", ""mot_cle"": ""agence immobilière"", ""lien_maps"": ""https://www.google.com/maps/place/FONCIA+%7C+Agence+Immobili%C3%A8re+%7C+Syndic-Gestion+Locative+%7C+Lyon+%7C+Cours+Charlemagne/data=!4m7!3m6!1s0x47f4eb39b61c31e1:0x66ba96bbecabb862!8m2!3d45.73957!4d4.81809!16s%2Fg%2F11j8zfyc48!19sChIJ4TEctjnr9EcRYrir7LuWumY?authuser=0&hl=fr&rclk=1"", ""pays"": ""fr"", ""date_scraping"": ""2026-06-15 21:18:45"", ""niveau_urgence"": 0, ""ecarte_legacy"": 0, ""ia_opportunite"": 35, ""ia_signaux"": ""foncia.com = réseau Foncia - grand compte"", ""ia_reco"": ""a_verifier""}",,2026-09-16T16:27:35,legacy_maps,8508,+33472562552,"{""created_at"": ""2026-09-14T14:46:35"", ""source"": ""legacy_maps""}",144,FONCIA | Agence Immobilière | Syndic-Gestion Locative | Lyon | Cours Charlemagne,qualifie,Lyon,,FONCIA | Agence Immobilière | Syndic-Gestion Locative | Lyon | Cours Charlemagne,https://fr.foncia.com/agence-immobiliere/lyon-69002/agence-immobiliere/foncia-confluence-3533
571,,2026-09-14T14:46:35,,4.5,,0,"
38 Rue Professeur Weill, 69006 Lyon, France",0,"{""legacy_id"": 1472, ""legacy_table"": ""leads_bruts"", ""campaign_legacy_id"": 12, ""source_legacy"": ""maps"", ""statut_legacy"": ""en_attente"", ""mot_cle"": ""agence immobilière"", ""lien_maps"": ""https://www.google.com/maps/place/Agence+Nestenn+Immobilier+Lyon+6/data=!4m7!3m6!1s0x47f4ea8bfda8999b:0x4704a8888337e18f!8m2!3d45.7672503!4d4.8564749!16s%2Fg%2F1v_w1qhr!19sChIJm5mo_Yvq9EcRj-E3g4ioBEc?authuser=0&hl=fr&rclk=1"", ""pays"": ""fr"", ""date_scraping"": ""2026-06-15 20:18:44"", ""niveau_urgence"": 0, ""ecarte_legacy"": 0, ""ia_opportunite"": 35, ""ia_signaux"": ""nestenn.com = réseau Nestenn - grand compte"", ""ia_reco"": ""a_verifier""}",,2026-09-17T12:02:04,legacy_maps,8506,+33472830511,"{""created_at"": ""2026-09-14T14:46:35"", ""source"": ""legacy_maps""}",144,Agence Nestenn Immobilier Lyon 6,qualifie,Lyon,,Agence Nestenn Immobilier Lyon 6,https://immobilier-lyon.nestenn.com/
797,,2026-09-14T14:46:35,,4.7,,0,"
69 Rue de Trion, 69005 Lyon, France",1,"{""legacy_id"": 1471, ""legacy_table"": ""leads_bruts"", ""campaign_legacy_id"": 12, ""source_legacy"": ""maps"", ""statut_legacy"": ""en_attente"", ""mot_cle"": ""agence immobilière"", ""lien_maps"": ""https://www.google.com/maps/place/Orpi+Agence+de+la+place+lyon/data=!4m7!3m6!1s0x47f4eba4fee8db9f:0x1d814d1cb3be4f4a!8m2!3d45.7574059!4d4.8147796!16s%2Fg%2F1vqtg439!19sChIJn9vo_qTr9EcRSk--sxxNgR0?authuser=0&hl=fr&rclk=1"", ""pays"": ""fr"", ""date_scraping"": ""2026-06-15 20:18:44"", ""niveau_urgence"": 0, ""ecarte_legacy"": 0, ""ia_opportunite"": 35, ""ia_signaux"": ""orpi.com = réseau ORPI - grand compte"", ""ia_reco"": ""a_verifier""}",,2026-09-16T16:27:35,legacy_maps,8505,+33437460000,"{""created_at"": ""2026-09-14T14:46:35"", ""source"": ""legacy_maps""}",144,Orpi Agence de la place lyon,qualifie,Lyon,,Orpi Agence de la place lyon,https://www.orpi.com/adlp/nous-contacter/
2876,,2026-09-14T14:46:35,,3.2,,0,"
264 Rue Garibaldi, 69003 Lyon, France",0,"{""legacy_id"": 1470, ""legacy_table"": ""leads_bruts"", ""campaign_legacy_id"": 12, ""source_legacy"": ""maps"", ""statut_legacy"": ""en_attente"", ""mot_cle"": ""agence immobilière"", ""lien_maps"": ""https://www.google.com/maps/place/FONCIA+%7C+Agence+Immobili%C3%A8re+%7C+Gestion+Locative+-+Syndic+-+Location+%7C+Lyon+%7C+R.+Garibaldi/data=!4m7!3m6!1s0x47f4ebd84457b5ff:0x9b584f381c33e64d!8m2!3d45.75391!4d4.85321!16s%2Fg%2F11ll7ds0yp!19sChIJ_7VXRNjr9EcRTeYzHDhPWJs?authuser=0&hl=fr&rclk=1"", ""pays"": ""fr"", ""date_scraping"": ""2026-06-15 21:18:45"", ""niveau_urgence"": 0, ""ecarte_legacy"": 0, ""ia_opportunite"": 35, ""ia_signaux"": ""foncia.com = réseau Foncia - grand compte"", ""ia_reco"": ""a_verifier""}",,2026-09-17T12:02:04,legacy_maps,8504,+33472845212,"{""created_at"": ""2026-09-14T14:46:35"", ""source"": ""legacy_maps""}",144,FONCIA | Agence Immobilière | Gestion Locative - Syndic - Location | Lyon | R. Garibaldi,qualifie,Lyon,,FONCIA | Agence Immobilière | Gestion Locative - Syndic - Location | Lyon | R. Garibaldi,https://fr.foncia.com/agence-immobiliere/lyon-69003/agence-immobiliere/foncia-saint-louis-5110
445,,2026-09-14T14:46:35,,4.4,,0,"
30 Rue Auguste Comte, 69002 Lyon, France",0,"{""legacy_id"": 1469, ""legacy_table"": ""leads_bruts"", ""campaign_legacy_id"": 12, ""source_legacy"": ""maps"", ""statut_legacy"": ""en_attente"", ""mot_cle"": ""agence immobilière"", ""lien_maps"": ""https://www.google.com/maps/place/Groupe+Mercure+-+Agence+Lyon-Rh%C3%B4ne+Alpes/data=!4m7!3m6!1s0x47f4ea4d81233bd9:0x2f3079bdb61cf13e!8m2!3d45.7544781!4d4.8307749!16s%2Fg%2F1tdd95sc!19sChIJ2TsjgU3q9EcRPvEctr15MC8?authuser=0&hl=fr&rclk=1"", ""pays"": ""fr"", ""date_scraping"": ""2026-06-15 20:18:44"", ""niveau_urgence"": 0, ""ecarte_legacy"": 0, ""ia_opportunite"": 35, ""ia_signaux"": ""groupe-mercure.fr = réseau Groupe Mercure - grand compte"", ""ia_reco"": ""a_verifier""}",,2026-09-17T12:02:04,legacy_maps,8503,+33478429492,"{""created_at"": ""2026-09-14T14:46:35"", ""source"": ""legacy_maps""}",144,Groupe Mercure - Agence Lyon-Rhône Alpes,qualifie,Lyon,,Groupe Mercure - Agence Lyon-Rhône Alpes,https://www.groupe-mercure.fr/agences/agence-mercure-lyon-rhone-alpes/
7111,,2026-09-14T14:46:35,,4.7,,0,"
17 Rue de Belfort, 69004 Lyon, France",0,"{""legacy_id"": 1467, ""legacy_table"": ""leads_bruts"", ""campaign_legacy_id"": 12, ""source_legacy"": ""maps"", ""statut_legacy"": ""en_attente"", ""mot_cle"": ""agence immobilière"", ""lien_maps"": ""https://www.google.com/maps/place/Agence+Nestenn+Immobilier+Croix-Rousse,+Presqu%E2%80%99%C3%AEle+et+Caluire+et+Cuire/data=!4m7!3m6!1s0x47f4eae3ceedf5f3:0xd5b5ceb798723f25!8m2!3d45.7773412!4d4.8348166!16s%2Fg%2F1tfcskwf!19sChIJ8_XtzuPq9EcRJT9ymLfOtdU?authuser=0&hl=fr&rclk=1"", ""pays"": ""fr"", ""date_scraping"": ""2026-06-15 20:18:44"", ""niveau_urgence"": 0, ""ecarte_legacy"": 0, ""ia_opportunite"": 35, ""ia_signaux"": ""nestenn.com = réseau Nestenn - grand compte"", ""ia_reco"": ""a_verifier""}",,2026-09-17T12:02:04,legacy_maps,8501,+33482533509,"{""created_at"": ""2026-09-14T14:46:35"", ""source"": ""legacy_maps""}",144,"Agence Nestenn Immobilier Croix-Rousse, Presqu’île et Caluire et Cuire",qualifie,Lyon,,"Agence Nestenn Immobilier Croix-Rousse, Presqu’île et Caluire et Cuire",https://immobilier-lyon4.nestenn.com/
370,,2026-09-14T14:46:35,,4.3,,0,"
131 Cr Émile-Zola, 69100 Villeurbanne, France",1,"{""legacy_id"": 1464, ""legacy_table"": ""leads_bruts"", ""campaign_legacy_id"": 12, ""source_legacy"": ""maps"", ""statut_legacy"": ""en_attente"", ""mot_cle"": ""agence immobilière"", ""lien_maps"": ""https://www.google.com/maps/place/Agence+immobili%C3%A8re+Lafor%C3%AAt+Villeurbanne/data=!4m7!3m6!1s0x47f4c0285ce3a9bd:0x9fe7ee7a00ed6142!8m2!3d45.7703795!4d4.8757522!16s%2Fg%2F1tcxtl87!19sChIJvanjXCjA9EcRQmHtAHru558?authuser=0&hl=fr&rclk=1"", ""pays"": ""fr"", ""date_scraping"": ""2026-06-15 20:18:44"", ""niveau_urgence"": 0, ""ecarte_legacy"": 0, ""ia_opportunite"": 35, ""ia_signaux"": ""laforet.com = réseau Laforêt - grand compte"", ""ia_reco"": ""a_verifier""}",,2026-09-16T16:27:35,legacy_maps,8498,+33478687878,"{""created_at"": ""2026-09-14T14:46:35"", ""source"": ""legacy_maps""}",144,Agence immobilière Laforêt Villeurbanne,qualifie,Lyon,,Agence immobilière Laforêt Villeurbanne,https://www.laforet.com/agence-immobiliere/villeurbanne-republique?utm_source=google&utm_medium=mybusiness
110,,2026-09-14T14:46:35,0,5.0,,0,"
16 Rue du Commandant Faurax, 69006 Lyon, France",0,"{""legacy_id"": 1458, ""legacy_table"": ""leads_bruts"", ""campaign_legacy_id"": 12, ""source_legacy"": ""maps"", ""statut_legacy"": ""en_attente"", ""mot_cle"": ""agence immobilière"", ""lien_maps"": ""https://www.google.com/maps/place/Agence+Immobili%C3%A8re+YOUR+Immobilier+Neuf/data=!4m7!3m6!1s0x47f4eb33e9850c55:0x4e434727f3aa89bc!8m2!3d45.7751835!4d4.8451166!16s%2Fg%2F11kbz36dh8!19sChIJVQyF6TPr9EcRvImq8ydHQ04?authuser=0&hl=fr&rclk=1"", ""pays"": ""fr"", ""date_scraping"": ""2026-06-15 20:18:44"", ""niveau_urgence"": 0, ""ecarte_legacy"": 0, ""ia_score"": 0, ""ia_opportunite"": 1, ""ia_signaux"": ""Site moderne""}",,2026-09-17T12:02:04,legacy_maps,8492,+33698561383,"{""created_at"": ""2026-09-14T14:46:35"", ""source"": ""legacy_maps""}",146,Agence Immobilière YOUR Immobilier Neuf,qualifie,Lyon,,Agence Immobilière YOUR Immobilier Neuf,https://www.yourimmobilier.com/
8110,,2026-09-14T14:46:35,,4.8,,0,"
119 Bd de la Croix-Rousse, 69004 Lyon, France",0,"{""legacy_id"": 1456, ""legacy_table"": ""leads_bruts"", ""campaign_legacy_id"": 12, ""source_legacy"": ""maps"", ""statut_legacy"": ""en_attente"", ""mot_cle"": ""agence immobilière"", ""lien_maps"": ""https://www.google.com/maps/place/Guy+Hoquet+LYON+4+agence+immobili%C3%A8re+du+plateau/data=!4m7!3m6!1s0x47f4eb1cb9e8aca1:0xd35829ddfd4d0f46!8m2!3d45.774341!4d4.826906!16s%2Fg%2F1tf5j_2r!19sChIJoazouRzr9EcRRg9N_d0pWNM?authuser=0&hl=fr&rclk=1"", ""pays"": ""fr"", ""date_scraping"": ""2026-06-15 20:18:44"", ""niveau_urgence"": 0, ""ecarte_legacy"": 0, ""ia_opportunite"": 35, ""ia_signaux"": ""guy-hoquet.com = réseau Guy Hoquet - grand compte"", ""ia_reco"": ""a_verifier""}",,2026-09-17T12:02:04,legacy_maps,8490,+33472074600,"{""created_at"": ""2026-09-14T14:46:35"", ""source"": ""legacy_maps""}",144,Guy Hoquet LYON 4 agence immobilière du plateau,qualifie,Lyon,,Guy Hoquet LYON 4 agence immobilière du plateau,https://lyon-4.guy-hoquet.com/
482,,2026-09-14T14:46:35,,4.4,,0,"
51 bis Av. Lacassagne, 69003 Lyon, France",1,"{""legacy_id"": 1454, ""legacy_table"": ""leads_bruts"", ""campaign_legacy_id"": 12, ""source_legacy"": ""maps"", ""statut_legacy"": ""en_attente"", ""mot_cle"": ""agence immobilière"", ""lien_maps"": ""https://www.google.com/maps/place/Agence+immobili%C3%A8re+l%27Adresse+Lyon+3/data=!4m7!3m6!1s0x47f4ea77f5fb7e45:0xdfba03bd63402745!8m2!3d45.7530176!4d4.8697812!16s%2Fg%2F1tf9s51_!19sChIJRX779Xfq9EcRRSdAY70Dut8?authuser=0&hl=fr&rclk=1"", ""pays"": ""fr"", ""date_scraping"": ""2026-06-15 20:18:43"", ""niveau_urgence"": 0, ""ecarte_legacy"": 0, ""ia_opportunite"": 35, ""ia_signaux"": ""ladresse.com = réseau L'Adresse - grand compte"", ""ia_reco"": ""a_verifier""}",,2026-09-16T16:27:35,legacy_maps,8488,+33472686521,"{""created_at"": ""2026-09-14T14:46:35"", ""source"": ""legacy_maps""}",144,Agence immobilière l'Adresse Lyon 3,qualifie,Lyon,,Agence immobilière l'Adresse Lyon 3,https://www.ladresse.com/agence/l-adresse-lyon/350?utm_source=gmb
8528,,2026-09-14T14:46:35,,3.8,,0,"
42 Rue de l'Université, 69007 Lyon, France",1,"{""legacy_id"": 1453, ""legacy_table"": ""leads_bruts"", ""campaign_legacy_id"": 12, ""source_legacy"": ""maps"", ""statut_legacy"": ""en_attente"", ""mot_cle"": ""agence immobilière"", ""lien_maps"": ""https://www.google.com/maps/place/Agence+Immobili%C3%A8re+Lyon+-+Citya+Bourguignon+Palluat/data=!4m7!3m6!1s0x47f4ea587864b383:0xd7dce8ca141f844e!8m2!3d45.748674!4d4.842569!16s%2Fg%2F1wn_5g63!19sChIJg7NkeFjq9EcRToQfFMro3Nc?authuser=0&hl=fr&rclk=1"", ""pays"": ""fr"", ""date_scraping"": ""2026-06-15 20:14:34"", ""niveau_urgence"": 0, ""ecarte_legacy"": 0, ""ia_opportunite"": 35, ""ia_signaux"": ""citya.com = réseau Citya - grand compte"", ""ia_reco"": ""a_verifier""}",,2026-09-16T16:27:35,legacy_maps,8487,+33472823960,"{""created_at"": ""2026-09-14T14:46:35"", ""source"": ""legacy_maps""}",144,Agence Immobilière Lyon - Citya Bourguignon Palluat,qualifie,Lyon,,Agence Immobilière Lyon - Citya Bourguignon Palluat,https://www.citya.com/nous-contacter/326?
30,,2026-09-14T14:46:35,20,4.0,,0,"
2 Rue Guynemer, 69002 Lyon, France",0,"{""legacy_id"": 1451, ""legacy_table"": ""leads_bruts"", ""campaign_legacy_id"": 12, ""source_legacy"": ""maps"", ""statut_legacy"": ""en_attente"", ""mot_cle"": ""agence immobilière"", ""lien_maps"": ""https://www.google.com/maps/place/Agence+Centrale+-+Agence+Immobili%C3%A8re+Lyon,+Gestion+Locative,+Syndic,+Locations,+Ventes/data=!4m7!3m6!1s0x47f4ebad4198303f:0x211858b467923eb6!8m2!3d45.755811!4d4.827181!16s%2Fg%2F1tgh6xtl!19sChIJPzCYQa3r9EcRtj6SZ7RYGCE?authuser=0&hl=fr&rclk=1"", ""pays"": ""fr"", ""date_scraping"": ""2026-06-15 20:14:34"", ""niveau_urgence"": 0, ""ecarte_legacy"": 0, ""ia_score"": 20, ""ia_opportunite"": 2, ""ia_signaux"": ""pas_https(+15); no_favicon(+5)"", ""ia_reco"": ""a_verifier""}",,2026-09-17T12:02:04,legacy_maps,8486,+33472451919,"{""created_at"": ""2026-09-14T14:46:35"", ""source"": ""legacy_maps""}",144,"Agence Centrale - Agence Immobilière Lyon, Gestion Locative, Syndic, Locations, Ventes",qualifie,Lyon,,"Agence Centrale - Agence Immobilière Lyon, Gestion Locative, Syndic, Locations, Ventes",http://www.agencecentrale.eu/
3253,,2026-09-14T14:46:35,,4.3,,0,"
11 Quai du Général Sarrail, 69006 Lyon, France",1,"{""legacy_id"": 1450, ""legacy_table"": ""leads_bruts"", ""campaign_legacy_id"": 12, ""source_legacy"": ""maps"", ""statut_legacy"": ""en_attente"", ""mot_cle"": ""agence immobilière"", ""lien_maps"": ""https://www.google.com/maps/place/Espaces+Atypiques+Lyon+Sarrail+-+Agence+immobili%C3%A8re/data=!4m7!3m6!1s0x47f4eafe661f8533:0x4bc3b89befa63caa!8m2!3d45.7655346!4d4.8418018!16s%2Fg%2F1pp2wwp6t!19sChIJM4UfZv7q9EcRqjym75u4w0s?authuser=0&hl=fr&rclk=1"", ""pays"": ""fr"", ""date_scraping"": ""2026-06-15 20:13:36"", ""niveau_urgence"": 0, ""ecarte_legacy"": 0, ""ia_opportunite"": 35, ""ia_signaux"": ""espaces-atypiques.com = réseau Espaces Atypiques - grand compte"", ""ia_reco"": ""a_verifier""}",,2026-09-16T16:27:35,legacy_maps,8485,+33420981244,"{""created_at"": ""2026-09-14T14:46:35"", ""source"": ""legacy_maps""}",144,Espaces Atypiques Lyon Sarrail - Agence immobilière,qualifie,Lyon,,Espaces Atypiques Lyon Sarrail - Agence immobilière,https://www.espaces-atypiques.com/lyon/?utm_campaign=GoogleMyBusiness&utm_medium=Local&utm_source=Google
265,,2026-09-14T14:46:35,0,5.0,,0,"
66 Rue Cuvier, 69006 Lyon, France",0,"{""legacy_id"": 1448, ""legacy_table"": ""leads_bruts"", ""campaign_legacy_id"": 12, ""source_legacy"": ""maps"", ""statut_legacy"": ""en_attente"", ""mot_cle"": ""agence immobilière"", ""lien_maps"": ""https://www.google.com/maps/place/Quatuor+-+Agence+Immobili%C3%A8re+%C3%A0+commission+fixe+et+r%C3%A9duite+%C3%A0+Lyon+et+Villeurbanne+!/data=!4m7!3m6!1s0x25ddedfbb7f37063:0xfa5000d1347ef175!8m2!3d45.7669358!4d4.8470453!16s%2Fg%2F11tsp58cg1!19sChIJY3Dzt_vt3SURdfF-NNEAUPo?authuser=0&hl=fr&rclk=1"", ""pays"": ""fr"", ""date_scraping"": ""2026-06-15 20:13:36"", ""niveau_urgence"": 0, ""ecarte_legacy"": 0, ""ia_score"": 0, ""ia_opportunite"": 1, ""ia_signaux"": ""Site moderne""}",,2026-09-17T12:02:04,legacy_maps,8483,+33451420150,"{""created_at"": ""2026-09-14T14:46:35"", ""source"": ""legacy_maps""}",146,Quatuor - Agence Immobilière à commission fixe et réduite à Lyon et Villeurbanne !,qualifie,Lyon,,Quatuor - Agence Immobilière à commission fixe et réduite à Lyon et Villeurbanne !,https://www.quatuor.immo/
9316,,2026-09-14T14:46:35,,4.9,,0,"
227 Gd Rue de la Guillotière, 69007 Lyon, France",0,"{""legacy_id"": 1442, ""legacy_table"": ""leads_bruts"", ""campaign_legacy_id"": 12, ""source_legacy"": ""maps"", ""statut_legacy"": ""en_attente"", ""mot_cle"": ""agence immobilière"", ""lien_maps"": ""https://www.google.com/maps/place/Agence+PIETRAPOLIS+LYON+7eme/data=!4m7!3m6!1s0x47f4ea6c1ef00001:0x6dd0fab96570cdf7!8m2!3d45.7485977!4d4.8548768!16s%2Fg%2F11g8gct0z1!19sChIJAQDwHmzq9EcR981wZbn60G0?authuser=0&hl=fr&rclk=1"", ""pays"": ""fr"", ""date_scraping"": ""2026-06-15 20:13:36"", ""niveau_urgence"": 0, ""ecarte_legacy"": 0, ""ia_opportunite"": 35, ""ia_signaux"": ""pietrapolis.fr = réseau PietraPolis - grand compte"", ""ia_reco"": ""a_verifier""}",,2026-09-17T12:02:04,legacy_maps,8477,+33472763000,"{""created_at"": ""2026-09-14T14:46:35"", ""source"": ""legacy_maps""}",144,Agence PIETRAPOLIS LYON 7eme,qualifie,Lyon,,Agence PIETRAPOLIS LYON 7eme,"https://www.pietrapolis.fr/agence/pietrapolis-lyon-7-lyon-69007,5"
8134,,2026-09-14T14:46:35,0,4.8,,0,"
6 Quai Jean Moulin, 69001 Lyon, France",0,"{""legacy_id"": 1436, ""legacy_table"": ""leads_bruts"", ""campaign_legacy_id"": 12, ""source_legacy"": ""maps"", ""statut_legacy"": ""en_attente"", ""mot_cle"": ""agence immobilière"", ""lien_maps"": ""https://www.google.com/maps/place/APPART+%26+SENS+-+Agence+immobili%C3%A8re+responsable/data=!4m7!3m6!1s0x47f4ea4d651db90d:0xaa658b813cd37ac9!8m2!3d45.7671401!4d4.8377539!16s%2Fg%2F11g0hp1cf5!19sChIJDbkdZU3q9EcRyXrTPIGLZao?authuser=0&hl=fr&rclk=1"", ""pays"": ""fr"", ""date_scraping"": ""2026-06-15 20:13:35"", ""niveau_urgence"": 0, ""ecarte_legacy"": 0, ""ia_score"": 0, ""ia_opportunite"": 1, ""ia_signaux"": ""Site moderne""}",,2026-09-17T12:02:04,legacy_maps,8471,+33627126275,"{""created_at"": ""2026-09-14T14:46:35"", ""source"": ""legacy_maps""}",146,APPART & SENS - Agence immobilière responsable,qualifie,Lyon,,APPART & SENS - Agence immobilière responsable,https://www.appart-sens.fr/
548,,2026-09-14T14:46:34,0,4.5,,0,"
7 Bd Raspail, 75007 Paris, France",0,"{""legacy_id"": 563, ""legacy_table"": ""leads_bruts"", ""source_legacy"": ""maps"", ""statut_legacy"": ""audite"", ""categorie"": ""Agence"", ""mot_cle"": ""agence immobilière"", ""lien_maps"": ""https://www.google.com/maps/place/L%27Agence+Bac+Saint+Germain+Immo+Paris+7eme/data=!4m7!3m6!1s0x47e671d5bfc01711:0xb17f95a2ade9fdc0!8m2!3d48.8552502!4d2.3260969!16s%2Fg%2F11b7q6_3n5!19sChIJERfAv9Vx5kcRwP3praKVf7E?authuser=0&hl=fr&rclk=1"", ""pays"": ""fr"", ""date_scraping"": ""2026-06-01 22:33:20"", ""niveau_urgence"": 0, ""ecarte_legacy"": 0, ""mobile_score"": 0, ""desktop_score"": 0, ""score_performance"": 0, ""score_seo"": 0, ""score_gmb"": 0, ""score_urgence"": 8.0, ""approuve"": 0, ""template_used"": ""maquette"", ""template_variant"": ""v1"", ""profile"": ""A"", ""statut_prospection"": ""a_contacter"", ""date_audit"": ""2026-06-27 14:14:43"", ""ia_opportunite"": 5, ""ia_signaux"": ""Pas de site, téléphone présent — à contacter (création)"", ""ia_reco"": ""a_contacter""}",,2026-09-17T12:19:03,legacy_maps,8086,+33142223030,"{""created_at"": ""2026-09-14T14:46:34"", ""source"": ""legacy_maps""}",150,L'Agence Bac Saint Germain Immo Paris 7eme,qualifie,Paris,Agence,L'Agence Bac Saint Germain Immo Paris 7eme,
11,,2026-09-14T14:46:34,0,5.0,,0,,0,"{""legacy_id"": 394, ""legacy_table"": ""leads_bruts"", ""source_legacy"": ""maps"", ""statut_legacy"": ""audite"", ""categorie"": ""Agence immobilière"", ""mot_cle"": ""courtier immobilier"", ""lien_maps"": ""https://www.google.com/maps/place/Immopr%C3%AAt+Paris+Le+Marais+-+R%C3%A9publique+%28ex+Ace+Cr%C3%A9dit%29+-+Courtier+en+pr%C3%AAt+immobilier/data=!4m7!3m6!1s0x47e66d6da3d0b8f1:0x8d63da9d0cf07053!8m2!3d48.8596533!4d2.3788086!16s%2Fg%2F11v5byn1jc!19sChIJ8bjQo21t5kcRU3DwDJ3aY40?authuser=0&hl=fr&rclk=1"", ""pays"": ""fr"", ""date_scraping"": ""2026-06-01 20:21:10"", ""niveau_urgence"": 0, ""ecarte_legacy"": 0, ""mobile_score"": 0, ""desktop_score"": 0, ""score_performance"": 0, ""score_seo"": 0, ""score_gmb"": 0, ""score_urgence"": 8.0, ""approuve"": 0, ""template_used"": ""maquette"", ""template_variant"": ""v1"", ""profile"": ""A"", ""statut_prospection"": ""a_contacter"", ""date_audit"": ""2026-06-27 14:16:56"", ""lien_rapport"": ""local://immoprt-paris-le-marais-rpublique-ex-ace-crdit-cou/"", ""ia_opportunite"": 2, ""ia_signaux"": ""Pas de site, pas de téléphone — à vérifier"", ""ia_reco"": ""a_verifier""}",,2026-09-17T12:19:03,legacy_maps,8067,,"{""created_at"": ""2026-09-14T14:46:34"", ""source"": ""legacy_maps""}",150,Immoprêt Paris Le Marais - République (ex Ace Crédit) - Courtier en prêt immobilier,qualifie,Paris,Agence immobilière,Immoprêt Paris Le Marais - République (ex Ace Crédit) - Courtier en prêt immobilier,
548,,2026-09-14T14:46:34,0,4.5,,0,"
7 Bd Raspail, 75007 Paris, France",0,"{""legacy_id"": 563, ""legacy_table"": ""leads_bruts"", ""source_legacy"": ""maps"", ""statut_legacy"": ""audite"", ""categorie"": ""Agence"", ""mot_cle"": ""agence immobilière"", ""lien_maps"": ""https://www.google.com/maps/place/L%27Agence+Bac+Saint+Germain+Immo+Paris+7eme/data=!4m7!3m6!1s0x47e671d5bfc01711:0xb17f95a2ade9fdc0!8m2!3d48.8552502!4d2.3260969!16s%2Fg%2F11b7q6_3n5!19sChIJERfAv9Vx5kcRwP3praKVf7E?authuser=0&hl=fr&rclk=1"", ""pays"": ""fr"", ""date_scraping"": ""2026-06-01 22:33:20"", ""niveau_urgence"": 0, ""ecarte_legacy"": 0, ""mobile_score"": 0, ""desktop_score"": 0, ""score_performance"": 0, ""score_seo"": 0, ""score_gmb"": 0, ""score_urgence"": 8.0, ""approuve"": 0, ""template_used"": ""maquette"", ""template_variant"": ""v1"", ""profile"": ""A"", ""statut_prospection"": ""a_contacter"", ""date_audit"": ""2026-06-27 14:14:43"", ""ia_opportunite"": 5, ""ia_signaux"": ""Pas de site, téléphone présent — à contacter (création)"", ""ia_reco"": ""a_contacter""}",,2026-09-17T12:19:03,legacy_maps,8027,+33142223030,"{""created_at"": ""2026-09-14T14:46:34"", ""source"": ""legacy_maps""}",150,L'Agence Bac Saint Germain Immo Paris 7eme,qualifie,Paris,Agence,L'Agence Bac Saint Germain Immo Paris 7eme,
548,,2026-09-14T14:46:34,0,4.5,,0,"
7 Bd Raspail, 75007 Paris, France",0,"{""legacy_id"": 563, ""legacy_table"": ""leads_bruts"", ""source_legacy"": ""maps"", ""statut_legacy"": ""audite"", ""categorie"": ""Agence"", ""mot_cle"": ""agence immobilière"", ""lien_maps"": ""https://www.google.com/maps/place/L%27Agence+Bac+Saint+Germain+Immo+Paris+7eme/data=!4m7!3m6!1s0x47e671d5bfc01711:0xb17f95a2ade9fdc0!8m2!3d48.8552502!4d2.3260969!16s%2Fg%2F11b7q6_3n5!19sChIJERfAv9Vx5kcRwP3praKVf7E?authuser=0&hl=fr&rclk=1"", ""pays"": ""fr"", ""date_scraping"": ""2026-06-01 22:33:20"", ""niveau_urgence"": 0, ""ecarte_legacy"": 0, ""mobile_score"": 0, ""desktop_score"": 0, ""score_performance"": 0, ""score_seo"": 0, ""score_gmb"": 0, ""score_urgence"": 8.0, ""approuve"": 0, ""template_used"": ""maquette"", ""template_variant"": ""v1"", ""profile"": ""A"", ""statut_prospection"": ""a_contacter"", ""date_audit"": ""2026-06-27 14:14:43"", ""ia_opportunite"": 5, ""ia_signaux"": ""Pas de site, téléphone présent — à contacter (création)"", ""ia_reco"": ""a_contacter""}",,2026-09-17T12:19:03,legacy_maps,8001,+33142223030,"{""created_at"": ""2026-09-14T14:46:34"", ""source"": ""legacy_maps""}",150,L'Agence Bac Saint Germain Immo Paris 7eme,qualifie,Paris,Agence,L'Agence Bac Saint Germain Immo Paris 7eme,
0,accueil@agencedeslices.immo,2026-09-14T14:46:34,0,0.0,,0,,0,"{""legacy_id"": 982, ""legacy_table"": ""leads_bruts"", ""source_legacy"": ""ads"", ""statut_legacy"": ""envoye"", ""categorie"": ""immobilier"", ""mot_cle"": ""syndic de copropriete Lyon"", ""pays"": ""fr"", ""ml_extracted"": ""{\""persons\"": [], \""emails\"": [\""accueil@agencedeslices.immo\""], \""phones\"": [\""0481510437\""], \""siret\"": null, \""rcs\"": null, \""capital\"": null, \""adresse\"": null, \""editeur\"": \""La responsabilité de l’édition de ce site sera portée par le Directeur de MG IMMOBILIER Bourg-en-bresse\""}"", ""date_scraping"": ""2026-06-02 06:08:21"", ""niveau_urgence"": 0, ""ecarte_legacy"": 0, ""mobile_score"": 50, ""desktop_score"": 60, ""score_performance"": 50, ""score_seo"": 40, ""score_gmb"": 0, ""score_urgence"": 0.0, ""probleme_principal"": ""perf"", ""rapport_resume"": ""perf"", ""approuve"": 1, ""template_used"": ""sniper"", ""template_variant"": ""v1"", ""statut_prospection"": ""step1_envoye"", ""date_audit"": ""2026-06-02 14:43:25"", ""lien_rapport"": ""https://audit.incidenx.com/agencedeslices-syndic-fr/"", ""ia_opportunite"": 35, ""ia_signaux"": ""img_non_webp(+5)"", ""ia_score"": 0}",Editeur: La responsabilité de l’édition de ce site sera portée par le Directeur de MG IMMOBILIER Bourg-en-bre | Email: accueil@agencedeslices.immo | Tel: 0481510437,2026-09-17T15:18:09,legacy_sniper,7912,0481510437,"{""created_at"": ""2026-09-14T14:46:34"", ""source"": ""legacy_sniper""}",142,agencedeslices-syndic.fr,qualifie,Lyon,immobilier,agencedeslices-syndic.fr,https://agencedeslices-syndic.fr
9925,contact@citya.com,2026-09-14T14:46:34,0,3.9,,0,"
107 Rue Servient, 69003 Lyon, France",1,"{""legacy_id"": 619, ""legacy_table"": ""leads_bruts"", ""source_legacy"": ""maps"", ""statut_legacy"": ""envoye"", ""categorie"": ""immobilier"", ""mot_cle"": ""agent immobilier"", ""lien_maps"": ""https://www.google.com/maps/place/Agence+Immobili%C3%A8re+Lyon+-+Citya+Vend%C3%B4me+Lumi%C3%A8re/data=!4m7!3m6!1s0x47f4ea8afba40edd:0xf1cdb1fe6809f29f!8m2!3d45.7606563!4d4.8501093!16s%2Fg%2F11b779dnds!19sChIJ3Q6k-4rq9EcRn_IJaP6xzfE?authuser=0&hl=fr&rclk=1"", ""pays"": ""fr"", ""telephone_2"": ""0247471111"", ""ml_extracted"": ""{\""persons\"": [], \""emails\"": [\""contact@citya.com\""], \""phones\"": [\""0247471111\""], \""siret\"": null, \""rcs\"": null, \""capital\"": null, \""adresse\"": null, \""editeur\"": null}"", ""date_scraping"": ""2026-06-01 22:37:21"", ""niveau_urgence"": 0, ""ecarte_legacy"": 0, ""mobile_score"": 0, ""desktop_score"": 0, ""score_performance"": 0, ""score_seo"": 0, ""score_gmb"": 0, ""score_urgence"": 0.0, ""approuve"": 1, ""template_variant"": ""v1"", ""profile"": ""immobilier"", ""statut_prospection"": ""step1_envoye"", ""date_audit"": ""2026-06-10 07:22:09"", ""ia_opportunite"": 35, ""ia_signaux"": ""citya.com = réseau Citya — grand compte"", ""ia_reco"": ""a_verifier""}",Email: contact@citya.com | Tel: 0247471111,2026-09-17T15:18:09,legacy_maps,7892,+33472757275,"{""created_at"": ""2026-09-14T14:46:34"", ""source"": ""legacy_maps""}",144,Agence Immobilière Lyon - Citya Vendôme Lumière,qualifie,Lyon,immobilier,Agence Immobilière Lyon - Citya Vendôme Lumière,https://www.citya.com/nous-contacter/324?
664,,2026-09-14T14:46:34,15,4.4,,0,"
33 Rue Tiquetonne, 75002 Paris, France",1,"{""legacy_id"": 552, ""legacy_table"": ""leads_bruts"", ""source_legacy"": ""maps"", ""statut_legacy"": ""en_attente"", ""categorie"": ""immobilier"", ""mot_cle"": ""agence immobilière"", ""lien_maps"": ""https://www.google.com/maps/place/Agence+Immobili%C3%A8re+Paris+Immobilier/data=!4m7!3m6!1s0x47e66e1848eac5f3:0x9bf90a8f4e6f72!8m2!3d48.8646974!4d2.3473326!16s%2Fg%2F1v96l2yh!19sChIJ88XqSBhu5kcRcm9Ojwr5mwA?authuser=0&hl=fr&rclk=1"", ""pays"": ""fr"", ""ml_extracted"": ""{\""persons\"": [], \""emails\"": [], \""phones\"": [], \""siret\"": null, \""rcs\"": null, \""capital\"": null, \""adresse\"": null, \""editeur\"": null}"", ""date_scraping"": ""2026-06-01 23:33:20"", ""niveau_urgence"": 0, ""ecarte_legacy"": 0, ""mobile_score"": 0, ""desktop_score"": 0, ""score_performance"": 0, ""score_seo"": 0, ""score_gmb"": 0, ""score_urgence"": 0.0, ""approuve"": 1, ""template_variant"": ""v1"", ""profile"": ""immobilier"", ""statut_prospection"": ""a_contacter"", ""date_audit"": ""2026-06-10 07:22:09"", ""ia_score"": 15, ""ia_opportunite"": 1, ""ia_signaux"": ""pas_https(+15)""}",Not Found The requested URL was not found on this server. Apache/2.4.54 (Debian) Server at www.parisimmobilier.fr Port 80,2026-09-17T15:18:09,legacy_maps,7890,+33153409444,"{""created_at"": ""2026-09-14T14:46:34"", ""source"": ""legacy_maps""}",146,Agence Immobilière Paris Immobilier,qualifie,Paris,immobilier,Agence Immobilière Paris Immobilier,http://www.parisimmobilier.fr/
24,,2026-09-14T14:46:34,0,4.5,,0,"
24 bis Pl. Bellecour, 69002 Lyon, France",1,"{""legacy_id"": 360, ""legacy_table"": ""leads_bruts"", ""source_legacy"": ""maps"", ""statut_legacy"": ""en_attente"", ""categorie"": ""immobilier"", ""mot_cle"": ""agence immobiliere"", ""lien_maps"": ""https://www.google.com/maps/place/Agence+immobili%C3%A8re+Lafor%C3%AAt+Lyon+2Eme/data=!4m7!3m6!1s0x47f4ea5235e0b80d:0x6924c32aa0074b3d!8m2!3d45.7565575!4d4.8322443!16s%2Fg%2F1tgn41z6!19sChIJDbjgNVLq9EcRPUsHoCrDJGk?authuser=0&hl=fr&rclk=1"", ""pays"": ""fr"", ""ml_extracted"": ""{\""persons\"": [], \""emails\"": [], \""phones\"": [], \""siret\"": null, \""rcs\"": null, \""capital\"": null, \""adresse\"": null, \""editeur\"": null}"", ""date_scraping"": ""2026-06-01 20:18:25"", ""niveau_urgence"": 0, ""ecarte_legacy"": 0, ""mobile_score"": 0, ""desktop_score"": 0, ""score_performance"": 0, ""score_seo"": 0, ""score_gmb"": 0, ""score_urgence"": 0.0, ""approuve"": 1, ""template_variant"": ""v1"", ""profile"": ""immobilier"", ""statut_prospection"": ""a_contacter"", ""date_audit"": ""2026-06-10 07:22:09"", ""ia_opportunite"": 35, ""ia_signaux"": ""laforet.com = réseau Laforêt — grand compte"", ""ia_reco"": ""a_verifier""}","Skip to main content User Agreement Privacy Policy Professional Community Policies Cookie Policy Copyright Policy Regional Info Privacy Policy Effective November 3, 2025 Your Privacy Matters LinkedIn’s mission is to connect the world’s professionals to allow them to be more productive and successful. Central to this mission is our commitment to be transparent about the data we collect about you, how it is used and with whom it is shared. This Privacy Policy applies when you use our Services (described below). We offer our users choices about the data we collect, use and share as described in this Privacy Policy, Cookie Policy, Settings and our Help Center. Key Terms Table of Contents Data We Collect How We Use Your Data How We Share Information Your Choices and Obligations Other Important Information Introduction We are a social network and online platform for professionals. People use our Services to find and be found for business opportunities, to connect with others and find information. Our Privacy Policy applies to any Member or Visitor to our Services. Our registered users (“Members”) share their professional identities, engage with their network, exchange knowledge and professional insights, post and view relevant content, learn and develop skills, and find business and career opportunities. Content and data on some of our Services is viewable to non-Members (“Visitors”). We use the term “Designated Countries” to refer to countries in the European Union (EU), European Economic Area (EEA), and Switzerland. Members and Visitors located in the Designated Countries or the UK can review additional information in our European Regional Privacy Notice. Services This Privacy Policy, including our Cookie Policy applies to your use of our Services. This Privacy Policy applies to LinkedIn.com, LinkedIn-branded apps, and other LinkedIn-branded sites, apps, communications and services offered by LinkedIn (“Services”), including off-site Services, such as our ad services and the “Apply with LinkedIn” and “Share with LinkedIn” plugins, but excluding services that state that they are offered under a different privacy policy. For California residents, additional disclosures required by California law may be found in our California Privacy Disclosure. Data Controllers and Contracting Parties If you are in the “Designated Countries”, LinkedIn Ireland Unlimited Company (“LinkedIn Ireland”) will be the controller of your personal data provided to, or collected by or for, or processed in connection with our Services. If you are outside of the Designated Countries, LinkedIn Corporation will be the controller of (or business responsible for) your personal data provided to, or collected by or for, or processed in connection with our Services. As a Visitor or Member of our Services, the collection, use and sharing of your personal data is subject to this Privacy Policy and other documents referenced in this Privacy Policy, as well as updates. Change Changes to the Privacy Policy apply to your use of our Services after the “effective date.” LinkedIn (“we” or “us”) can modify this Privacy Policy, and if we make material changes to it, we will provide notice through our Services, or by other means,",2026-09-17T15:18:09,legacy_maps,7889,+33478422525,"{""created_at"": ""2026-09-14T14:46:34"", ""source"": ""legacy_maps""}",144,Agence immobilière Laforêt Lyon 2Eme,qualifie,Lyon,immobilier,Agence immobilière Laforêt Lyon 2Eme,https://www.laforet.com/agence-immobiliere/lyon2?utm_source=google&utm_medium=mybusiness
548,,2026-09-14T14:46:34,0,4.5,,0,"
7 Bd Raspail, 75007 Paris, France",0,"{""legacy_id"": 563, ""legacy_table"": ""leads_bruts"", ""source_legacy"": ""maps"", ""statut_legacy"": ""audite"", ""categorie"": ""Agence"", ""mot_cle"": ""agence immobilière"", ""lien_maps"": ""https://www.google.com/maps/place/L%27Agence+Bac+Saint+Germain+Immo+Paris+7eme/data=!4m7!3m6!1s0x47e671d5bfc01711:0xb17f95a2ade9fdc0!8m2!3d48.8552502!4d2.3260969!16s%2Fg%2F11b7q6_3n5!19sChIJERfAv9Vx5kcRwP3praKVf7E?authuser=0&hl=fr&rclk=1"", ""pays"": ""fr"", ""date_scraping"": ""2026-06-01 22:33:20"", ""niveau_urgence"": 0, ""ecarte_legacy"": 0, ""mobile_score"": 0, ""desktop_score"": 0, ""score_performance"": 0, ""score_seo"": 0, ""score_gmb"": 0, ""score_urgence"": 8.0, ""approuve"": 0, ""template_used"": ""maquette"", ""template_variant"": ""v1"", ""profile"": ""A"", ""statut_prospection"": ""a_contacter"", ""date_audit"": ""2026-06-27 14:14:43"", ""ia_opportunite"": 5, ""ia_signaux"": ""Pas de site, téléphone présent — à contacter (création)"", ""ia_reco"": ""a_contacter""}",,2026-09-17T15:18:09,legacy_maps,7887,+33142223030,"{""created_at"": ""2026-09-14T14:46:34"", ""source"": ""legacy_maps""}",150,L'Agence Bac Saint Germain Immo Paris 7eme,qualifie,Paris,Agence,L'Agence Bac Saint Germain Immo Paris 7eme,
662,vente@paris-seine-immobilier.com,2026-09-14T14:46:34,5,4.6,,0,"
59 Rue du Cherche-Midi, 75006 Paris, France",1,"{""legacy_id"": 343, ""legacy_table"": ""leads_bruts"", ""source_legacy"": ""maps"", ""statut_legacy"": ""en_attente"", ""categorie"": ""immobilier"", ""mot_cle"": ""agent immobilier"", ""lien_maps"": ""https://www.google.com/maps/place/PARIS+SEINE+IMMOBILIER+-+Agence+Cherche-Midi/data=!4m7!3m6!1s0x47e671d25a167ac7:0xef0c82a01ef20806!8m2!3d48.8484305!4d2.3245875!16s%2Fg%2F1tjf9l46!19sChIJx3oWWtJx5kcRBgjyHqCCDO8?authuser=0&hl=fr&rclk=1"", ""pays"": ""fr"", ""ml_extracted"": ""{\""persons\"": [], \""emails\"": [], \""phones\"": [], \""siret\"": null, \""rcs\"": null, \""capital\"": null, \""adresse\"": null, \""editeur\"": null}"", ""date_scraping"": ""2026-06-01 23:34:40"", ""niveau_urgence"": 0, ""ecarte_legacy"": 0, ""mobile_score"": 0, ""desktop_score"": 0, ""score_performance"": 0, ""score_seo"": 0, ""score_gmb"": 0, ""score_urgence"": 0.0, ""approuve"": 1, ""template_variant"": ""v1"", ""profile"": ""immobilier"", ""statut_prospection"": ""a_contacter"", ""date_audit"": ""2026-06-10 07:22:09"", ""ia_score"": 5, ""ia_opportunite"": 1, ""ia_signaux"": ""no_webp(+5)""}","ACCUEIL ACHETER VENDRE/ESTIMER LOUER GESTION LOCATIVE IMMOBILIER COMMERCIAL PARIS SEINE CONTACTEZ-NOUS MA RECHERCHE FRANÇAIS A VENDRE TYPE DE BIEN VILLE, C.P GO Accueilévaluez votre bien avec Paris Seine Évaluez votre bien avec Paris Seine ESTIMATION GRATUITE · SANS ENGAGEMENT La vraie valeur de votre bien, estimée par des experts parisiens Votre patrimoine mérite une analyse rigoureuse, menée par des professionnels qui connaissent chaque immeuble, chaque marché, chaque arrondissement. ESTIMER MON BIEN EN LIGNE PRENDRE RENDEZ-VOUS → + de 30 ans d'expertise parisienne 5 agences au cœur de Paris 24 h pour recevoir votre estimation Vendez votre bien avec les experts PARIS SEINE DÉCOUVRIR ✦ Estimation offerte Sans frais ni engagement ✦ Résultat sous 24h En ligne ou avec un consultant ✦ Marché actualisé en temps réel Transactions récentes par arrondissement ✦ Accompagnement de A à Z Du mandat à la signature notariale VOTRE ESTIMATION, À VOTRE RYTHME Deux façons d'évaluer votre bien ⚡ RÉSULTAT INSTANTANÉ Estimation en ligne En quelques minutes, obtenez une première fourchette de valeur basée sur les dernières transactions de votre secteur. Simple, immédiat, sans engagement. ESTIMER EN LIGNE → ◎ ANALYSE APPROFONDIE & PERSONNALISÉE Rendez-vous avec un expert Un consultant Paris Seine se déplace dans votre bien et vous remet une valorisation rigoureuse, assortie d'une stratégie de vente sur-mesure et d'un plan de diffusion adapté. PRENDRE RENDEZ-VOUS → NOTRE DIFFÉRENCE Un réseau unique au service de votre vente Nos cinq agences au cœur de Paris partagent une base de données commune. Votre bien bénéficie immédiatement de la visibilité de l'intégralité de notre fichier acquéreurs, qualifiés et actifs. Chaque projet est traité dans sa singularité. Nous définissons une stratégie adaptée à votre situation, votre calendrier et vos objectifs, avec la discrétion que vous êtes en droit d'attendre d'un partenaire d'exception. PARLER À UN CONSEILLER → Base acquéreurs mutualisée entre agences Dès la signature du mandat, votre bien est diffusé en priorité à l'ensemble de notre fichier clients groupé. Expertise rue par rue, immeuble par immeuble Nos négociateurs connaissent chaque copropriété et chaque dynamique de marché dans nos arrondissements. Comptes-rendus de visites systématiques Retour structuré après chaque visite : ressenti acquéreur, positionnement prix, analyse concurrentielle. Commercialisation confidentielle disponible Sur simple demande, votre bien peut être vendu hors portails, sur fichier exclusif, en toute discrétion. Présence éditoriale dans les magazines immobiliers de référence PLAN DE COMMUNICATION Votre bien, mis en lumière Parce que la première impression est irréversible, nous mobilisons l'ensemble de nos outils pour révéler les qualités de votre bien aux meilleurs acquéreurs. ◉ Mise en valeur professionnelle Reportage photographique professionnel Visite virtuelle 3D immersive Home staging 3D et conseils de présentation Vidéo de présentation du bien ◉ Diffusion nationale & internationale Portails premium : Belles Demeures, Propriétés Le Figaro, Résidences Immobilier Portails grands publics : SeLoger, Bien'ici, Logic-Immo Presse de référence : Le Figaro, Forbes, Challenges Réseaux sociaux, newsletters & presse municipale Diffusion dans Propriétés Le Figaro & les supports de prestige VOS BIENS DIFFUSÉS DANS Propriétés Le Figaro ◆ Belles Demeures ◆ Résidences Immobilier ◆ Forbes",2026-09-17T15:18:09,legacy_maps,7882,+33145446600,"{""created_at"": ""2026-09-14T14:46:34"", ""source"": ""legacy_maps""}",146,PARIS SEINE IMMOBILIER - Agence Cherche-Midi,qualifie,Paris,immobilier,PARIS SEINE IMMOBILIER - Agence Cherche-Midi,https://www.paris-seine-immobilier.com/content/22/evaluez-votre-bien-avec-paris-seine.html
7349,,2026-09-14T14:46:34,0,4.7,,0,"
15 Ave Parmentier, 75011 Paris, France",1,"{""legacy_id"": 566, ""legacy_table"": ""leads_bruts"", ""source_legacy"": ""maps"", ""statut_legacy"": ""en_attente"", ""categorie"": ""immobilier"", ""mot_cle"": ""agence immobilière"", ""lien_maps"": ""https://www.google.com/maps/place/Agence+immobili%C3%A8re+Paris+11+Orpi+Nouallet/data=!4m7!3m6!1s0x47e66df75625c281:0x34b17915193dafd6!8m2!3d48.8600457!4d2.3785844!16s%2Fg%2F1v6qgy8m!19sChIJgcIlVvdt5kcR1q89GRV5sTQ?authuser=0&hl=fr&rclk=1"", ""pays"": ""fr"", ""date_scraping"": ""2026-06-01 22:33:20"", ""niveau_urgence"": 0, ""ecarte_legacy"": 0, ""mobile_score"": 0, ""desktop_score"": 0, ""score_performance"": 0, ""score_seo"": 0, ""score_gmb"": 0, ""score_urgence"": 0.0, ""approuve"": 1, ""template_variant"": ""v1"", ""profile"": ""immobilier"", ""statut_prospection"": ""a_contacter"", ""date_audit"": ""2026-06-10 07:22:09"", ""ia_opportunite"": 2, ""ia_signaux"": ""calendly.com = plateforme RDV — pas de site propre"", ""ia_reco"": ""a_verifier""}",,2026-09-17T15:18:09,legacy_maps,7870,+33155252050,"{""created_at"": ""2026-09-14T14:46:34"", ""source"": ""legacy_maps""}",144,Agence immobilière Paris 11 Orpi Nouallet,qualifie,Paris,immobilier,Agence immobilière Paris 11 Orpi Nouallet,https://calendly.com/nouallet-ambroise-immobilier/
7558,,2026-09-14T14:46:34,0,4.7,,0,"
47 Av. de Villiers, 75017 Paris, France",1,"{""legacy_id"": 561, ""legacy_table"": ""leads_bruts"", ""source_legacy"": ""maps"", ""statut_legacy"": ""en_attente"", ""categorie"": ""immobilier"", ""mot_cle"": ""agence immobilière"", ""lien_maps"": ""https://www.google.com/maps/place/Prestige+Investissement+-+Agence+Immobili%C3%A8re+Paris+17+-+Gestion+Locative,+Achat,+Vente+%26+Location/data=!4m7!3m6!1s0x47e66e7634bb4a79:0x830267a13cd9e4f9!8m2!3d48.8830394!4d2.3073831!16s%2Fg%2F1td4jffw!19sChIJeUq7NHZu5kcR-eTZPKFnAoM?authuser=0&hl=fr&rclk=1"", ""pays"": ""fr"", ""telephone_2"": ""0140360263"", ""ml_extracted"": ""{\""persons\"": [], \""emails\"": [], \""phones\"": [\""0140360263\""], \""siret\"": null, \""rcs\"": \""RCS PARIS 521494401\"", \""capital\"": \""10 000 €\"", \""adresse\"": \""47 Avenue de Villiers 75017 Paris SARL unipersonnelle appartenant à la SARL GROUPE PRESTIGE INVEST au capital de\"", \""editeur\"": null}"", ""date_scraping"": ""2026-06-01 22:33:20"", ""niveau_urgence"": 0, ""ecarte_legacy"": 0, ""mobile_score"": 0, ""desktop_score"": 0, ""score_performance"": 0, ""score_seo"": 0, ""score_gmb"": 0, ""score_urgence"": 0.0, ""approuve"": 1, ""template_variant"": ""v1"", ""profile"": ""immobilier"", ""statut_prospection"": ""a_contacter"", ""date_audit"": ""2026-06-10 07:22:09"", ""ia_opportunite"": 2, ""ia_signaux"": ""308 redirect loop (site injoignable)"", ""ia_reco"": ""a_verifier""}",RCS: RCS PARIS 521494401 | Adresse: 47 Avenue de Villiers 75017 Paris SARL unipersonnelle appartenant à la SARL GROUPE PRESTIGE INVEST a | Capital: 10 000 € | Tel: 0140360263,2026-09-17T15:18:09,legacy_maps,7869,+33140360263,"{""created_at"": ""2026-09-14T14:46:34"", ""source"": ""legacy_maps""}",144,"Prestige Investissement - Agence Immobilière Paris 17 - Gestion Locative, Achat, Vente & Location",qualifie,Paris,immobilier,"Prestige Investissement - Agence Immobilière Paris 17 - Gestion Locative, Achat, Vente & Location",https://www.prestigeinvest.fr/
72107,contact@unimage.fr,2026-09-14T14:46:34,20,4.7,,0,2 rue de Colmar 94300 Vincennes,1,"{""legacy_id"": 371, ""legacy_table"": ""leads_bruts"", ""campaign_legacy_id"": 12, ""source_legacy"": ""maps"", ""statut_legacy"": ""envoye"", ""categorie"": ""immobilier"", ""mot_cle"": ""agence immobiliere"", ""lien_maps"": ""https://www.google.com/maps/place/C%C3%A9sar+et+Brutus+-+Agence+immobili%C3%A8re+Lyon/data=!4m7!3m6!1s0x47f4ea53e6e98e91:0x37b126570d7fd9fb!8m2!3d45.760024!4d4.83595!16s%2Fg%2F1hhw1t0br!19sChIJkY7p5lPq9EcR-9l_DVcmsTc?authuser=0&hl=fr&rclk=1"", ""pays"": ""fr"", ""telephone_2"": ""0482539988, 0158640005, 0970808911, 0474090806"", ""ml_extracted"": ""{\""persons\"": [], \""emails\"": [\""contact@unimage.fr\""], \""phones\"": [\""0482539988\"", \""0158640005\"", \""0970808911\"", \""0474090806\""], \""siret\"": null, \""rcs\"": \""RCS  520826900\"", \""capital\"": null, \""adresse\"": \""2 rue de Colmar 94300 Vincennes\"", \""editeur\"": \""internet au sens de la Loi LCEN\""}"", ""date_scraping"": ""2026-06-15 21:13:35"", ""niveau_urgence"": 0, ""ecarte_legacy"": 0, ""mobile_score"": 0, ""desktop_score"": 0, ""score_performance"": 0, ""score_seo"": 0, ""score_gmb"": 0, ""score_urgence"": 0.0, ""approuve"": 1, ""template_variant"": ""v1"", ""profile"": ""immobilier"", ""statut_prospection"": ""step1_envoye"", ""date_audit"": ""2026-06-10 07:22:09"", ""ia_score"": 20, ""ia_opportunite"": 2, ""ia_signaux"": ""pas_https(+15); no_favicon(+5)"", ""ia_reco"": ""a_verifier""}","Editeur: internet au sens de la Loi LCEN | RCS: RCS  520826900 | Adresse: 2 rue de Colmar 94300 Vincennes | Email: contact@unimage.fr | Tel: 0482539988, 0158640005, 0970808911, 0474090806",2026-09-17T15:18:09,legacy_maps,7868,+33482539988,"{""created_at"": ""2026-09-14T14:46:34"", ""source"": ""legacy_maps""}",144,César et Brutus - Agence immobilière Lyon,qualifie,Lyon,immobilier,César et Brutus - Agence immobilière Lyon,http://www.cesaretbrutus.com/
1,contact@greenhomeimmobilier.fr,2026-09-14T14:46:34,25,4.8,,0,"
1 Rue Fondère, 13004 Marseille, France",1,"{""legacy_id"": 385, ""legacy_table"": ""leads_bruts"", ""source_legacy"": ""maps"", ""statut_legacy"": ""envoye"", ""categorie"": ""immobilier"", ""mot_cle"": ""estimation immobiliere"", ""lien_maps"": ""https://www.google.com/maps/place/Green+Home+Immobilier+Cinq+Avenues+-+Agence+Immobili%C3%A8re+Marseille+4/data=!4m7!3m6!1s0x12c9bf613b62bb17:0x54426a0f96d9dd76!8m2!3d43.301987!4d5.39819!16s%2Fg%2F11hcz1j7r9!19sChIJF7tiO2G_yRIRdt3Zlg9qQlQ?authuser=0&hl=fr&rclk=1"", ""pays"": ""fr"", ""telephone_2"": ""0496124845, 0181850001"", ""ml_extracted"": ""{\""persons\"": [], \""emails\"": [\""contact@greenhomeimmobilier.fr\""], \""phones\"": [\""0496124845\"", \""0181850001\""], \""siret\"": \""83501818500016\"", \""rcs\"": null, \""capital\"": null, \""adresse\"": \""1 rue Fondère 13004 Marseille Téléphone\"", \""editeur\"": \""Ce site est édité par : Green Home Immobilier Adresse\""}"", ""date_scraping"": ""2026-06-01 20:19:59"", ""niveau_urgence"": 0, ""ecarte_legacy"": 0, ""mobile_score"": 0, ""desktop_score"": 0, ""score_performance"": 0, ""score_seo"": 0, ""score_gmb"": 0, ""score_urgence"": 0.0, ""approuve"": 1, ""template_variant"": ""v1"", ""profile"": ""immobilier"", ""statut_prospection"": ""step1_envoye"", ""date_audit"": ""2026-06-10 07:22:09"", ""ia_score"": 25, ""ia_opportunite"": 2, ""ia_signaux"": ""pas_https(+15); no_og(+5); no_webp(+5)"", ""ia_reco"": ""a_verifier""}","Editeur: Ce site est édité par : Green Home Immobilier Adresse | SIRET: 83501818500016 | Adresse: 1 rue Fondère 13004 Marseille Téléphone | Email: contact@greenhomeimmobilier.fr | Tel: 0496124845, 0181850001",2026-09-17T15:18:09,legacy_maps,7867,0496124845,"{""created_at"": ""2026-09-14T14:46:34"", ""source"": ""legacy_maps""}",144,Green Home Immobilier Cinq Avenues - Agence Immobilière Marseille 4,qualifie,Marseille,immobilier,Green Home Immobilier Cinq Avenues - Agence Immobilière Marseille 4,http://www.greenhomeimmobilier.fr/
41,,2026-09-14T14:46:34,0,4.8,,0,"
41 Rue de Richelieu, 75001 Paris, France",1,"{""legacy_id"": 355, ""legacy_table"": ""leads_bruts"", ""source_legacy"": ""maps"", ""statut_legacy"": ""en_attente"", ""categorie"": ""immobilier"", ""mot_cle"": ""agent immobilier"", ""lien_maps"": ""https://www.google.com/maps/place/Agence+immobili%C3%A8re+Lafor%C3%AAt+Paris+1Er+-+ACHAT+-+VENTE+-+LOCATION+-+GESTION+LOCATIVE+-+SYNDIC/data=!4m7!3m6!1s0x47e66ffce5941fc5:0xaf896f7dbe7ecaa6!8m2!3d48.865863!4d2.3366453!16s%2Fg%2F11h42mwx9p!19sChIJxR-U5fxv5kcRpsp-vn1via8?authuser=0&hl=fr&rclk=1"", ""pays"": ""fr"", ""ml_extracted"": ""{\""persons\"": [], \""emails\"": [], \""phones\"": [], \""siret\"": null, \""rcs\"": null, \""capital\"": null, \""adresse\"": null, \""editeur\"": null}"", ""date_scraping"": ""2026-06-01 20:17:21"", ""niveau_urgence"": 0, ""ecarte_legacy"": 0, ""mobile_score"": 0, ""desktop_score"": 0, ""score_performance"": 0, ""score_seo"": 0, ""score_gmb"": 0, ""score_urgence"": 0.0, ""approuve"": 1, ""template_variant"": ""v1"", ""profile"": ""immobilier"", ""statut_prospection"": ""a_contacter"", ""date_audit"": ""2026-06-10 07:22:09"", ""ia_opportunite"": 35, ""ia_signaux"": ""laforet.com = réseau Laforêt — grand compte"", ""ia_reco"": ""a_verifier""}","Skip to main content User Agreement Privacy Policy Professional Community Policies Cookie Policy Copyright Policy Regional Info Privacy Policy Effective November 3, 2025 Your Privacy Matters LinkedIn’s mission is to connect the world’s professionals to allow them to be more productive and successful. Central to this mission is our commitment to be transparent about the data we collect about you, how it is used and with whom it is shared. This Privacy Policy applies when you use our Services (described below). We offer our users choices about the data we collect, use and share as described in this Privacy Policy, Cookie Policy, Settings and our Help Center. Key Terms Table of Contents Data We Collect How We Use Your Data How We Share Information Your Choices and Obligations Other Important Information Introduction We are a social network and online platform for professionals. People use our Services to find and be found for business opportunities, to connect with others and find information. Our Privacy Policy applies to any Member or Visitor to our Services. Our registered users (“Members”) share their professional identities, engage with their network, exchange knowledge and professional insights, post and view relevant content, learn and develop skills, and find business and career opportunities. Content and data on some of our Services is viewable to non-Members (“Visitors”). We use the term “Designated Countries” to refer to countries in the European Union (EU), European Economic Area (EEA), and Switzerland. Members and Visitors located in the Designated Countries or the UK can review additional information in our European Regional Privacy Notice. Services This Privacy Policy, including our Cookie Policy applies to your use of our Services. This Privacy Policy applies to LinkedIn.com, LinkedIn-branded apps, and other LinkedIn-branded sites, apps, communications and services offered by LinkedIn (“Services”), including off-site Services, such as our ad services and the “Apply with LinkedIn” and “Share with LinkedIn” plugins, but excluding services that state that they are offered under a different privacy policy. For California residents, additional disclosures required by California law may be found in our California Privacy Disclosure. Data Controllers and Contracting Parties If you are in the “Designated Countries”, LinkedIn Ireland Unlimited Company (“LinkedIn Ireland”) will be the controller of your personal data provided to, or collected by or for, or processed in connection with our Services. If you are outside of the Designated Countries, LinkedIn Corporation will be the controller of (or business responsible for) your personal data provided to, or collected by or for, or processed in connection with our Services. As a Visitor or Member of our Services, the collection, use and sharing of your personal data is subject to this Privacy Policy and other documents referenced in this Privacy Policy, as well as updates. Change Changes to the Privacy Policy apply to your use of our Services after the “effective date.” LinkedIn (“we” or “us”) can modify this Privacy Policy, and if we make material changes to it, we will provide notice through our Services, or by other means,",2026-09-17T15:18:09,legacy_maps,7863,+33177377411,"{""created_at"": ""2026-09-14T14:46:34"", ""source"": ""legacy_maps""}",144,Agence immobilière Laforêt Paris 1Er - ACHAT - VENTE - LOCATION - GESTION LOCATIVE - SYNDIC,qualifie,Paris,immobilier,Agence immobilière Laforêt Paris 1Er - ACHAT - VENTE - LOCATION - GESTION LOCATIVE - SYNDIC,https://www.laforet.com/agence-immobiliere/paris1
42,,2026-09-14T14:46:34,0,4.8,,0,"
42 Bd Pasteur, 75015 Paris, France",1,"{""legacy_id"": 357, ""legacy_table"": ""leads_bruts"", ""source_legacy"": ""maps"", ""statut_legacy"": ""en_attente"", ""categorie"": ""immobilier"", ""mot_cle"": ""agent immobilier"", ""lien_maps"": ""https://www.google.com/maps/place/Agence+immobili%C3%A8re+Lafor%C3%AAt+Paris+15Eme/data=!4m7!3m6!1s0x47e6703132af1f11:0x368e102d1d4c3bf5!8m2!3d48.8417556!4d2.3130178!16s%2Fg%2F1thg9s5z!19sChIJER-vMjFw5kcR9TtMHS0QjjY?authuser=0&hl=fr&rclk=1"", ""pays"": ""fr"", ""ml_extracted"": ""{\""persons\"": [], \""emails\"": [], \""phones\"": [], \""siret\"": null, \""rcs\"": null, \""capital\"": null, \""adresse\"": null, \""editeur\"": null}"", ""date_scraping"": ""2026-06-01 20:17:21"", ""niveau_urgence"": 0, ""ecarte_legacy"": 0, ""mobile_score"": 0, ""desktop_score"": 0, ""score_performance"": 0, ""score_seo"": 0, ""score_gmb"": 0, ""score_urgence"": 0.0, ""approuve"": 1, ""template_variant"": ""v1"", ""profile"": ""immobilier"", ""statut_prospection"": ""a_contacter"", ""date_audit"": ""2026-06-10 07:22:09"", ""ia_opportunite"": 35, ""ia_signaux"": ""laforet.com = réseau Laforêt — grand compte"", ""ia_reco"": ""a_verifier""}","Skip to main content User Agreement Privacy Policy Professional Community Policies Cookie Policy Copyright Policy Regional Info Privacy Policy Effective November 3, 2025 Your Privacy Matters LinkedIn’s mission is to connect the world’s professionals to allow them to be more productive and successful. Central to this mission is our commitment to be transparent about the data we collect about you, how it is used and with whom it is shared. This Privacy Policy applies when you use our Services (described below). We offer our users choices about the data we collect, use and share as described in this Privacy Policy, Cookie Policy, Settings and our Help Center. Key Terms Table of Contents Data We Collect How We Use Your Data How We Share Information Your Choices and Obligations Other Important Information Introduction We are a social network and online platform for professionals. People use our Services to find and be found for business opportunities, to connect with others and find information. Our Privacy Policy applies to any Member or Visitor to our Services. Our registered users (“Members”) share their professional identities, engage with their network, exchange knowledge and professional insights, post and view relevant content, learn and develop skills, and find business and career opportunities. Content and data on some of our Services is viewable to non-Members (“Visitors”). We use the term “Designated Countries” to refer to countries in the European Union (EU), European Economic Area (EEA), and Switzerland. Members and Visitors located in the Designated Countries or the UK can review additional information in our European Regional Privacy Notice. Services This Privacy Policy, including our Cookie Policy applies to your use of our Services. This Privacy Policy applies to LinkedIn.com, LinkedIn-branded apps, and other LinkedIn-branded sites, apps, communications and services offered by LinkedIn (“Services”), including off-site Services, such as our ad services and the “Apply with LinkedIn” and “Share with LinkedIn” plugins, but excluding services that state that they are offered under a different privacy policy. For California residents, additional disclosures required by California law may be found in our California Privacy Disclosure. Data Controllers and Contracting Parties If you are in the “Designated Countries”, LinkedIn Ireland Unlimited Company (“LinkedIn Ireland”) will be the controller of your personal data provided to, or collected by or for, or processed in connection with our Services. If you are outside of the Designated Countries, LinkedIn Corporation will be the controller of (or business responsible for) your personal data provided to, or collected by or for, or processed in connection with our Services. As a Visitor or Member of our Services, the collection, use and sharing of your personal data is subject to this Privacy Policy and other documents referenced in this Privacy Policy, as well as updates. Change Changes to the Privacy Policy apply to your use of our Services after the “effective date.” LinkedIn (“we” or “us”) can modify this Privacy Policy, and if we make material changes to it, we will provide notice through our Services, or by other means,",2026-09-17T15:18:09,legacy_maps,7862,+33156541400,"{""created_at"": ""2026-09-14T14:46:34"", ""source"": ""legacy_maps""}",144,Agence immobilière Laforêt Paris 15Eme,qualifie,Paris,immobilier,Agence immobilière Laforêt Paris 15Eme,https://www.laforet.com/agence-immobiliere/paris15pasteur
44,,2026-09-14T14:46:34,0,4.8,,0,"
44 Rue Monge, 75005 Paris, France",1,"{""legacy_id"": 347, ""legacy_table"": ""leads_bruts"", ""source_legacy"": ""maps"", ""statut_legacy"": ""en_attente"", ""categorie"": ""immobilier"", ""mot_cle"": ""agent immobilier"", ""lien_maps"": ""https://www.google.com/maps/place/Agence+immobili%C3%A8re+Lafor%C3%AAt+Paris+5Eme/data=!4m7!3m6!1s0x47e671ef782d3ac1:0x22a6bd185b164967!8m2!3d48.8454143!4d2.3518386!16s%2Fg%2F11c2l4549z!19sChIJwToteO9x5kcRZ0kWWxi9piI?authuser=0&hl=fr&rclk=1"", ""pays"": ""fr"", ""ml_extracted"": ""{\""persons\"": [], \""emails\"": [], \""phones\"": [], \""siret\"": null, \""rcs\"": null, \""capital\"": null, \""adresse\"": null, \""editeur\"": null}"", ""date_scraping"": ""2026-06-01 20:17:21"", ""niveau_urgence"": 0, ""ecarte_legacy"": 0, ""mobile_score"": 0, ""desktop_score"": 0, ""score_performance"": 0, ""score_seo"": 0, ""score_gmb"": 0, ""score_urgence"": 0.0, ""approuve"": 1, ""template_variant"": ""v1"", ""profile"": ""immobilier"", ""statut_prospection"": ""a_contacter"", ""date_audit"": ""2026-06-10 07:22:09"", ""ia_opportunite"": 35, ""ia_signaux"": ""laforet.com = réseau Laforêt — grand compte"", ""ia_reco"": ""a_verifier""}","Skip to main content User Agreement Privacy Policy Professional Community Policies Cookie Policy Copyright Policy Regional Info Privacy Policy Effective November 3, 2025 Your Privacy Matters LinkedIn’s mission is to connect the world’s professionals to allow them to be more productive and successful. Central to this mission is our commitment to be transparent about the data we collect about you, how it is used and with whom it is shared. This Privacy Policy applies when you use our Services (described below). We offer our users choices about the data we collect, use and share as described in this Privacy Policy, Cookie Policy, Settings and our Help Center. Key Terms Table of Contents Data We Collect How We Use Your Data How We Share Information Your Choices and Obligations Other Important Information Introduction We are a social network and online platform for professionals. People use our Services to find and be found for business opportunities, to connect with others and find information. Our Privacy Policy applies to any Member or Visitor to our Services. Our registered users (“Members”) share their professional identities, engage with their network, exchange knowledge and professional insights, post and view relevant content, learn and develop skills, and find business and career opportunities. Content and data on some of our Services is viewable to non-Members (“Visitors”). We use the term “Designated Countries” to refer to countries in the European Union (EU), European Economic Area (EEA), and Switzerland. Members and Visitors located in the Designated Countries or the UK can review additional information in our European Regional Privacy Notice. Services This Privacy Policy, including our Cookie Policy applies to your use of our Services. This Privacy Policy applies to LinkedIn.com, LinkedIn-branded apps, and other LinkedIn-branded sites, apps, communications and services offered by LinkedIn (“Services”), including off-site Services, such as our ad services and the “Apply with LinkedIn” and “Share with LinkedIn” plugins, but excluding services that state that they are offered under a different privacy policy. For California residents, additional disclosures required by California law may be found in our California Privacy Disclosure. Data Controllers and Contracting Parties If you are in the “Designated Countries”, LinkedIn Ireland Unlimited Company (“LinkedIn Ireland”) will be the controller of your personal data provided to, or collected by or for, or processed in connection with our Services. If you are outside of the Designated Countries, LinkedIn Corporation will be the controller of (or business responsible for) your personal data provided to, or collected by or for, or processed in connection with our Services. As a Visitor or Member of our Services, the collection, use and sharing of your personal data is subject to this Privacy Policy and other documents referenced in this Privacy Policy, as well as updates. Change Changes to the Privacy Policy apply to your use of our Services after the “effective date.” LinkedIn (“we” or “us”) can modify this Privacy Policy, and if we make material changes to it, we will provide notice through our Services, or by other means,",2026-09-17T15:18:09,legacy_maps,7861,+33155268156,"{""created_at"": ""2026-09-14T14:46:34"", ""source"": ""legacy_maps""}",144,Agence immobilière Laforêt Paris 5Eme,qualifie,Paris,immobilier,Agence immobilière Laforêt Paris 5Eme,https://www.laforet.com/agence-immobiliere/paris5-monge?utm_source=google&utm_medium=mybusiness
197,accueilweb@guy-hoquet.com,2026-09-14T14:46:34,0,4.8,,0,"
20 Av. Jean Jaurès, 69007 Lyon, France",1,"{""legacy_id"": 621, ""legacy_table"": ""leads_bruts"", ""source_legacy"": ""maps"", ""statut_legacy"": ""envoye"", ""categorie"": ""immobilier"", ""mot_cle"": ""agent immobilier"", ""lien_maps"": ""https://www.google.com/maps/place/Agence+immobili%C3%A8re+Guy+Hoquet+-+L%27unique+agence+Guy+Hoquet+sur+Lyon+7+depuis+1998/data=!4m7!3m6!1s0x47f4ea431b228b85:0x8f2dde30eb04bd18!8m2!3d45.7522736!4d4.8458367!16s%2Fg%2F1tfk3sjg!19sChIJhYsiG0Pq9EcRGL0E6zDeLY8?authuser=0&hl=fr&rclk=1"", ""pays"": ""fr"", ""email_2"": ""informatique-et-libertes-lyon7@guyhoquet.com"", ""telephone_2"": ""0972101007, 0472767080, 0472767081"", ""ml_extracted"": ""{\""persons\"": [], \""emails\"": [\""accueilweb@guy-hoquet.com\"", \""informatique-et-libertes-lyon7@guyhoquet.com\""], \""phones\"": [\""0972101007\"", \""0472767080\"", \""0472767081\""], \""siret\"": \""42476141900045\"", \""rcs\"": null, \""capital\"": \""10 069 020 €\"", \""adresse\"": \""2 rue Kellermann - 59100 Roubaix\"", \""editeur\"": \""La société par actions simplifiée GUY HOQUET L’IMMOBILIER\""}"", ""date_scraping"": ""2026-06-01 22:37:21"", ""niveau_urgence"": 0, ""ecarte_legacy"": 0, ""mobile_score"": 0, ""desktop_score"": 0, ""score_performance"": 0, ""score_seo"": 0, ""score_gmb"": 0, ""score_urgence"": 0.0, ""approuve"": 1, ""template_variant"": ""v1"", ""profile"": ""immobilier"", ""statut_prospection"": ""step1_envoye"", ""date_audit"": ""2026-06-10 07:22:09"", ""ia_opportunite"": 35, ""ia_signaux"": ""guy-hoquet.com = réseau Guy Hoquet — grand compte"", ""ia_reco"": ""a_verifier""}","Editeur: La société par actions simplifiée GUY HOQUET L’IMMOBILIER | SIRET: 42476141900045 | Adresse: 2 rue Kellermann - 59100 Roubaix | Capital: 10 069 020 € | Email: accueilweb@guy-hoquet.com, informatique-et-libertes-lyon7@guyhoquet.com | Tel: 0972101007, 0472767080, 0472767081",2026-09-17T15:18:08,legacy_maps,7852,+33472767080,"{""created_at"": ""2026-09-14T14:46:34"", ""source"": ""legacy_maps""}",144,Agence immobilière Guy Hoquet - L'unique agence Guy Hoquet sur Lyon 7 depuis 1998,qualifie,Lyon,immobilier,Agence immobilière Guy Hoquet - L'unique agence Guy Hoquet sur Lyon 7 depuis 1998,https://lyon-7.guy-hoquet.com/
8212,a.daiu@fredelion.com,2026-09-14T14:46:34,0,4.8,,0,"
26 Rue de Turin, 75008 Paris, France",1,"{""legacy_id"": 573, ""legacy_table"": ""leads_bruts"", ""source_legacy"": ""maps"", ""statut_legacy"": ""envoye"", ""categorie"": ""immobilier"", ""mot_cle"": ""agent immobilier"", ""lien_maps"": ""https://www.google.com/maps/place/Agence+immobili%C3%A8re+FREDeLION+%E2%80%93+Paris+8+Europe/data=!4m7!3m6!1s0x47e66e4b59dd0077:0xe7aef7c81829aee1!8m2!3d48.8817473!4d2.3246528!16s%2Fg%2F11f30pllnh!19sChIJdwDdWUtu5kcR4a4pGMj3ruc?authuser=0&hl=fr&rclk=1"", ""pays"": ""fr"", ""ml_extracted"": ""{\""persons\"": [], \""emails\"": [\""a.daiu@fredelion.com\""], \""phones\"": [], \""siret\"": null, \""rcs\"": null, \""capital\"": null, \""adresse\"": null, \""editeur\"": \""La responsabilité de l'édition de ce site sera portée par Fredelion\""}"", ""date_scraping"": ""2026-06-01 22:34:40"", ""niveau_urgence"": 0, ""ecarte_legacy"": 0, ""mobile_score"": 0, ""desktop_score"": 0, ""score_performance"": 0, ""score_seo"": 0, ""score_gmb"": 0, ""score_urgence"": 0.0, ""approuve"": 1, ""template_variant"": ""v1"", ""profile"": ""immobilier"", ""statut_prospection"": ""step1_envoye"", ""date_audit"": ""2026-06-10 07:22:09"", ""ia_opportunite"": 35, ""ia_signaux"": ""fredelion.com = réseau Fredelion — grand compte"", ""ia_reco"": ""a_verifier""}",Editeur: La responsabilité de l'édition de ce site sera portée par Fredelion | Email: a.daiu@fredelion.com,2026-09-16T16:27:35,legacy_maps,7841,+33144909017,"{""created_at"": ""2026-09-14T14:46:34"", ""source"": ""legacy_maps""}",144,Agence immobilière FREDeLION – Paris 8 Europe,qualifie,Paris,immobilier,Agence immobilière FREDeLION – Paris 8 Europe,https://www.fredelion.com/agences/paris-8-europe/
28,coralinebetta@live.fr,2026-09-14T14:46:34,15,4.9,,0,"
28 Bd Bara, 13013 Marseille, France",1,"{""legacy_id"": 384, ""legacy_table"": ""leads_bruts"", ""source_legacy"": ""maps"", ""statut_legacy"": ""envoye"", ""categorie"": ""immobilier"", ""mot_cle"": ""estimation immobiliere"", ""lien_maps"": ""https://www.google.com/maps/place/ART+DE+L%27IMMOBILIER+-+agence+immobili%C3%A8re+Marseille+13013+Allauch+Plan+de+Cuques/data=!4m7!3m6!1s0x12c9bfc10eac4501:0x759019c5c57841d5!8m2!3d43.3514548!4d5.4404169!16s%2Fg%2F1td1m1yb!19sChIJAUWsDsG_yRIR1UF4xcUZkHU?authuser=0&hl=fr&rclk=1"", ""pays"": ""fr"", ""telephone_2"": ""0491061976, 0611759651"", ""ml_extracted"": ""{\""persons\"": [], \""emails\"": [\""coralinebetta@live.fr\""], \""phones\"": [\""0491061976\"", \""0611759651\""], \""siret\"": null, \""rcs\"": \""RCS Marseille 480696350\"", \""capital\"": null, \""adresse\"": null, \""editeur\"": null}"", ""date_scraping"": ""2026-06-01 20:19:59"", ""niveau_urgence"": 0, ""ecarte_legacy"": 0, ""mobile_score"": 0, ""desktop_score"": 0, ""score_performance"": 0, ""score_seo"": 0, ""score_gmb"": 0, ""score_urgence"": 0.0, ""approuve"": 1, ""template_variant"": ""v1"", ""profile"": ""immobilier"", ""statut_prospection"": ""step1_envoye"", ""date_audit"": ""2026-06-10 07:22:09"", ""ia_score"": 15, ""ia_opportunite"": 1, ""ia_signaux"": ""pas_https(+15)""}","RCS: RCS Marseille 480696350 | Email: coralinebetta@live.fr | Tel: 0491061976, 0611759651",2026-09-16T16:27:35,legacy_maps,7828,+33611759651,"{""created_at"": ""2026-09-14T14:46:34"", ""source"": ""legacy_maps""}",146,ART DE L'IMMOBILIER - agence immobilière Marseille 13013 Allauch Plan de Cuques,qualifie,Marseille,immobilier,ART DE L'IMMOBILIER - agence immobilière Marseille 13013 Allauch Plan de Cuques,http://www.art-de-immobilier.com/
50,,2026-09-14T14:46:34,0,4.9,,0,"
50 Rue du Faubourg Saint-Denis, 75010 Paris, France",1,"{""legacy_id"": 356, ""legacy_table"": ""leads_bruts"", ""source_legacy"": ""maps"", ""statut_legacy"": ""en_attente"", ""categorie"": ""immobilier"", ""mot_cle"": ""agent immobilier"", ""lien_maps"": ""https://www.google.com/maps/place/Agence+immobili%C3%A8re+Lafor%C3%AAt+Paris+10eme+%28Rue+Du+Fbg+Saint-Denis%29/data=!4m7!3m6!1s0x47e66fb68ca5cee7:0xabb5309081abedb9!8m2!3d48.8719843!4d2.3540348!16s%2Fg%2F11f5tz4p2w!19sChIJ586ljLZv5kcRue2rgZAwtas?authuser=0&hl=fr&rclk=1"", ""pays"": ""fr"", ""ml_extracted"": ""{\""persons\"": [], \""emails\"": [], \""phones\"": [], \""siret\"": null, \""rcs\"": null, \""capital\"": null, \""adresse\"": null, \""editeur\"": null}"", ""date_scraping"": ""2026-06-01 20:17:21"", ""niveau_urgence"": 0, ""ecarte_legacy"": 0, ""mobile_score"": 0, ""desktop_score"": 0, ""score_performance"": 0, ""score_seo"": 0, ""score_gmb"": 0, ""score_urgence"": 0.0, ""approuve"": 1, ""template_variant"": ""v1"", ""profile"": ""immobilier"", ""statut_prospection"": ""a_contacter"", ""date_audit"": ""2026-06-10 07:22:09"", ""ia_opportunite"": 35, ""ia_signaux"": ""laforet.com = réseau Laforêt — grand compte"", ""ia_reco"": ""a_verifier""}","Skip to main content User Agreement Privacy Policy Professional Community Policies Cookie Policy Copyright Policy Regional Info Privacy Policy Effective November 3, 2025 Your Privacy Matters LinkedIn’s mission is to connect the world’s professionals to allow them to be more productive and successful. Central to this mission is our commitment to be transparent about the data we collect about you, how it is used and with whom it is shared. This Privacy Policy applies when you use our Services (described below). We offer our users choices about the data we collect, use and share as described in this Privacy Policy, Cookie Policy, Settings and our Help Center. Key Terms Table of Contents Data We Collect How We Use Your Data How We Share Information Your Choices and Obligations Other Important Information Introduction We are a social network and online platform for professionals. People use our Services to find and be found for business opportunities, to connect with others and find information. Our Privacy Policy applies to any Member or Visitor to our Services. Our registered users (“Members”) share their professional identities, engage with their network, exchange knowledge and professional insights, post and view relevant content, learn and develop skills, and find business and career opportunities. Content and data on some of our Services is viewable to non-Members (“Visitors”). We use the term “Designated Countries” to refer to countries in the European Union (EU), European Economic Area (EEA), and Switzerland. Members and Visitors located in the Designated Countries or the UK can review additional information in our European Regional Privacy Notice. Services This Privacy Policy, including our Cookie Policy applies to your use of our Services. This Privacy Policy applies to LinkedIn.com, LinkedIn-branded apps, and other LinkedIn-branded sites, apps, communications and services offered by LinkedIn (“Services”), including off-site Services, such as our ad services and the “Apply with LinkedIn” and “Share with LinkedIn” plugins, but excluding services that state that they are offered under a different privacy policy. For California residents, additional disclosures required by California law may be found in our California Privacy Disclosure. Data Controllers and Contracting Parties If you are in the “Designated Countries”, LinkedIn Ireland Unlimited Company (“LinkedIn Ireland”) will be the controller of your personal data provided to, or collected by or for, or processed in connection with our Services. If you are outside of the Designated Countries, LinkedIn Corporation will be the controller of (or business responsible for) your personal data provided to, or collected by or for, or processed in connection with our Services. As a Visitor or Member of our Services, the collection, use and sharing of your personal data is subject to this Privacy Policy and other documents referenced in this Privacy Policy, as well as updates. Change Changes to the Privacy Policy apply to your use of our Services after the “effective date.” LinkedIn (“we” or “us”) can modify this Privacy Policy, and if we make material changes to it, we will provide notice through our Services, or by other means,",2026-09-16T16:27:35,legacy_maps,7827,+33184253615,"{""created_at"": ""2026-09-14T14:46:34"", ""source"": ""legacy_maps""}",144,Agence immobilière Laforêt Paris 10eme (Rue Du Fbg Saint-Denis),qualifie,Paris,immobilier,Agence immobilière Laforêt Paris 10eme (Rue Du Fbg Saint-Denis),https://www.laforet.com/agence-immobiliere/paris10saintdenis?utm_source=google&utm_medium=mybusiness
75,,2026-09-14T14:46:34,0,4.9,,0,"
75 R. de Turbigo, 75003 Paris, France",1,"{""legacy_id"": 350, ""legacy_table"": ""leads_bruts"", ""source_legacy"": ""maps"", ""statut_legacy"": ""en_attente"", ""categorie"": ""immobilier"", ""mot_cle"": ""agent immobilier"", ""lien_maps"": ""https://www.google.com/maps/place/Agence+immobili%C3%A8re+FREDeLION+%E2%80%93+Paris+3+Haut-Marais/data=!4m7!3m6!1s0x47e66fd996105e49:0xcf9f765a027824fe!8m2!3d48.8665026!4d2.3598663!16s%2Fg%2F11f8jkfn_y!19sChIJSV4Qltlv5kcR_iR4Alp2n88?authuser=0&hl=fr&rclk=1"", ""pays"": ""fr"", ""date_scraping"": ""2026-06-01 20:17:21"", ""niveau_urgence"": 0, ""ecarte_legacy"": 0, ""mobile_score"": 0, ""desktop_score"": 0, ""score_performance"": 0, ""score_seo"": 0, ""score_gmb"": 0, ""score_urgence"": 0.0, ""approuve"": 1, ""template_variant"": ""v1"", ""profile"": ""immobilier"", ""statut_prospection"": ""a_contacter"", ""date_audit"": ""2026-06-10 07:22:09"", ""ia_opportunite"": 2, ""ia_signaux"": ""calendly.com = plateforme RDV — pas de site propre"", ""ia_reco"": ""a_verifier""}",,2026-09-16T16:27:35,legacy_maps,7826,+33148875563,"{""created_at"": ""2026-09-14T14:46:34"", ""source"": ""legacy_maps""}",144,Agence immobilière FREDeLION – Paris 3 Haut-Marais,qualifie,Paris,immobilier,Agence immobilière FREDeLION – Paris 3 Haut-Marais,https://calendly.com/haut-marais-fredelion/30min
9157,,2026-09-14T14:46:34,0,4.9,,0,"
124 Bd Richard-Lenoir, 75011 Paris, France",1,"{""legacy_id"": 586, ""legacy_table"": ""leads_bruts"", ""source_legacy"": ""maps"", ""statut_legacy"": ""en_attente"", ""categorie"": ""immobilier"", ""mot_cle"": ""agent immobilier"", ""lien_maps"": ""https://www.google.com/maps/place/Agence+immobili%C3%A8re+l%27Adresse+Paris+11+Oberkampf/data=!4m7!3m6!1s0x47e66dfcd7bc4997:0x9a2d51cbfb75488d!8m2!3d48.8652022!4d2.3706465!16s%2Fg%2F11csq7ndgh!19sChIJl0m81_xt5kcRjUh1-8tRLZo?authuser=0&hl=fr&rclk=1"", ""pays"": ""fr"", ""ml_extracted"": ""{\""persons\"": [], \""emails\"": [], \""phones\"": [], \""siret\"": null, \""rcs\"": null, \""capital\"": null, \""adresse\"": null, \""editeur\"": null}"", ""date_scraping"": ""2026-06-01 22:34:41"", ""niveau_urgence"": 0, ""ecarte_legacy"": 0, ""mobile_score"": 0, ""desktop_score"": 0, ""score_performance"": 0, ""score_seo"": 0, ""score_gmb"": 0, ""score_urgence"": 0.0, ""approuve"": 1, ""template_variant"": ""v1"", ""profile"": ""immobilier"", ""statut_prospection"": ""a_contacter"", ""date_audit"": ""2026-06-10 07:22:09"", ""ia_opportunite"": 35, ""ia_signaux"": ""réseau LAdresse (ladresse) — grand compte"", ""ia_reco"": ""a_verifier""}","Acheter Louer Connexion Agence Immobilière l'Adresse Oberkampf Paris 11 🏡 Depuis plus d’une décennie, L’adresse Paris-Oberkampf est votre agence immobilière de confiance à Paris (📍124 bd Richard-Lenoir). Nous sommes spécialisés en transaction (vente & achat d'appartements) et en gestion locative. Vous êtes propriétaire ? Confiez-nous votre bien : nous gérons la mise en location, la sélection des locataires, les baux et le suivi complet. 📑 Vous souhaitez vendre ou connaître la valeur de votre bien ? Profitez d’une estimation fiable et gratuite, réalisée par nos experts. 🔍 Une équipe locale, réactive et engagée pour concrétiser tous vos projets immobiliers à Paris. 🤝 Contactez-nous dès aujourd’hui ! Nous faisons partie du réseau L'ADRESSE (350 agences en France et 80 en IDF) réseau coopératif créé en 1999. Estimer Acheter Louer Quel type de bien ? Maison Appartement Demeure de Prestige Fonds de commerce Parking / box Immeuble Domaine agricole Domaine forestier Terrain Bureaux Cession de bail Entrepôt / Local industriel Loft Murs Entreprise Longère Villa Etang Moulin Manoir Programme Neuf Riad Corps de ferme Local commercial Terrain de loisirs Bastide Château Hotel particulier Bergerie Hameau Grange Lotissement Local d'activité Chalet Maison de village Mas Exploitation Agricole Cave Propriété de chasse Propriété de loisirs Propriété d'agrément Bois de chasse Territoire de chasse Marina Péniche Chambre Immeuble de rapport Maison de maître Maison bourgeoise Maison de ville Maison de pays Fermette Ferme Demeure Maison d'architecte Mobil Home Dépendance Grange aménagée Maison de gardien Demeure Contemporaine Haras Ecurie Propriété Equestre Rechercher Plus de critères Vous souhaitez acheter un bien ? Simulez votre financement. Vous voulez vendre votre maison ou appartement ? Estimez la valeur de votre bien. Agence immobilière l'Adresse à Paris 11 Agence immobilière Paris – Paris-Oberkampf Depuis plus de 10 ans, l'agence L’adresse Paris-Oberkampf, située au 124 boulevard Richard-Lenoir, est une référence en matière de transaction immobilière, de location et gestion locative d'appartements sur la commune de Paris.Nous sommes spécialisés sur le secteur de Paris. Notre parfaite connaissance du marché local nous permet de vous offrir un accompagnement sur mesure, que vous soyez propriétaire, vendeur, investisseur ou futur acquéreur. 🔑 Nos services : • Estimation immobilière Paris Vous souhaitez vendre un appartement à Paris ? Notre équipe réalise des estimations précises et gratuites, basées sur les prix au m² du quartier et les données du marché local. Que ce soit pour une vente d'appartement ou une estimation de maison à Paris 11, nous vous aidons à vendre dans les meilleures conditions. • Gestion locative Paris Nous proposons un service complet de gestion locative : recherche de locataire, rédaction du bail, état des lieux, encaissement des loyers et suivi administratif. Vous êtes propriétaire bailleur à Paris ? Déléguez la gestion de votre appartement à une agence de proximité fiable et expérimentée. • Mise en location d'appartements à Paris Vous cherchez une agence pour mettre en location votre bien ? Nous assurons une location rapide et sécurisée, que ce soit pour un studio, un T2, T3,T4, immeuble, location de locaux commerciaux, un appartement meublé, vide",2026-09-16T16:27:35,legacy_maps,7811,+33181697650,"{""created_at"": ""2026-09-14T14:46:34"", ""source"": ""legacy_maps""}",144,Agence immobilière l'Adresse Paris 11 Oberkampf,qualifie,Paris,immobilier,Agence immobilière l'Adresse Paris 11 Oberkampf,https://www.ladresse-paris-oberkampf.com/
9195,contact@noveo-immo.fr,2026-09-14T14:46:34,0,4.9,,0,"
139 Av. Félix Faure, 69003 Lyon, France",1,"{""legacy_id"": 588, ""legacy_table"": ""leads_bruts"", ""campaign_legacy_id"": 12, ""source_legacy"": ""maps"", ""statut_legacy"": ""envoye"", ""categorie"": ""immobilier"", ""mot_cle"": ""agence immobilière"", ""lien_maps"": ""https://www.google.com/maps/place/Agence+immobili%C3%A8re+NOV%C3%89O+IMMO+Lyon/data=!4m7!3m6!1s0x47f4eb4934c46207:0xe722028be16103c4!8m2!3d45.7543738!4d4.8640076!16s%2Fg%2F11rnf9gxtk!19sChIJB2LENEnr9EcRxANh4YsCIuc?authuser=0&hl=fr&rclk=1"", ""pays"": ""fr"", ""ml_extracted"": ""{\""persons\"": [], \""emails\"": [\""contact@noveo-immo.fr\""], \""phones\"": [], \""siret\"": null, \""rcs\"": null, \""capital\"": null, \""adresse\"": null, \""editeur\"": null}"", ""date_scraping"": ""2026-06-15 21:13:35"", ""niveau_urgence"": 0, ""ecarte_legacy"": 0, ""mobile_score"": 0, ""desktop_score"": 0, ""score_performance"": 0, ""score_seo"": 0, ""score_gmb"": 0, ""score_urgence"": 0.0, ""approuve"": 1, ""template_variant"": ""v1"", ""profile"": ""immobilier"", ""statut_prospection"": ""step1_envoye"", ""date_audit"": ""2026-06-10 07:22:09"", ""ia_score"": 0, ""ia_opportunite"": 1, ""ia_signaux"": ""Site moderne""}",Email: contact@noveo-immo.fr,2026-09-16T16:27:35,legacy_maps,7808,+33472343592,"{""created_at"": ""2026-09-14T14:46:34"", ""source"": ""legacy_maps""}",146,Agence immobilière NOVÉO IMMO Lyon,qualifie,Lyon,immobilier,Agence immobilière NOVÉO IMMO Lyon,https://www.noveo-immo.fr/
9233,agence@twinbi.com,2026-09-14T14:46:34,25,4.9,,0,"
Arrondissement FR, 188 Bd Voltaire, 75011 Paris, France",1,"{""legacy_id"": 577, ""legacy_table"": ""leads_bruts"", ""source_legacy"": ""maps"", ""statut_legacy"": ""envoye"", ""categorie"": ""immobilier"", ""mot_cle"": ""agent immobilier"", ""lien_maps"": ""https://www.google.com/maps/place/Agence+immobili%C3%A8re+Paris+11+-+L%27immobilier+sur+Mesure/data=!4m7!3m6!1s0x47e66d553515285b:0x34b102af6ccfbb30!8m2!3d48.8542263!4d2.3854728!16s%2Fg%2F11gmg5029k!19sChIJWygVNVVt5kcRMLvPbK8CsTQ?authuser=0&hl=fr&rclk=1"", ""pays"": ""fr"", ""telephone_2"": ""0184251818, 0153251622"", ""ml_extracted"": ""{\""persons\"": [], \""emails\"": [\""agence@twinbi.com\""], \""phones\"": [\""0184251818\"", \""0153251622\""], \""siret\"": \""42476141900011\"", \""rcs\"": null, \""capital\"": \""500 000 €\"", \""adresse\"": \""135 rue de Fontenay 94300 VINCENNES CONCEPTION GRAPHIQUE\"", \""editeur\"": null}"", ""date_scraping"": ""2026-06-01 22:34:40"", ""niveau_urgence"": 0, ""ecarte_legacy"": 0, ""mobile_score"": 0, ""desktop_score"": 0, ""score_performance"": 0, ""score_seo"": 0, ""score_gmb"": 0, ""score_urgence"": 0.0, ""approuve"": 1, ""template_variant"": ""v1"", ""profile"": ""immobilier"", ""statut_prospection"": ""step1_envoye"", ""date_audit"": ""2026-06-10 07:22:09"", ""ia_score"": 25, ""ia_opportunite"": 2, ""ia_signaux"": ""pas_https(+15); no_favicon(+5); no_og(+5)"", ""ia_reco"": ""a_verifier""}","SIRET: 42476141900011 | Adresse: 135 rue de Fontenay 94300 VINCENNES CONCEPTION GRAPHIQUE | Capital: 500 000 € | Email: agence@twinbi.com | Tel: 0184251818, 0153251622",2026-09-16T16:27:35,legacy_maps,7805,+33184251818,"{""created_at"": ""2026-09-14T14:46:34"", ""source"": ""legacy_maps""}",144,Agence immobilière Paris 11 - L'immobilier sur Mesure,qualifie,Paris,immobilier,Agence immobilière Paris 11 - L'immobilier sur Mesure,http://www.immobilier-surmesure.com/contact/
7,contact@aixty.com,2026-09-14T14:46:34,5,5.0,,0,"
7 Rue Pascal Ruinat, 13005 Marseille, France",1,"{""legacy_id"": 386, ""legacy_table"": ""leads_bruts"", ""source_legacy"": ""maps"", ""statut_legacy"": ""envoye"", ""categorie"": ""immobilier"", ""mot_cle"": ""estimation immobiliere"", ""lien_maps"": ""https://www.google.com/maps/place/AIXTY+Marseille+Immobilier+-+Agence+immobili%C3%A8re+pour+la+Transaction+%28+Vente+-+Achat+%29+-+Gestion+-+Investissement+immobilier/data=!4m7!3m6!1s0x12c9bf99b912331f:0x431593e1b3913838!8m2!3d43.2920797!4d5.4087277!16s%2Fg%2F11y28_jr65!19sChIJHzMSuZm_yRIRODiRs-GTFUM?authuser=0&hl=fr&rclk=1"", ""pays"": ""fr"", ""email_2"": ""isaurinda.lopes@aixty.com"", ""telephone_2"": ""0442123892, 0491588003, 0679927805, 0201600000"", ""ml_extracted"": ""{\""persons\"": [], \""emails\"": [\""contact@aixty.com\"", \""isaurinda.lopes@aixty.com\""], \""phones\"": [\""0442123892\"", \""0491588003\"", \""0679927805\"", \""0201600000\""], \""siret\"": \""81457699700021\"", \""rcs\"": \""RCS  814576997\"", \""capital\"": null, \""adresse\"": \""1695 Route d'Eguilles 13090 Aix-en-Provence Téléphone\"", \""editeur\"": \""Le présent site est la propriété de la société AIXTY immobilier\""}"", ""date_scraping"": ""2026-06-01 20:19:59"", ""niveau_urgence"": 0, ""ecarte_legacy"": 0, ""mobile_score"": 0, ""desktop_score"": 0, ""score_performance"": 0, ""score_seo"": 0, ""score_gmb"": 0, ""score_urgence"": 0.0, ""approuve"": 1, ""template_variant"": ""v1"", ""profile"": ""immobilier"", ""statut_prospection"": ""step1_envoye"", ""date_audit"": ""2026-06-10 07:22:09"", ""ia_score"": 5, ""ia_opportunite"": 1, ""ia_signaux"": ""no_webp(+5)""}","Editeur: Le présent site est la propriété de la société AIXTY immobilier | SIRET: 81457699700021 | RCS: RCS  814576997 | Adresse: 1695 Route d'Eguilles 13090 Aix-en-Provence Téléphone | Email: contact@aixty.com, isaurinda.lopes@aixty.com | Tel: 0442123892, 0491588003, 0679927805, 0201600000",2026-09-16T16:27:35,legacy_maps,7797,+33491588003,"{""created_at"": ""2026-09-14T14:46:34"", ""source"": ""legacy_maps""}",146,AIXTY Marseille Immobilier - Agence immobilière pour la Transaction ( Vente - Achat ) - Gestion - Investissement immobilier,qualifie,Marseille,immobilier,AIXTY Marseille Immobilier - Agence immobilière pour la Transaction ( Vente - Achat ) - Gestion - Investissement immobilier,https://aixty.com/
84,,2026-09-14T14:46:34,20,5.0,,0,"
10 Rue Cambon, 75001 Paris, France",1,"{""legacy_id"": 550, ""legacy_table"": ""leads_bruts"", ""source_legacy"": ""maps"", ""statut_legacy"": ""en_attente"", ""categorie"": ""immobilier"", ""mot_cle"": ""agence immobilière"", ""lien_maps"": ""https://www.google.com/maps/place/SEPTEMBER+%E2%80%94+Agence+immobili%C3%A8re+Paris/data=!4m7!3m6!1s0x47e66fe3fd85624f:0xfe4d4537fa9e36d9!8m2!3d48.8669637!4d2.3260009!16s%2Fg%2F11h_c9_wnp!19sChIJT2KF_eNv5kcR2Tae-jdFTf4?authuser=0&hl=fr&rclk=1"", ""pays"": ""fr"", ""ml_extracted"": ""{\""persons\"": [], \""emails\"": [], \""phones\"": [], \""siret\"": null, \""rcs\"": null, \""capital\"": null, \""adresse\"": \""222 Bd Gustave Flaubert 63000 Clermont-Ferrand Droits des utilisateurs Conformément à la réglementation européenne et à la loi Informatique et libertés du\"", \""editeur\"": null}"", ""date_scraping"": ""2026-06-01 22:33:20"", ""niveau_urgence"": 0, ""ecarte_legacy"": 0, ""mobile_score"": 0, ""desktop_score"": 0, ""score_performance"": 0, ""score_seo"": 0, ""score_gmb"": 0, ""score_urgence"": 0.0, ""approuve"": 1, ""template_variant"": ""v1"", ""profile"": ""immobilier"", ""statut_prospection"": ""a_contacter"", ""date_audit"": ""2026-06-10 07:22:09"", ""ia_score"": 20, ""ia_opportunite"": 2, ""ia_signaux"": ""pas_https(+15); no_webp(+5)"", ""ia_reco"": ""a_verifier""}",Adresse: 222 Bd Gustave Flaubert 63000 Clermont-Ferrand Droits des utilisateurs Conformément à la réglementat,2026-09-16T16:27:35,legacy_maps,7794,+33142337698,"{""created_at"": ""2026-09-14T14:46:34"", ""source"": ""legacy_maps""}",144,SEPTEMBER — Agence immobilière Paris,qualifie,Paris,immobilier,SEPTEMBER — Agence immobilière Paris,http://www.september.immo/
119,,2026-09-14T14:46:34,0,5.0,,0,"
119 Rue Garibaldi, 69006 Lyon, France",1,"{""legacy_id"": 359, ""legacy_table"": ""leads_bruts"", ""source_legacy"": ""maps"", ""statut_legacy"": ""en_attente"", ""categorie"": ""immobilier"", ""mot_cle"": ""agence immobiliere"", ""lien_maps"": ""https://www.google.com/maps/place/L%27AGENCE+%7C+Agence+Immobili%C3%A8re+Lyon/data=!4m7!3m6!1s0x47f4eb9877f378df:0x1985b396281c37fd!8m2!3d45.7646947!4d4.8515911!16s%2Fg%2F11pxlcgcrc!19sChIJ33jzd5jr9EcR_TccKJazhRk?authuser=0&hl=fr&rclk=1"", ""pays"": ""fr"", ""ml_extracted"": ""{\""persons\"": [], \""emails\"": [], \""phones\"": [], \""siret\"": null, \""rcs\"": null, \""capital\"": null, \""adresse\"": null, \""editeur\"": null}"", ""date_scraping"": ""2026-06-01 20:18:25"", ""niveau_urgence"": 0, ""ecarte_legacy"": 0, ""mobile_score"": 0, ""desktop_score"": 0, ""score_performance"": 0, ""score_seo"": 0, ""score_gmb"": 0, ""score_urgence"": 0.0, ""approuve"": 1, ""template_variant"": ""v1"", ""profile"": ""immobilier"", ""statut_prospection"": ""a_contacter"", ""date_audit"": ""2026-06-10 07:22:09"", ""ia_score"": 0, ""ia_opportunite"": 1, ""ia_signaux"": ""Site moderne""}",Not Found The requested URL was not found on this server. Apache/2.4.54 (Debian) Server at www.lagencell.fr Port 80,2026-09-16T16:27:35,legacy_maps,7791,+33478656510,"{""created_at"": ""2026-09-14T14:46:34"", ""source"": ""legacy_maps""}",146,L'AGENCE | Agence Immobilière Lyon,qualifie,Lyon,immobilier,L'AGENCE | Agence Immobilière Lyon,https://www.lagencell.fr/
753,,2026-09-14T14:46:33,0,4.7,Sites,0,"
11 Rue Antoine Bourdelle, 75015 Paris, France",1,"{""legacy_id"": 863, ""legacy_table"": ""leads_bruts"", ""source_legacy"": ""maps"", ""statut_legacy"": ""en_attente"", ""categorie"": ""ecoles_formation"", ""mot_cle"": ""centre de formation"", ""lien_maps"": ""https://www.google.com/maps/place/Dawan+Paris/data=!4m7!3m6!1s0x47e671ccb16540b5:0xb94e60afcc950426!8m2!3d48.8427531!4d2.3185778!16s%2Fg%2F1tpf6fx8!19sChIJtUBlscxx5kcRJgSVzK9gTrk?authuser=0&hl=fr&rclk=1"", ""pays"": ""fr"", ""ml_extracted"": ""{\""persons\"": [{\""role\"": \""Webmaster\"", \""prenom\"": \""Sites\"", \""nom\"": \""WEB\"", \""email\"": \""\"", \""telephone\"": \""\""}, {\""role\"": \""Dg\"", \""prenom\"": \""Server\"", \""nom\"": \""ZIMBRA\"", \""email\"": \""\"", \""telephone\"": \""\""}, {\""role\"": \""Administrateur\"", \""prenom\"": \""Linux\"", \""nom\"": \""LINUX\"", \""email\"": \""\"", \""telephone\"": \""\""}], \""emails\"": [], \""phones\"": [], \""siret\"": null, \""rcs\"": null, \""capital\"": null, \""adresse\"": null, \""editeur\"": null}"", ""date_scraping"": ""2026-06-02 00:01:37"", ""niveau_urgence"": 0, ""ecarte_legacy"": 0, ""mobile_score"": 0, ""desktop_score"": 0, ""score_performance"": 0, ""score_seo"": 0, ""score_gmb"": 0, ""score_urgence"": 0.0, ""approuve"": 1, ""template_variant"": ""v1"", ""profile"": ""ecoles_formation"", ""statut_prospection"": ""a_contacter"", ""date_audit"": ""2026-06-10 08:51:47"", ""ia_opportunite"": 35, ""ia_signaux"": ""dawan.fr = grand compte formation IT"", ""ia_reco"": ""a_verifier""}",Webmaster: Sites WEB | Dg: Server ZIMBRA | Administrateur: Linux LINUX,2026-09-16T16:27:35,legacy_maps,7437,+33972377373,"{""created_at"": ""2026-09-14T14:46:33"", ""source"": ""legacy_maps""}",144,Dawan Paris,qualifie,Paris,ecoles_formation,WEB,https://www.dawan.fr/
11,,2026-09-14T14:46:33,0,5.0,,0,,0,"{""legacy_id"": 394, ""legacy_table"": ""leads_bruts"", ""source_legacy"": ""maps"", ""statut_legacy"": ""audite"", ""categorie"": ""Agence immobilière"", ""mot_cle"": ""courtier immobilier"", ""lien_maps"": ""https://www.google.com/maps/place/Immopr%C3%AAt+Paris+Le+Marais+-+R%C3%A9publique+%28ex+Ace+Cr%C3%A9dit%29+-+Courtier+en+pr%C3%AAt+immobilier/data=!4m7!3m6!1s0x47e66d6da3d0b8f1:0x8d63da9d0cf07053!8m2!3d48.8596533!4d2.3788086!16s%2Fg%2F11v5byn1jc!19sChIJ8bjQo21t5kcRU3DwDJ3aY40?authuser=0&hl=fr&rclk=1"", ""pays"": ""fr"", ""date_scraping"": ""2026-06-01 20:21:10"", ""niveau_urgence"": 0, ""ecarte_legacy"": 0, ""mobile_score"": 0, ""desktop_score"": 0, ""score_performance"": 0, ""score_seo"": 0, ""score_gmb"": 0, ""score_urgence"": 8.0, ""approuve"": 0, ""template_used"": ""maquette"", ""template_variant"": ""v1"", ""profile"": ""A"", ""statut_prospection"": ""a_contacter"", ""date_audit"": ""2026-06-27 14:16:56"", ""lien_rapport"": ""local://immoprt-paris-le-marais-rpublique-ex-ace-crdit-cou/"", ""ia_opportunite"": 2, ""ia_signaux"": ""Aucun site, aucun contact — à vérifier (GMB)"", ""ia_reco"": ""a_verifier""}",,2026-09-17T12:19:03,legacy_maps,7309,,"{""created_at"": ""2026-09-14T14:46:33"", ""source"": ""legacy_maps""}",150,Immoprêt Paris Le Marais - République (ex Ace Crédit) - Courtier en prêt immobilier,qualifie,Paris,Agence immobilière,Immoprêt Paris Le Marais - République (ex Ace Crédit) - Courtier en prêt immobilier,
0,contact@jobaffinity.fr,2026-09-14T14:46:32,15,,,0,,0,"{""legacy_id"": 338, ""legacy_table"": ""leads_bruts"", ""source_legacy"": ""jobs"", ""statut_legacy"": ""email_genere"", ""categorie"": ""Signal RH — developpeur web"", ""mot_cle"": ""developpeur web"", ""pays"": ""fr"", ""ml_extracted"": ""{\""persons\"": [], \""emails\"": [], \""phones\"": [], \""siret\"": null, \""rcs\"": null, \""capital\"": null, \""adresse\"": null, \""editeur\"": null}"", ""date_scraping"": ""2026-06-01 20:13:56"", ""tag_urgence"": ""audit_pending"", ""niveau_urgence"": 1, ""ecarte_legacy"": 0, ""mobile_score"": 0, ""desktop_score"": 0, ""score_performance"": 0, ""score_seo"": 92, ""score_gmb"": 0, ""score_urgence"": 20.0, ""probleme_principal"": ""audit_pending"", ""rapport_resume"": ""Audit technique en attente ou échoué"", ""approuve"": 1, ""template_used"": ""sniper"", ""template_variant"": ""v1"", ""statut_prospection"": ""a_contacter"", ""date_audit"": ""2026-06-02 14:42:34"", ""lien_rapport"": ""https://audit.incidenx.com/jobaffinity-fr/"", ""ia_opportunite"": 50, ""ia_signaux"": ""Le site pointé (jobaffinity.fr) est la page de connexion du SaaS ATS JobAffinity, PAS le site vitrine d'AK Recrutement. Email/tél scrapés = contact de l'éditeur. Vrai site et vrai contact à retrouver — donnée non fiable."", ""ia_reco"": ""a_verifier""}",Bienvenue sur JobAffinity Votre espace de recrutement centralisé Identifiant Mot de passe Mot de passe oublié ? Se connecter Ou Compte Google Compte Microsoft Se connecter avec un compte entreprise Vous n'êtes pas encore client Jobaffinity ? Contactez-nous,2026-09-17T12:02:04,legacy_sniper,6855,0145260873,"{""created_at"": ""2026-09-14T14:46:32"", ""source"": ""legacy_sniper""}",140,AK RECRUTEMENT,qualifie,69 - LYON,Signal RH — developpeur web,AK RECRUTEMENT,https://jobaffinity.fr
0,contact@taleez.com,2026-09-14T14:46:32,5,,,0,,0,"{""legacy_id"": 339, ""legacy_table"": ""leads_bruts"", ""source_legacy"": ""jobs"", ""statut_legacy"": ""email_genere"", ""categorie"": ""Signal RH — developpeur web"", ""mot_cle"": ""developpeur web"", ""pays"": ""fr"", ""ml_extracted"": ""{\""persons\"": [], \""emails\"": [\""dpo@taleez.com\""], \""phones\"": [], \""siret\"": null, \""rcs\"": null, \""capital\"": null, \""adresse\"": null, \""editeur\"": null}"", ""date_scraping"": ""2026-06-01 20:14:06"", ""tag_urgence"": ""audit_pending"", ""niveau_urgence"": 1, ""ecarte_legacy"": 0, ""mobile_score"": 0, ""desktop_score"": 0, ""score_performance"": 0, ""score_seo"": 100, ""score_gmb"": 0, ""score_urgence"": 20.0, ""probleme_principal"": ""audit_pending"", ""rapport_resume"": ""Audit technique en attente ou échoué"", ""approuve"": 1, ""template_used"": ""sniper"", ""template_variant"": ""v1"", ""statut_prospection"": ""step1_envoye"", ""date_audit"": ""2026-06-02 14:42:34"", ""lien_rapport"": ""https://audit.incidenx.com/taleez-com/"", ""ia_opportunite"": 50, ""ia_signaux"": ""Le site pointé (taleez.com) est l'éditeur ATS Taleez (SaaS RH), PAS le site de J.E.S. Email/tél scrapés = contact de l'éditeur. Vrai site et vrai contact à retrouver — donnée non fiable."", ""ia_reco"": ""a_verifier""}",Email: dpo@taleez.com,2026-09-17T12:02:04,legacy_sniper,6854,0772508984,"{""created_at"": ""2026-09-14T14:46:32"", ""source"": ""legacy_sniper""}",140,J.E.S.,qualifie,44 - Nantes,Signal RH — developpeur web,J.E.S.,https://taleez.com
0,contact@jobaffinity.fr,2026-09-14T14:46:32,15,,,0,,0,"{""legacy_id"": 338, ""legacy_table"": ""leads_bruts"", ""source_legacy"": ""jobs"", ""statut_legacy"": ""email_genere"", ""categorie"": ""Signal RH — developpeur web"", ""mot_cle"": ""developpeur web"", ""pays"": ""fr"", ""ml_extracted"": ""{\""persons\"": [], \""emails\"": [], \""phones\"": [], \""siret\"": null, \""rcs\"": null, \""capital\"": null, \""adresse\"": null, \""editeur\"": null}"", ""date_scraping"": ""2026-06-01 20:13:56"", ""tag_urgence"": ""audit_pending"", ""niveau_urgence"": 1, ""ecarte_legacy"": 0, ""mobile_score"": 0, ""desktop_score"": 0, ""score_performance"": 0, ""score_seo"": 92, ""score_gmb"": 0, ""score_urgence"": 20.0, ""probleme_principal"": ""audit_pending"", ""rapport_resume"": ""Audit technique en attente ou échoué"", ""approuve"": 1, ""template_used"": ""sniper"", ""template_variant"": ""v1"", ""statut_prospection"": ""a_contacter"", ""date_audit"": ""2026-06-02 14:42:34"", ""lien_rapport"": ""https://audit.incidenx.com/jobaffinity-fr/"", ""ia_score"": 15, ""ia_opportunite"": 50, ""ia_signaux"": ""Le site pointé (jobaffinity.fr) est la page de connexion du SaaS ATS JobAffinity, PAS le site vitrine d'AK Recrutement. Email/tél scrapés = contact de l'éditeur. Vrai site et vrai contact à retrouver — donnée non fiable."", ""ia_reco"": ""a_verifier""}",Bienvenue sur JobAffinity Votre espace de recrutement centralisé Identifiant Mot de passe Mot de passe oublié ? Se connecter Ou Compte Google Compte Microsoft Se connecter avec un compte entreprise Vous n'êtes pas encore client Jobaffinity ? Contactez-nous,2026-09-17T12:02:04,legacy_maps,6629,0145260873,"{""created_at"": ""2026-09-14T14:46:32"", ""source"": ""legacy_maps""}",144,AK RECRUTEMENT,qualifie,69 - LYON,Signal RH — developpeur web,AK RECRUTEMENT,https://jobaffinity.fr
0,contact@taleez.com,2026-09-14T14:46:32,5,,,0,,0,"{""legacy_id"": 339, ""legacy_table"": ""leads_bruts"", ""source_legacy"": ""jobs"", ""statut_legacy"": ""email_genere"", ""categorie"": ""Signal RH — developpeur web"", ""mot_cle"": ""developpeur web"", ""pays"": ""fr"", ""ml_extracted"": ""{\""persons\"": [], \""emails\"": [\""dpo@taleez.com\""], \""phones\"": [], \""siret\"": null, \""rcs\"": null, \""capital\"": null, \""adresse\"": null, \""editeur\"": null}"", ""date_scraping"": ""2026-06-01 20:14:06"", ""tag_urgence"": ""audit_pending"", ""niveau_urgence"": 1, ""ecarte_legacy"": 0, ""mobile_score"": 0, ""desktop_score"": 0, ""score_performance"": 0, ""score_seo"": 100, ""score_gmb"": 0, ""score_urgence"": 20.0, ""probleme_principal"": ""audit_pending"", ""rapport_resume"": ""Audit technique en attente ou échoué"", ""approuve"": 1, ""template_used"": ""sniper"", ""template_variant"": ""v1"", ""statut_prospection"": ""step1_envoye"", ""date_audit"": ""2026-06-02 14:42:34"", ""lien_rapport"": ""https://audit.incidenx.com/taleez-com/"", ""ia_score"": 5, ""ia_opportunite"": 50, ""ia_signaux"": ""Le site pointé (taleez.com) est l'éditeur ATS Taleez (SaaS RH), PAS le site de J.E.S. Email/tél scrapés = contact de l'éditeur. Vrai site et vrai contact à retrouver — donnée non fiable."", ""ia_reco"": ""a_verifier""}",Email: dpo@taleez.com,2026-09-17T12:02:04,legacy_maps,6628,0772508984,"{""created_at"": ""2026-09-14T14:46:32"", ""source"": ""legacy_maps""}",144,J.E.S.,qualifie,44 - Nantes,Signal RH — developpeur web,J.E.S.,https://taleez.com
41,,2026-09-14T14:46:32,0,4.8,,0,"
41 Rue de Richelieu, 75001 Paris, France",1,"{""legacy_id"": 355, ""legacy_table"": ""leads_bruts"", ""source_legacy"": ""maps"", ""statut_legacy"": ""en_attente"", ""categorie"": ""immobilier"", ""mot_cle"": ""agent immobilier"", ""lien_maps"": ""https://www.google.com/maps/place/Agence+immobili%C3%A8re+Lafor%C3%AAt+Paris+1Er+-+ACHAT+-+VENTE+-+LOCATION+-+GESTION+LOCATIVE+-+SYNDIC/data=!4m7!3m6!1s0x47e66ffce5941fc5:0xaf896f7dbe7ecaa6!8m2!3d48.865863!4d2.3366453!16s%2Fg%2F11h42mwx9p!19sChIJxR-U5fxv5kcRpsp-vn1via8?authuser=0&hl=fr&rclk=1"", ""pays"": ""fr"", ""ml_extracted"": ""{\""persons\"": [], \""emails\"": [], \""phones\"": [], \""siret\"": null, \""rcs\"": null, \""capital\"": null, \""adresse\"": null, \""editeur\"": null}"", ""date_scraping"": ""2026-06-01 20:17:21"", ""niveau_urgence"": 0, ""ecarte_legacy"": 0, ""mobile_score"": 0, ""desktop_score"": 0, ""score_performance"": 0, ""score_seo"": 0, ""score_gmb"": 0, ""score_urgence"": 0.0, ""approuve"": 1, ""template_variant"": ""v1"", ""profile"": ""immobilier"", ""statut_prospection"": ""a_contacter"", ""date_audit"": ""2026-06-10 07:22:09"", ""ia_opportunite"": 35, ""ia_signaux"": ""laforet.com = réseau Laforêt — grand compte"", ""ia_reco"": ""a_verifier""}","Skip to main content User Agreement Privacy Policy Professional Community Policies Cookie Policy Copyright Policy Regional Info Privacy Policy Effective November 3, 2025 Your Privacy Matters LinkedIn’s mission is to connect the world’s professionals to allow them to be more productive and successful. Central to this mission is our commitment to be transparent about the data we collect about you, how it is used and with whom it is shared. This Privacy Policy applies when you use our Services (described below). We offer our users choices about the data we collect, use and share as described in this Privacy Policy, Cookie Policy, Settings and our Help Center. Key Terms Table of Contents Data We Collect How We Use Your Data How We Share Information Your Choices and Obligations Other Important Information Introduction We are a social network and online platform for professionals. People use our Services to find and be found for business opportunities, to connect with others and find information. Our Privacy Policy applies to any Member or Visitor to our Services. Our registered users (“Members”) share their professional identities, engage with their network, exchange knowledge and professional insights, post and view relevant content, learn and develop skills, and find business and career opportunities. Content and data on some of our Services is viewable to non-Members (“Visitors”). We use the term “Designated Countries” to refer to countries in the European Union (EU), European Economic Area (EEA), and Switzerland. Members and Visitors located in the Designated Countries or the UK can review additional information in our European Regional Privacy Notice. Services This Privacy Policy, including our Cookie Policy applies to your use of our Services. This Privacy Policy applies to LinkedIn.com, LinkedIn-branded apps, and other LinkedIn-branded sites, apps, communications and services offered by LinkedIn (“Services”), including off-site Services, such as our ad services and the “Apply with LinkedIn” and “Share with LinkedIn” plugins, but excluding services that state that they are offered under a different privacy policy. For California residents, additional disclosures required by California law may be found in our California Privacy Disclosure. Data Controllers and Contracting Parties If you are in the “Designated Countries”, LinkedIn Ireland Unlimited Company (“LinkedIn Ireland”) will be the controller of your personal data provided to, or collected by or for, or processed in connection with our Services. If you are outside of the Designated Countries, LinkedIn Corporation will be the controller of (or business responsible for) your personal data provided to, or collected by or for, or processed in connection with our Services. As a Visitor or Member of our Services, the collection, use and sharing of your personal data is subject to this Privacy Policy and other documents referenced in this Privacy Policy, as well as updates. Change Changes to the Privacy Policy apply to your use of our Services after the “effective date.” LinkedIn (“we” or “us”) can modify this Privacy Policy, and if we make material changes to it, we will provide notice through our Services, or by other means,",2026-09-16T16:27:35,legacy_maps,6624,+33177377411,"{""created_at"": ""2026-09-14T14:46:32"", ""source"": ""legacy_maps""}",144,Agence immobilière Laforêt Paris 1Er - ACHAT - VENTE - LOCATION - GESTION LOCATIVE - SYNDIC,qualifie,Paris,immobilier,Agence immobilière Laforêt Paris 1Er - ACHAT - VENTE - LOCATION - GESTION LOCATIVE - SYNDIC,https://www.laforet.com/agence-immobiliere/paris1
42,,2026-09-14T14:46:32,0,4.8,,0,"
42 Bd Pasteur, 75015 Paris, France",1,"{""legacy_id"": 357, ""legacy_table"": ""leads_bruts"", ""source_legacy"": ""maps"", ""statut_legacy"": ""en_attente"", ""categorie"": ""immobilier"", ""mot_cle"": ""agent immobilier"", ""lien_maps"": ""https://www.google.com/maps/place/Agence+immobili%C3%A8re+Lafor%C3%AAt+Paris+15Eme/data=!4m7!3m6!1s0x47e6703132af1f11:0x368e102d1d4c3bf5!8m2!3d48.8417556!4d2.3130178!16s%2Fg%2F1thg9s5z!19sChIJER-vMjFw5kcR9TtMHS0QjjY?authuser=0&hl=fr&rclk=1"", ""pays"": ""fr"", ""ml_extracted"": ""{\""persons\"": [], \""emails\"": [], \""phones\"": [], \""siret\"": null, \""rcs\"": null, \""capital\"": null, \""adresse\"": null, \""editeur\"": null}"", ""date_scraping"": ""2026-06-01 20:17:21"", ""niveau_urgence"": 0, ""ecarte_legacy"": 0, ""mobile_score"": 0, ""desktop_score"": 0, ""score_performance"": 0, ""score_seo"": 0, ""score_gmb"": 0, ""score_urgence"": 0.0, ""approuve"": 1, ""template_variant"": ""v1"", ""profile"": ""immobilier"", ""statut_prospection"": ""a_contacter"", ""date_audit"": ""2026-06-10 07:22:09"", ""ia_opportunite"": 35, ""ia_signaux"": ""laforet.com = réseau Laforêt — grand compte"", ""ia_reco"": ""a_verifier""}","Skip to main content User Agreement Privacy Policy Professional Community Policies Cookie Policy Copyright Policy Regional Info Privacy Policy Effective November 3, 2025 Your Privacy Matters LinkedIn’s mission is to connect the world’s professionals to allow them to be more productive and successful. Central to this mission is our commitment to be transparent about the data we collect about you, how it is used and with whom it is shared. This Privacy Policy applies when you use our Services (described below). We offer our users choices about the data we collect, use and share as described in this Privacy Policy, Cookie Policy, Settings and our Help Center. Key Terms Table of Contents Data We Collect How We Use Your Data How We Share Information Your Choices and Obligations Other Important Information Introduction We are a social network and online platform for professionals. People use our Services to find and be found for business opportunities, to connect with others and find information. Our Privacy Policy applies to any Member or Visitor to our Services. Our registered users (“Members”) share their professional identities, engage with their network, exchange knowledge and professional insights, post and view relevant content, learn and develop skills, and find business and career opportunities. Content and data on some of our Services is viewable to non-Members (“Visitors”). We use the term “Designated Countries” to refer to countries in the European Union (EU), European Economic Area (EEA), and Switzerland. Members and Visitors located in the Designated Countries or the UK can review additional information in our European Regional Privacy Notice. Services This Privacy Policy, including our Cookie Policy applies to your use of our Services. This Privacy Policy applies to LinkedIn.com, LinkedIn-branded apps, and other LinkedIn-branded sites, apps, communications and services offered by LinkedIn (“Services”), including off-site Services, such as our ad services and the “Apply with LinkedIn” and “Share with LinkedIn” plugins, but excluding services that state that they are offered under a different privacy policy. For California residents, additional disclosures required by California law may be found in our California Privacy Disclosure. Data Controllers and Contracting Parties If you are in the “Designated Countries”, LinkedIn Ireland Unlimited Company (“LinkedIn Ireland”) will be the controller of your personal data provided to, or collected by or for, or processed in connection with our Services. If you are outside of the Designated Countries, LinkedIn Corporation will be the controller of (or business responsible for) your personal data provided to, or collected by or for, or processed in connection with our Services. As a Visitor or Member of our Services, the collection, use and sharing of your personal data is subject to this Privacy Policy and other documents referenced in this Privacy Policy, as well as updates. Change Changes to the Privacy Policy apply to your use of our Services after the “effective date.” LinkedIn (“we” or “us”) can modify this Privacy Policy, and if we make material changes to it, we will provide notice through our Services, or by other means,",2026-09-16T16:27:35,legacy_maps,6623,+33156541400,"{""created_at"": ""2026-09-14T14:46:32"", ""source"": ""legacy_maps""}",144,Agence immobilière Laforêt Paris 15Eme,qualifie,Paris,immobilier,Agence immobilière Laforêt Paris 15Eme,https://www.laforet.com/agence-immobiliere/paris15pasteur
44,,2026-09-14T14:46:32,0,4.8,,0,"
44 Rue Monge, 75005 Paris, France",1,"{""legacy_id"": 347, ""legacy_table"": ""leads_bruts"", ""source_legacy"": ""maps"", ""statut_legacy"": ""en_attente"", ""categorie"": ""immobilier"", ""mot_cle"": ""agent immobilier"", ""lien_maps"": ""https://www.google.com/maps/place/Agence+immobili%C3%A8re+Lafor%C3%AAt+Paris+5Eme/data=!4m7!3m6!1s0x47e671ef782d3ac1:0x22a6bd185b164967!8m2!3d48.8454143!4d2.3518386!16s%2Fg%2F11c2l4549z!19sChIJwToteO9x5kcRZ0kWWxi9piI?authuser=0&hl=fr&rclk=1"", ""pays"": ""fr"", ""ml_extracted"": ""{\""persons\"": [], \""emails\"": [], \""phones\"": [], \""siret\"": null, \""rcs\"": null, \""capital\"": null, \""adresse\"": null, \""editeur\"": null}"", ""date_scraping"": ""2026-06-01 20:17:21"", ""niveau_urgence"": 0, ""ecarte_legacy"": 0, ""mobile_score"": 0, ""desktop_score"": 0, ""score_performance"": 0, ""score_seo"": 0, ""score_gmb"": 0, ""score_urgence"": 0.0, ""approuve"": 1, ""template_variant"": ""v1"", ""profile"": ""immobilier"", ""statut_prospection"": ""a_contacter"", ""date_audit"": ""2026-06-10 07:22:09"", ""ia_opportunite"": 35, ""ia_signaux"": ""laforet.com = réseau Laforêt — grand compte"", ""ia_reco"": ""a_verifier""}","Skip to main content User Agreement Privacy Policy Professional Community Policies Cookie Policy Copyright Policy Regional Info Privacy Policy Effective November 3, 2025 Your Privacy Matters LinkedIn’s mission is to connect the world’s professionals to allow them to be more productive and successful. Central to this mission is our commitment to be transparent about the data we collect about you, how it is used and with whom it is shared. This Privacy Policy applies when you use our Services (described below). We offer our users choices about the data we collect, use and share as described in this Privacy Policy, Cookie Policy, Settings and our Help Center. Key Terms Table of Contents Data We Collect How We Use Your Data How We Share Information Your Choices and Obligations Other Important Information Introduction We are a social network and online platform for professionals. People use our Services to find and be found for business opportunities, to connect with others and find information. Our Privacy Policy applies to any Member or Visitor to our Services. Our registered users (“Members”) share their professional identities, engage with their network, exchange knowledge and professional insights, post and view relevant content, learn and develop skills, and find business and career opportunities. Content and data on some of our Services is viewable to non-Members (“Visitors”). We use the term “Designated Countries” to refer to countries in the European Union (EU), European Economic Area (EEA), and Switzerland. Members and Visitors located in the Designated Countries or the UK can review additional information in our European Regional Privacy Notice. Services This Privacy Policy, including our Cookie Policy applies to your use of our Services. This Privacy Policy applies to LinkedIn.com, LinkedIn-branded apps, and other LinkedIn-branded sites, apps, communications and services offered by LinkedIn (“Services”), including off-site Services, such as our ad services and the “Apply with LinkedIn” and “Share with LinkedIn” plugins, but excluding services that state that they are offered under a different privacy policy. For California residents, additional disclosures required by California law may be found in our California Privacy Disclosure. Data Controllers and Contracting Parties If you are in the “Designated Countries”, LinkedIn Ireland Unlimited Company (“LinkedIn Ireland”) will be the controller of your personal data provided to, or collected by or for, or processed in connection with our Services. If you are outside of the Designated Countries, LinkedIn Corporation will be the controller of (or business responsible for) your personal data provided to, or collected by or for, or processed in connection with our Services. As a Visitor or Member of our Services, the collection, use and sharing of your personal data is subject to this Privacy Policy and other documents referenced in this Privacy Policy, as well as updates. Change Changes to the Privacy Policy apply to your use of our Services after the “effective date.” LinkedIn (“we” or “us”) can modify this Privacy Policy, and if we make material changes to it, we will provide notice through our Services, or by other means,",2026-09-16T16:27:35,legacy_maps,6622,+33155268156,"{""created_at"": ""2026-09-14T14:46:32"", ""source"": ""legacy_maps""}",144,Agence immobilière Laforêt Paris 5Eme,qualifie,Paris,immobilier,Agence immobilière Laforêt Paris 5Eme,https://www.laforet.com/agence-immobiliere/paris5-monge?utm_source=google&utm_medium=mybusiness
50,,2026-09-14T14:46:32,0,4.9,,0,"
50 Rue du Faubourg Saint-Denis, 75010 Paris, France",1,"{""legacy_id"": 356, ""legacy_table"": ""leads_bruts"", ""source_legacy"": ""maps"", ""statut_legacy"": ""en_attente"", ""categorie"": ""immobilier"", ""mot_cle"": ""agent immobilier"", ""lien_maps"": ""https://www.google.com/maps/place/Agence+immobili%C3%A8re+Lafor%C3%AAt+Paris+10eme+%28Rue+Du+Fbg+Saint-Denis%29/data=!4m7!3m6!1s0x47e66fb68ca5cee7:0xabb5309081abedb9!8m2!3d48.8719843!4d2.3540348!16s%2Fg%2F11f5tz4p2w!19sChIJ586ljLZv5kcRue2rgZAwtas?authuser=0&hl=fr&rclk=1"", ""pays"": ""fr"", ""ml_extracted"": ""{\""persons\"": [], \""emails\"": [], \""phones\"": [], \""siret\"": null, \""rcs\"": null, \""capital\"": null, \""adresse\"": null, \""editeur\"": null}"", ""date_scraping"": ""2026-06-01 20:17:21"", ""niveau_urgence"": 0, ""ecarte_legacy"": 0, ""mobile_score"": 0, ""desktop_score"": 0, ""score_performance"": 0, ""score_seo"": 0, ""score_gmb"": 0, ""score_urgence"": 0.0, ""approuve"": 1, ""template_variant"": ""v1"", ""profile"": ""immobilier"", ""statut_prospection"": ""a_contacter"", ""date_audit"": ""2026-06-10 07:22:09"", ""ia_opportunite"": 35, ""ia_signaux"": ""laforet.com = réseau Laforêt — grand compte"", ""ia_reco"": ""a_verifier""}","Skip to main content User Agreement Privacy Policy Professional Community Policies Cookie Policy Copyright Policy Regional Info Privacy Policy Effective November 3, 2025 Your Privacy Matters LinkedIn’s mission is to connect the world’s professionals to allow them to be more productive and successful. Central to this mission is our commitment to be transparent about the data we collect about you, how it is used and with whom it is shared. This Privacy Policy applies when you use our Services (described below). We offer our users choices about the data we collect, use and share as described in this Privacy Policy, Cookie Policy, Settings and our Help Center. Key Terms Table of Contents Data We Collect How We Use Your Data How We Share Information Your Choices and Obligations Other Important Information Introduction We are a social network and online platform for professionals. People use our Services to find and be found for business opportunities, to connect with others and find information. Our Privacy Policy applies to any Member or Visitor to our Services. Our registered users (“Members”) share their professional identities, engage with their network, exchange knowledge and professional insights, post and view relevant content, learn and develop skills, and find business and career opportunities. Content and data on some of our Services is viewable to non-Members (“Visitors”). We use the term “Designated Countries” to refer to countries in the European Union (EU), European Economic Area (EEA), and Switzerland. Members and Visitors located in the Designated Countries or the UK can review additional information in our European Regional Privacy Notice. Services This Privacy Policy, including our Cookie Policy applies to your use of our Services. This Privacy Policy applies to LinkedIn.com, LinkedIn-branded apps, and other LinkedIn-branded sites, apps, communications and services offered by LinkedIn (“Services”), including off-site Services, such as our ad services and the “Apply with LinkedIn” and “Share with LinkedIn” plugins, but excluding services that state that they are offered under a different privacy policy. For California residents, additional disclosures required by California law may be found in our California Privacy Disclosure. Data Controllers and Contracting Parties If you are in the “Designated Countries”, LinkedIn Ireland Unlimited Company (“LinkedIn Ireland”) will be the controller of your personal data provided to, or collected by or for, or processed in connection with our Services. If you are outside of the Designated Countries, LinkedIn Corporation will be the controller of (or business responsible for) your personal data provided to, or collected by or for, or processed in connection with our Services. As a Visitor or Member of our Services, the collection, use and sharing of your personal data is subject to this Privacy Policy and other documents referenced in this Privacy Policy, as well as updates. Change Changes to the Privacy Policy apply to your use of our Services after the “effective date.” LinkedIn (“we” or “us”) can modify this Privacy Policy, and if we make material changes to it, we will provide notice through our Services, or by other means,",2026-09-16T16:27:35,legacy_maps,6618,+33184253615,"{""created_at"": ""2026-09-14T14:46:32"", ""source"": ""legacy_maps""}",144,Agence immobilière Laforêt Paris 10eme (Rue Du Fbg Saint-Denis),qualifie,Paris,immobilier,Agence immobilière Laforêt Paris 10eme (Rue Du Fbg Saint-Denis),https://www.laforet.com/agence-immobiliere/paris10saintdenis?utm_source=google&utm_medium=mybusiness
75,,2026-09-14T14:46:32,0,4.9,,0,"
75 R. de Turbigo, 75003 Paris, France",1,"{""legacy_id"": 350, ""legacy_table"": ""leads_bruts"", ""source_legacy"": ""maps"", ""statut_legacy"": ""en_attente"", ""categorie"": ""immobilier"", ""mot_cle"": ""agent immobilier"", ""lien_maps"": ""https://www.google.com/maps/place/Agence+immobili%C3%A8re+FREDeLION+%E2%80%93+Paris+3+Haut-Marais/data=!4m7!3m6!1s0x47e66fd996105e49:0xcf9f765a027824fe!8m2!3d48.8665026!4d2.3598663!16s%2Fg%2F11f8jkfn_y!19sChIJSV4Qltlv5kcR_iR4Alp2n88?authuser=0&hl=fr&rclk=1"", ""pays"": ""fr"", ""date_scraping"": ""2026-06-01 20:17:21"", ""niveau_urgence"": 0, ""ecarte_legacy"": 0, ""mobile_score"": 0, ""desktop_score"": 0, ""score_performance"": 0, ""score_seo"": 0, ""score_gmb"": 0, ""score_urgence"": 0.0, ""approuve"": 1, ""template_variant"": ""v1"", ""profile"": ""immobilier"", ""statut_prospection"": ""a_contacter"", ""date_audit"": ""2026-06-10 07:22:09"", ""ia_opportunite"": 2, ""ia_signaux"": ""calendly.com = plateforme RDV — pas de site propre"", ""ia_reco"": ""a_verifier""}",,2026-09-16T16:27:35,legacy_maps,6617,+33148875563,"{""created_at"": ""2026-09-14T14:46:32"", ""source"": ""legacy_maps""}",144,Agence immobilière FREDeLION – Paris 3 Haut-Marais,qualifie,Paris,immobilier,Agence immobilière FREDeLION – Paris 3 Haut-Marais,https://calendly.com/haut-marais-fredelion/30min
24,,2026-09-14T14:46:32,0,4.5,,0,"
24 bis Pl. Bellecour, 69002 Lyon, France",1,"{""legacy_id"": 360, ""legacy_table"": ""leads_bruts"", ""source_legacy"": ""maps"", ""statut_legacy"": ""en_attente"", ""categorie"": ""immobilier"", ""mot_cle"": ""agence immobiliere"", ""lien_maps"": ""https://www.google.com/maps/place/Agence+immobili%C3%A8re+Lafor%C3%AAt+Lyon+2Eme/data=!4m7!3m6!1s0x47f4ea5235e0b80d:0x6924c32aa0074b3d!8m2!3d45.7565575!4d4.8322443!16s%2Fg%2F1tgn41z6!19sChIJDbjgNVLq9EcRPUsHoCrDJGk?authuser=0&hl=fr&rclk=1"", ""pays"": ""fr"", ""ml_extracted"": ""{\""persons\"": [], \""emails\"": [], \""phones\"": [], \""siret\"": null, \""rcs\"": null, \""capital\"": null, \""adresse\"": null, \""editeur\"": null}"", ""date_scraping"": ""2026-06-01 20:18:25"", ""niveau_urgence"": 0, ""ecarte_legacy"": 0, ""mobile_score"": 0, ""desktop_score"": 0, ""score_performance"": 0, ""score_seo"": 0, ""score_gmb"": 0, ""score_urgence"": 0.0, ""approuve"": 1, ""template_variant"": ""v1"", ""profile"": ""immobilier"", ""statut_prospection"": ""a_contacter"", ""date_audit"": ""2026-06-10 07:22:09"", ""ia_opportunite"": 35, ""ia_signaux"": ""laforet.com = réseau Laforêt — grand compte"", ""ia_reco"": ""a_verifier""}","Skip to main content User Agreement Privacy Policy Professional Community Policies Cookie Policy Copyright Policy Regional Info Privacy Policy Effective November 3, 2025 Your Privacy Matters LinkedIn’s mission is to connect the world’s professionals to allow them to be more productive and successful. Central to this mission is our commitment to be transparent about the data we collect about you, how it is used and with whom it is shared. This Privacy Policy applies when you use our Services (described below). We offer our users choices about the data we collect, use and share as described in this Privacy Policy, Cookie Policy, Settings and our Help Center. Key Terms Table of Contents Data We Collect How We Use Your Data How We Share Information Your Choices and Obligations Other Important Information Introduction We are a social network and online platform for professionals. People use our Services to find and be found for business opportunities, to connect with others and find information. Our Privacy Policy applies to any Member or Visitor to our Services. Our registered users (“Members”) share their professional identities, engage with their network, exchange knowledge and professional insights, post and view relevant content, learn and develop skills, and find business and career opportunities. Content and data on some of our Services is viewable to non-Members (“Visitors”). We use the term “Designated Countries” to refer to countries in the European Union (EU), European Economic Area (EEA), and Switzerland. Members and Visitors located in the Designated Countries or the UK can review additional information in our European Regional Privacy Notice. Services This Privacy Policy, including our Cookie Policy applies to your use of our Services. This Privacy Policy applies to LinkedIn.com, LinkedIn-branded apps, and other LinkedIn-branded sites, apps, communications and services offered by LinkedIn (“Services”), including off-site Services, such as our ad services and the “Apply with LinkedIn” and “Share with LinkedIn” plugins, but excluding services that state that they are offered under a different privacy policy. For California residents, additional disclosures required by California law may be found in our California Privacy Disclosure. Data Controllers and Contracting Parties If you are in the “Designated Countries”, LinkedIn Ireland Unlimited Company (“LinkedIn Ireland”) will be the controller of your personal data provided to, or collected by or for, or processed in connection with our Services. If you are outside of the Designated Countries, LinkedIn Corporation will be the controller of (or business responsible for) your personal data provided to, or collected by or for, or processed in connection with our Services. As a Visitor or Member of our Services, the collection, use and sharing of your personal data is subject to this Privacy Policy and other documents referenced in this Privacy Policy, as well as updates. Change Changes to the Privacy Policy apply to your use of our Services after the “effective date.” LinkedIn (“we” or “us”) can modify this Privacy Policy, and if we make material changes to it, we will provide notice through our Services, or by other means,",2026-09-16T16:27:35,legacy_maps,6615,+33478422525,"{""created_at"": ""2026-09-14T14:46:32"", ""source"": ""legacy_maps""}",144,Agence immobilière Laforêt Lyon 2Eme,qualifie,Lyon,immobilier,Agence immobilière Laforêt Lyon 2Eme,https://www.laforet.com/agence-immobiliere/lyon2?utm_source=google&utm_medium=mybusiness
119,,2026-09-14T14:46:32,0,5.0,,0,"
119 Rue Garibaldi, 69006 Lyon, France",0,"{""legacy_id"": 359, ""legacy_table"": ""leads_bruts"", ""source_legacy"": ""maps"", ""statut_legacy"": ""en_attente"", ""categorie"": ""immobilier"", ""mot_cle"": ""agence immobiliere"", ""lien_maps"": ""https://www.google.com/maps/place/L%27AGENCE+%7C+Agence+Immobili%C3%A8re+Lyon/data=!4m7!3m6!1s0x47f4eb9877f378df:0x1985b396281c37fd!8m2!3d45.7646947!4d4.8515911!16s%2Fg%2F11pxlcgcrc!19sChIJ33jzd5jr9EcR_TccKJazhRk?authuser=0&hl=fr&rclk=1"", ""pays"": ""fr"", ""ml_extracted"": ""{\""persons\"": [], \""emails\"": [], \""phones\"": [], \""siret\"": null, \""rcs\"": null, \""capital\"": null, \""adresse\"": null, \""editeur\"": null}"", ""date_scraping"": ""2026-06-01 20:18:25"", ""niveau_urgence"": 0, ""ecarte_legacy"": 0, ""mobile_score"": 0, ""desktop_score"": 0, ""score_performance"": 0, ""score_seo"": 0, ""score_gmb"": 0, ""score_urgence"": 0.0, ""approuve"": 1, ""template_variant"": ""v1"", ""profile"": ""immobilier"", ""statut_prospection"": ""a_contacter"", ""date_audit"": ""2026-06-10 07:22:09"", ""ia_score"": 0, ""ia_opportunite"": 1, ""ia_signaux"": ""Site moderne""}",Not Found The requested URL was not found on this server. Apache/2.4.54 (Debian) Server at www.lagencell.fr Port 80,2026-09-17T12:02:04,legacy_maps,6608,+33478656510,"{""created_at"": ""2026-09-14T14:46:32"", ""source"": ""legacy_maps""}",146,L'AGENCE | Agence Immobilière Lyon,qualifie,Lyon,immobilier,L'AGENCE | Agence Immobilière Lyon,https://www.lagencell.fr/
1,contact@greenhomeimmobilier.fr,2026-09-14T14:46:32,25,4.8,,0,"
1 Rue Fondère, 13004 Marseille, France",0,"{""legacy_id"": 385, ""legacy_table"": ""leads_bruts"", ""source_legacy"": ""maps"", ""statut_legacy"": ""envoye"", ""categorie"": ""immobilier"", ""mot_cle"": ""estimation immobiliere"", ""lien_maps"": ""https://www.google.com/maps/place/Green+Home+Immobilier+Cinq+Avenues+-+Agence+Immobili%C3%A8re+Marseille+4/data=!4m7!3m6!1s0x12c9bf613b62bb17:0x54426a0f96d9dd76!8m2!3d43.301987!4d5.39819!16s%2Fg%2F11hcz1j7r9!19sChIJF7tiO2G_yRIRdt3Zlg9qQlQ?authuser=0&hl=fr&rclk=1"", ""pays"": ""fr"", ""telephone_2"": ""0496124845, 0181850001"", ""ml_extracted"": ""{\""persons\"": [], \""emails\"": [\""contact@greenhomeimmobilier.fr\""], \""phones\"": [\""0496124845\"", \""0181850001\""], \""siret\"": \""83501818500016\"", \""rcs\"": null, \""capital\"": null, \""adresse\"": \""1 rue Fondère 13004 Marseille Téléphone\"", \""editeur\"": \""Ce site est édité par : Green Home Immobilier Adresse\""}"", ""date_scraping"": ""2026-06-01 20:19:59"", ""niveau_urgence"": 0, ""ecarte_legacy"": 0, ""mobile_score"": 0, ""desktop_score"": 0, ""score_performance"": 0, ""score_seo"": 0, ""score_gmb"": 0, ""score_urgence"": 0.0, ""approuve"": 1, ""template_variant"": ""v1"", ""profile"": ""immobilier"", ""statut_prospection"": ""step1_envoye"", ""date_audit"": ""2026-06-10 07:22:09"", ""ia_score"": 25, ""ia_opportunite"": 2, ""ia_signaux"": ""pas_https(+15); no_og(+5); no_webp(+5)"", ""ia_reco"": ""a_verifier""}","Editeur: Ce site est édité par : Green Home Immobilier Adresse | SIRET: 83501818500016 | Adresse: 1 rue Fondère 13004 Marseille Téléphone | Email: contact@greenhomeimmobilier.fr | Tel: 0496124845, 0181850001",2026-09-17T12:02:04,legacy_maps,6605,0496124845,"{""created_at"": ""2026-09-14T14:46:32"", ""source"": ""legacy_maps""}",144,Green Home Immobilier Cinq Avenues - Agence Immobilière Marseille 4,qualifie,Marseille,immobilier,Green Home Immobilier Cinq Avenues - Agence Immobilière Marseille 4,http://www.greenhomeimmobilier.fr/
28,coralinebetta@live.fr,2026-09-14T14:46:32,15,4.9,,0,"
28 Bd Bara, 13013 Marseille, France",0,"{""legacy_id"": 384, ""legacy_table"": ""leads_bruts"", ""source_legacy"": ""maps"", ""statut_legacy"": ""envoye"", ""categorie"": ""immobilier"", ""mot_cle"": ""estimation immobiliere"", ""lien_maps"": ""https://www.google.com/maps/place/ART+DE+L%27IMMOBILIER+-+agence+immobili%C3%A8re+Marseille+13013+Allauch+Plan+de+Cuques/data=!4m7!3m6!1s0x12c9bfc10eac4501:0x759019c5c57841d5!8m2!3d43.3514548!4d5.4404169!16s%2Fg%2F1td1m1yb!19sChIJAUWsDsG_yRIR1UF4xcUZkHU?authuser=0&hl=fr&rclk=1"", ""pays"": ""fr"", ""telephone_2"": ""0491061976, 0611759651"", ""ml_extracted"": ""{\""persons\"": [], \""emails\"": [\""coralinebetta@live.fr\""], \""phones\"": [\""0491061976\"", \""0611759651\""], \""siret\"": null, \""rcs\"": \""RCS Marseille 480696350\"", \""capital\"": null, \""adresse\"": null, \""editeur\"": null}"", ""date_scraping"": ""2026-06-01 20:19:59"", ""niveau_urgence"": 0, ""ecarte_legacy"": 0, ""mobile_score"": 0, ""desktop_score"": 0, ""score_performance"": 0, ""score_seo"": 0, ""score_gmb"": 0, ""score_urgence"": 0.0, ""approuve"": 1, ""template_variant"": ""v1"", ""profile"": ""immobilier"", ""statut_prospection"": ""step1_envoye"", ""date_audit"": ""2026-06-10 07:22:09"", ""ia_score"": 15, ""ia_opportunite"": 1, ""ia_signaux"": ""pas_https(+15)""}","RCS: RCS Marseille 480696350 | Email: coralinebetta@live.fr | Tel: 0491061976, 0611759651",2026-09-17T12:02:04,legacy_maps,6600,+33611759651,"{""created_at"": ""2026-09-14T14:46:32"", ""source"": ""legacy_maps""}",146,ART DE L'IMMOBILIER - agence immobilière Marseille 13013 Allauch Plan de Cuques,qualifie,Marseille,immobilier,ART DE L'IMMOBILIER - agence immobilière Marseille 13013 Allauch Plan de Cuques,http://www.art-de-immobilier.com/
7,contact@aixty.com,2026-09-14T14:46:32,5,5.0,,0,"
7 Rue Pascal Ruinat, 13005 Marseille, France",0,"{""legacy_id"": 386, ""legacy_table"": ""leads_bruts"", ""source_legacy"": ""maps"", ""statut_legacy"": ""envoye"", ""categorie"": ""immobilier"", ""mot_cle"": ""estimation immobiliere"", ""lien_maps"": ""https://www.google.com/maps/place/AIXTY+Marseille+Immobilier+-+Agence+immobili%C3%A8re+pour+la+Transaction+%28+Vente+-+Achat+%29+-+Gestion+-+Investissement+immobilier/data=!4m7!3m6!1s0x12c9bf99b912331f:0x431593e1b3913838!8m2!3d43.2920797!4d5.4087277!16s%2Fg%2F11y28_jr65!19sChIJHzMSuZm_yRIRODiRs-GTFUM?authuser=0&hl=fr&rclk=1"", ""pays"": ""fr"", ""email_2"": ""isaurinda.lopes@aixty.com"", ""telephone_2"": ""0442123892, 0491588003, 0679927805, 0201600000"", ""ml_extracted"": ""{\""persons\"": [], \""emails\"": [\""contact@aixty.com\"", \""isaurinda.lopes@aixty.com\""], \""phones\"": [\""0442123892\"", \""0491588003\"", \""0679927805\"", \""0201600000\""], \""siret\"": \""81457699700021\"", \""rcs\"": \""RCS  814576997\"", \""capital\"": null, \""adresse\"": \""1695 Route d'Eguilles 13090 Aix-en-Provence Téléphone\"", \""editeur\"": \""Le présent site est la propriété de la société AIXTY immobilier\""}"", ""date_scraping"": ""2026-06-01 20:19:59"", ""niveau_urgence"": 0, ""ecarte_legacy"": 0, ""mobile_score"": 0, ""desktop_score"": 0, ""score_performance"": 0, ""score_seo"": 0, ""score_gmb"": 0, ""score_urgence"": 0.0, ""approuve"": 1, ""template_variant"": ""v1"", ""profile"": ""immobilier"", ""statut_prospection"": ""step1_envoye"", ""date_audit"": ""2026-06-10 07:22:09"", ""ia_score"": 5, ""ia_opportunite"": 1, ""ia_signaux"": ""no_webp(+5)""}","Editeur: Le présent site est la propriété de la société AIXTY immobilier | SIRET: 81457699700021 | RCS: RCS  814576997 | Adresse: 1695 Route d'Eguilles 13090 Aix-en-Provence Téléphone | Email: contact@aixty.com, isaurinda.lopes@aixty.com | Tel: 0442123892, 0491588003, 0679927805, 0201600000",2026-09-17T12:02:04,legacy_maps,6596,+33491588003,"{""created_at"": ""2026-09-14T14:46:32"", ""source"": ""legacy_maps""}",146,AIXTY Marseille Immobilier - Agence immobilière pour la Transaction ( Vente - Achat ) - Gestion - Investissement immobilier,qualifie,Marseille,immobilier,AIXTY Marseille Immobilier - Agence immobilière pour la Transaction ( Vente - Achat ) - Gestion - Investissement immobilier,https://aixty.com/
11,,2026-09-14T14:46:32,0,5.0,,0,,0,"{""legacy_id"": 394, ""legacy_table"": ""leads_bruts"", ""source_legacy"": ""maps"", ""statut_legacy"": ""audite"", ""categorie"": ""Agence immobilière"", ""mot_cle"": ""courtier immobilier"", ""lien_maps"": ""https://www.google.com/maps/place/Immopr%C3%AAt+Paris+Le+Marais+-+R%C3%A9publique+%28ex+Ace+Cr%C3%A9dit%29+-+Courtier+en+pr%C3%AAt+immobilier/data=!4m7!3m6!1s0x47e66d6da3d0b8f1:0x8d63da9d0cf07053!8m2!3d48.8596533!4d2.3788086!16s%2Fg%2F11v5byn1jc!19sChIJ8bjQo21t5kcRU3DwDJ3aY40?authuser=0&hl=fr&rclk=1"", ""pays"": ""fr"", ""date_scraping"": ""2026-06-01 20:21:10"", ""niveau_urgence"": 0, ""ecarte_legacy"": 0, ""mobile_score"": 0, ""desktop_score"": 0, ""score_performance"": 0, ""score_seo"": 0, ""score_gmb"": 0, ""score_urgence"": 8.0, ""approuve"": 0, ""template_used"": ""maquette"", ""template_variant"": ""v1"", ""profile"": ""A"", ""statut_prospection"": ""a_contacter"", ""date_audit"": ""2026-06-27 14:16:56"", ""lien_rapport"": ""local://immoprt-paris-le-marais-rpublique-ex-ace-crdit-cou/"", ""ia_opportunite"": 2, ""ia_signaux"": ""Pas de site, pas de telephone - a verifier"", ""ia_reco"": ""a_verifier""}",,2026-09-17T12:19:03,legacy_maps,6585,,"{""created_at"": ""2026-09-14T14:46:32"", ""source"": ""legacy_maps""}",150,Immoprêt Paris Le Marais - République (ex Ace Crédit) - Courtier en prêt immobilier,qualifie,Paris,Agence immobilière,Immoprêt Paris Le Marais - République (ex Ace Crédit) - Courtier en prêt immobilier,
548,,2026-09-14T14:46:32,0,4.5,,0,"
7 Bd Raspail, 75007 Paris, France",0,"{""legacy_id"": 563, ""legacy_table"": ""leads_bruts"", ""source_legacy"": ""maps"", ""statut_legacy"": ""audite"", ""categorie"": ""Agence"", ""mot_cle"": ""agence immobilière"", ""lien_maps"": ""https://www.google.com/maps/place/L%27Agence+Bac+Saint+Germain+Immo+Paris+7eme/data=!4m7!3m6!1s0x47e671d5bfc01711:0xb17f95a2ade9fdc0!8m2!3d48.8552502!4d2.3260969!16s%2Fg%2F11b7q6_3n5!19sChIJERfAv9Vx5kcRwP3praKVf7E?authuser=0&hl=fr&rclk=1"", ""pays"": ""fr"", ""date_scraping"": ""2026-06-01 22:33:20"", ""niveau_urgence"": 0, ""ecarte_legacy"": 0, ""mobile_score"": 0, ""desktop_score"": 0, ""score_performance"": 0, ""score_seo"": 0, ""score_gmb"": 0, ""score_urgence"": 8.0, ""approuve"": 0, ""template_used"": ""maquette"", ""template_variant"": ""v1"", ""profile"": ""A"", ""statut_prospection"": ""a_contacter"", ""date_audit"": ""2026-06-27 14:14:43"", ""ia_opportunite"": 5, ""ia_signaux"": ""Pas de site, telephone present - a contacter (creation)"", ""ia_reco"": ""a_contacter""}",,2026-09-17T12:19:03,legacy_maps,6440,+33142223030,"{""created_at"": ""2026-09-14T14:46:32"", ""source"": ""legacy_maps""}",150,L'Agence Bac Saint Germain Immo Paris 7eme,qualifie,Paris,Agence,L'Agence Bac Saint Germain Immo Paris 7eme,
7349,,2026-09-14T14:46:32,0,4.7,,0,"
15 Ave Parmentier, 75011 Paris, France",1,"{""legacy_id"": 566, ""legacy_table"": ""leads_bruts"", ""source_legacy"": ""maps"", ""statut_legacy"": ""en_attente"", ""categorie"": ""immobilier"", ""mot_cle"": ""agence immobilière"", ""lien_maps"": ""https://www.google.com/maps/place/Agence+immobili%C3%A8re+Paris+11+Orpi+Nouallet/data=!4m7!3m6!1s0x47e66df75625c281:0x34b17915193dafd6!8m2!3d48.8600457!4d2.3785844!16s%2Fg%2F1v6qgy8m!19sChIJgcIlVvdt5kcR1q89GRV5sTQ?authuser=0&hl=fr&rclk=1"", ""pays"": ""fr"", ""date_scraping"": ""2026-06-01 22:33:20"", ""niveau_urgence"": 0, ""ecarte_legacy"": 0, ""mobile_score"": 0, ""desktop_score"": 0, ""score_performance"": 0, ""score_seo"": 0, ""score_gmb"": 0, ""score_urgence"": 0.0, ""approuve"": 1, ""template_variant"": ""v1"", ""profile"": ""immobilier"", ""statut_prospection"": ""a_contacter"", ""date_audit"": ""2026-06-10 07:22:09"", ""ia_opportunite"": 2, ""ia_signaux"": ""calendly.com = plateforme RDV — pas de site propre"", ""ia_reco"": ""a_verifier""}",,2026-09-16T16:27:35,legacy_maps,6436,+33155252050,"{""created_at"": ""2026-09-14T14:46:32"", ""source"": ""legacy_maps""}",144,Agence immobilière Paris 11 Orpi Nouallet,qualifie,Paris,immobilier,Agence immobilière Paris 11 Orpi Nouallet,https://calendly.com/nouallet-ambroise-immobilier/
7558,,2026-09-14T14:46:32,0,4.7,,0,"
47 Av. de Villiers, 75017 Paris, France",0,"{""legacy_id"": 561, ""legacy_table"": ""leads_bruts"", ""source_legacy"": ""maps"", ""statut_legacy"": ""en_attente"", ""categorie"": ""immobilier"", ""mot_cle"": ""agence immobilière"", ""lien_maps"": ""https://www.google.com/maps/place/Prestige+Investissement+-+Agence+Immobili%C3%A8re+Paris+17+-+Gestion+Locative,+Achat,+Vente+%26+Location/data=!4m7!3m6!1s0x47e66e7634bb4a79:0x830267a13cd9e4f9!8m2!3d48.8830394!4d2.3073831!16s%2Fg%2F1td4jffw!19sChIJeUq7NHZu5kcR-eTZPKFnAoM?authuser=0&hl=fr&rclk=1"", ""pays"": ""fr"", ""telephone_2"": ""0140360263"", ""ml_extracted"": ""{\""persons\"": [], \""emails\"": [], \""phones\"": [\""0140360263\""], \""siret\"": null, \""rcs\"": \""RCS PARIS 521494401\"", \""capital\"": \""10 000 €\"", \""adresse\"": \""47 Avenue de Villiers 75017 Paris SARL unipersonnelle appartenant à la SARL GROUPE PRESTIGE INVEST au capital de\"", \""editeur\"": null}"", ""date_scraping"": ""2026-06-01 22:33:20"", ""niveau_urgence"": 0, ""ecarte_legacy"": 0, ""mobile_score"": 0, ""desktop_score"": 0, ""score_performance"": 0, ""score_seo"": 0, ""score_gmb"": 0, ""score_urgence"": 0.0, ""approuve"": 1, ""template_variant"": ""v1"", ""profile"": ""immobilier"", ""statut_prospection"": ""a_contacter"", ""date_audit"": ""2026-06-10 07:22:09"", ""ia_opportunite"": 2, ""ia_signaux"": ""308 redirect loop (site injoignable)"", ""ia_reco"": ""a_verifier""}",RCS: RCS PARIS 521494401 | Adresse: 47 Avenue de Villiers 75017 Paris SARL unipersonnelle appartenant à la SARL GROUPE PRESTIGE INVEST a | Capital: 10 000 € | Tel: 0140360263,2026-09-17T12:02:04,legacy_maps,6435,+33140360263,"{""created_at"": ""2026-09-14T14:46:32"", ""source"": ""legacy_maps""}",144,"Prestige Investissement - Agence Immobilière Paris 17 - Gestion Locative, Achat, Vente & Location",qualifie,Paris,immobilier,"Prestige Investissement - Agence Immobilière Paris 17 - Gestion Locative, Achat, Vente & Location",https://www.prestigeinvest.fr/
84,,2026-09-14T14:46:32,20,5.0,,0,"
10 Rue Cambon, 75001 Paris, France",0,"{""legacy_id"": 550, ""legacy_table"": ""leads_bruts"", ""source_legacy"": ""maps"", ""statut_legacy"": ""en_attente"", ""categorie"": ""immobilier"", ""mot_cle"": ""agence immobilière"", ""lien_maps"": ""https://www.google.com/maps/place/SEPTEMBER+%E2%80%94+Agence+immobili%C3%A8re+Paris/data=!4m7!3m6!1s0x47e66fe3fd85624f:0xfe4d4537fa9e36d9!8m2!3d48.8669637!4d2.3260009!16s%2Fg%2F11h_c9_wnp!19sChIJT2KF_eNv5kcR2Tae-jdFTf4?authuser=0&hl=fr&rclk=1"", ""pays"": ""fr"", ""ml_extracted"": ""{\""persons\"": [], \""emails\"": [], \""phones\"": [], \""siret\"": null, \""rcs\"": null, \""capital\"": null, \""adresse\"": \""222 Bd Gustave Flaubert 63000 Clermont-Ferrand Droits des utilisateurs Conformément à la réglementation européenne et à la loi Informatique et libertés du\"", \""editeur\"": null}"", ""date_scraping"": ""2026-06-01 22:33:20"", ""niveau_urgence"": 0, ""ecarte_legacy"": 0, ""mobile_score"": 0, ""desktop_score"": 0, ""score_performance"": 0, ""score_seo"": 0, ""score_gmb"": 0, ""score_urgence"": 0.0, ""approuve"": 1, ""template_variant"": ""v1"", ""profile"": ""immobilier"", ""statut_prospection"": ""a_contacter"", ""date_audit"": ""2026-06-10 07:22:09"", ""ia_score"": 20, ""ia_opportunite"": 2, ""ia_signaux"": ""pas_https(+15); no_webp(+5)"", ""ia_reco"": ""a_verifier""}",Adresse: 222 Bd Gustave Flaubert 63000 Clermont-Ferrand Droits des utilisateurs Conformément à la réglementat,2026-09-17T12:02:04,legacy_maps,6431,+33142337698,"{""created_at"": ""2026-09-14T14:46:32"", ""source"": ""legacy_maps""}",144,SEPTEMBER — Agence immobilière Paris,qualifie,Paris,immobilier,SEPTEMBER — Agence immobilière Paris,http://www.september.immo/
8212,a.daiu@fredelion.com,2026-09-14T14:46:32,0,4.8,,0,"
26 Rue de Turin, 75008 Paris, France",0,"{""legacy_id"": 573, ""legacy_table"": ""leads_bruts"", ""source_legacy"": ""maps"", ""statut_legacy"": ""envoye"", ""categorie"": ""immobilier"", ""mot_cle"": ""agent immobilier"", ""lien_maps"": ""https://www.google.com/maps/place/Agence+immobili%C3%A8re+FREDeLION+%E2%80%93+Paris+8+Europe/data=!4m7!3m6!1s0x47e66e4b59dd0077:0xe7aef7c81829aee1!8m2!3d48.8817473!4d2.3246528!16s%2Fg%2F11f30pllnh!19sChIJdwDdWUtu5kcR4a4pGMj3ruc?authuser=0&hl=fr&rclk=1"", ""pays"": ""fr"", ""ml_extracted"": ""{\""persons\"": [], \""emails\"": [\""a.daiu@fredelion.com\""], \""phones\"": [], \""siret\"": null, \""rcs\"": null, \""capital\"": null, \""adresse\"": null, \""editeur\"": \""La responsabilité de l'édition de ce site sera portée par Fredelion\""}"", ""date_scraping"": ""2026-06-01 22:34:40"", ""niveau_urgence"": 0, ""ecarte_legacy"": 0, ""mobile_score"": 0, ""desktop_score"": 0, ""score_performance"": 0, ""score_seo"": 0, ""score_gmb"": 0, ""score_urgence"": 0.0, ""approuve"": 1, ""template_variant"": ""v1"", ""profile"": ""immobilier"", ""statut_prospection"": ""step1_envoye"", ""date_audit"": ""2026-06-10 07:22:09"", ""ia_opportunite"": 35, ""ia_signaux"": ""fredelion.com = réseau Fredelion — grand compte"", ""ia_reco"": ""a_verifier""}",Editeur: La responsabilité de l'édition de ce site sera portée par Fredelion | Email: a.daiu@fredelion.com,2026-09-17T12:02:04,legacy_maps,6427,+33144909017,"{""created_at"": ""2026-09-14T14:46:32"", ""source"": ""legacy_maps""}",144,Agence immobilière FREDeLION – Paris 8 Europe,qualifie,Paris,immobilier,Agence immobilière FREDeLION – Paris 8 Europe,https://www.fredelion.com/agences/paris-8-europe/
9233,agence@twinbi.com,2026-09-14T14:46:32,25,4.9,,0,"
Arrondissement FR, 188 Bd Voltaire, 75011 Paris, France",0,"{""legacy_id"": 577, ""legacy_table"": ""leads_bruts"", ""source_legacy"": ""maps"", ""statut_legacy"": ""envoye"", ""categorie"": ""immobilier"", ""mot_cle"": ""agent immobilier"", ""lien_maps"": ""https://www.google.com/maps/place/Agence+immobili%C3%A8re+Paris+11+-+L%27immobilier+sur+Mesure/data=!4m7!3m6!1s0x47e66d553515285b:0x34b102af6ccfbb30!8m2!3d48.8542263!4d2.3854728!16s%2Fg%2F11gmg5029k!19sChIJWygVNVVt5kcRMLvPbK8CsTQ?authuser=0&hl=fr&rclk=1"", ""pays"": ""fr"", ""telephone_2"": ""0184251818, 0153251622"", ""ml_extracted"": ""{\""persons\"": [], \""emails\"": [\""agence@twinbi.com\""], \""phones\"": [\""0184251818\"", \""0153251622\""], \""siret\"": \""42476141900011\"", \""rcs\"": null, \""capital\"": \""500 000 €\"", \""adresse\"": \""135 rue de Fontenay 94300 VINCENNES CONCEPTION GRAPHIQUE\"", \""editeur\"": null}"", ""date_scraping"": ""2026-06-01 22:34:40"", ""niveau_urgence"": 0, ""ecarte_legacy"": 0, ""mobile_score"": 0, ""desktop_score"": 0, ""score_performance"": 0, ""score_seo"": 0, ""score_gmb"": 0, ""score_urgence"": 0.0, ""approuve"": 1, ""template_variant"": ""v1"", ""profile"": ""immobilier"", ""statut_prospection"": ""step1_envoye"", ""date_audit"": ""2026-06-10 07:22:09"", ""ia_score"": 25, ""ia_opportunite"": 2, ""ia_signaux"": ""pas_https(+15); no_favicon(+5); no_og(+5)"", ""ia_reco"": ""a_verifier""}","SIRET: 42476141900011 | Adresse: 135 rue de Fontenay 94300 VINCENNES CONCEPTION GRAPHIQUE | Capital: 500 000 € | Email: agence@twinbi.com | Tel: 0184251818, 0153251622",2026-09-17T12:02:04,legacy_maps,6425,+33184251818,"{""created_at"": ""2026-09-14T14:46:32"", ""source"": ""legacy_maps""}",144,Agence immobilière Paris 11 - L'immobilier sur Mesure,qualifie,Paris,immobilier,Agence immobilière Paris 11 - L'immobilier sur Mesure,http://www.immobilier-surmesure.com/contact/
9157,,2026-09-14T14:46:32,0,4.9,,0,"
124 Bd Richard-Lenoir, 75011 Paris, France",0,"{""legacy_id"": 586, ""legacy_table"": ""leads_bruts"", ""source_legacy"": ""maps"", ""statut_legacy"": ""en_attente"", ""categorie"": ""immobilier"", ""mot_cle"": ""agent immobilier"", ""lien_maps"": ""https://www.google.com/maps/place/Agence+immobili%C3%A8re+l%27Adresse+Paris+11+Oberkampf/data=!4m7!3m6!1s0x47e66dfcd7bc4997:0x9a2d51cbfb75488d!8m2!3d48.8652022!4d2.3706465!16s%2Fg%2F11csq7ndgh!19sChIJl0m81_xt5kcRjUh1-8tRLZo?authuser=0&hl=fr&rclk=1"", ""pays"": ""fr"", ""ml_extracted"": ""{\""persons\"": [], \""emails\"": [], \""phones\"": [], \""siret\"": null, \""rcs\"": null, \""capital\"": null, \""adresse\"": null, \""editeur\"": null}"", ""date_scraping"": ""2026-06-01 22:34:41"", ""niveau_urgence"": 0, ""ecarte_legacy"": 0, ""mobile_score"": 0, ""desktop_score"": 0, ""score_performance"": 0, ""score_seo"": 0, ""score_gmb"": 0, ""score_urgence"": 0.0, ""approuve"": 1, ""template_variant"": ""v1"", ""profile"": ""immobilier"", ""statut_prospection"": ""a_contacter"", ""date_audit"": ""2026-06-10 07:22:09"", ""ia_opportunite"": 35, ""ia_signaux"": ""réseau LAdresse (ladresse) — grand compte"", ""ia_reco"": ""a_verifier""}","Acheter Louer Connexion Agence Immobilière l'Adresse Oberkampf Paris 11 🏡 Depuis plus d’une décennie, L’adresse Paris-Oberkampf est votre agence immobilière de confiance à Paris (📍124 bd Richard-Lenoir). Nous sommes spécialisés en transaction (vente & achat d'appartements) et en gestion locative. Vous êtes propriétaire ? Confiez-nous votre bien : nous gérons la mise en location, la sélection des locataires, les baux et le suivi complet. 📑 Vous souhaitez vendre ou connaître la valeur de votre bien ? Profitez d’une estimation fiable et gratuite, réalisée par nos experts. 🔍 Une équipe locale, réactive et engagée pour concrétiser tous vos projets immobiliers à Paris. 🤝 Contactez-nous dès aujourd’hui ! Nous faisons partie du réseau L'ADRESSE (350 agences en France et 80 en IDF) réseau coopératif créé en 1999. Estimer Acheter Louer Quel type de bien ? Maison Appartement Demeure de Prestige Fonds de commerce Parking / box Immeuble Domaine agricole Domaine forestier Terrain Bureaux Cession de bail Entrepôt / Local industriel Loft Murs Entreprise Longère Villa Etang Moulin Manoir Programme Neuf Riad Corps de ferme Local commercial Terrain de loisirs Bastide Château Hotel particulier Bergerie Hameau Grange Lotissement Local d'activité Chalet Maison de village Mas Exploitation Agricole Cave Propriété de chasse Propriété de loisirs Propriété d'agrément Bois de chasse Territoire de chasse Marina Péniche Chambre Immeuble de rapport Maison de maître Maison bourgeoise Maison de ville Maison de pays Fermette Ferme Demeure Maison d'architecte Mobil Home Dépendance Grange aménagée Maison de gardien Demeure Contemporaine Haras Ecurie Propriété Equestre Rechercher Plus de critères Vous souhaitez acheter un bien ? Simulez votre financement. Vous voulez vendre votre maison ou appartement ? Estimez la valeur de votre bien. Agence immobilière l'Adresse à Paris 11 Agence immobilière Paris – Paris-Oberkampf Depuis plus de 10 ans, l'agence L’adresse Paris-Oberkampf, située au 124 boulevard Richard-Lenoir, est une référence en matière de transaction immobilière, de location et gestion locative d'appartements sur la commune de Paris.Nous sommes spécialisés sur le secteur de Paris. Notre parfaite connaissance du marché local nous permet de vous offrir un accompagnement sur mesure, que vous soyez propriétaire, vendeur, investisseur ou futur acquéreur. 🔑 Nos services : • Estimation immobilière Paris Vous souhaitez vendre un appartement à Paris ? Notre équipe réalise des estimations précises et gratuites, basées sur les prix au m² du quartier et les données du marché local. Que ce soit pour une vente d'appartement ou une estimation de maison à Paris 11, nous vous aidons à vendre dans les meilleures conditions. • Gestion locative Paris Nous proposons un service complet de gestion locative : recherche de locataire, rédaction du bail, état des lieux, encaissement des loyers et suivi administratif. Vous êtes propriétaire bailleur à Paris ? Déléguez la gestion de votre appartement à une agence de proximité fiable et expérimentée. • Mise en location d'appartements à Paris Vous cherchez une agence pour mettre en location votre bien ? Nous assurons une location rapide et sécurisée, que ce soit pour un studio, un T2, T3,T4, immeuble, location de locaux commerciaux, un appartement meublé, vide",2026-09-17T12:02:04,legacy_maps,6419,+33181697650,"{""created_at"": ""2026-09-14T14:46:32"", ""source"": ""legacy_maps""}",144,Agence immobilière l'Adresse Paris 11 Oberkampf,qualifie,Paris,immobilier,Agence immobilière l'Adresse Paris 11 Oberkampf,https://www.ladresse-paris-oberkampf.com/
9925,contact@citya.com,2026-09-14T14:46:32,0,3.9,,0,"
107 Rue Servient, 69003 Lyon, France",0,"{""legacy_id"": 619, ""legacy_table"": ""leads_bruts"", ""source_legacy"": ""maps"", ""statut_legacy"": ""envoye"", ""categorie"": ""immobilier"", ""mot_cle"": ""agent immobilier"", ""lien_maps"": ""https://www.google.com/maps/place/Agence+Immobili%C3%A8re+Lyon+-+Citya+Vend%C3%B4me+Lumi%C3%A8re/data=!4m7!3m6!1s0x47f4ea8afba40edd:0xf1cdb1fe6809f29f!8m2!3d45.7606563!4d4.8501093!16s%2Fg%2F11b779dnds!19sChIJ3Q6k-4rq9EcRn_IJaP6xzfE?authuser=0&hl=fr&rclk=1"", ""pays"": ""fr"", ""telephone_2"": ""0247471111"", ""ml_extracted"": ""{\""persons\"": [], \""emails\"": [\""contact@citya.com\""], \""phones\"": [\""0247471111\""], \""siret\"": null, \""rcs\"": null, \""capital\"": null, \""adresse\"": null, \""editeur\"": null}"", ""date_scraping"": ""2026-06-01 22:37:21"", ""niveau_urgence"": 0, ""ecarte_legacy"": 0, ""mobile_score"": 0, ""desktop_score"": 0, ""score_performance"": 0, ""score_seo"": 0, ""score_gmb"": 0, ""score_urgence"": 0.0, ""approuve"": 1, ""template_variant"": ""v1"", ""profile"": ""immobilier"", ""statut_prospection"": ""step1_envoye"", ""date_audit"": ""2026-06-10 07:22:09"", ""ia_opportunite"": 35, ""ia_signaux"": ""citya.com = réseau Citya — grand compte"", ""ia_reco"": ""a_verifier""}",Email: contact@citya.com | Tel: 0247471111,2026-09-17T12:02:04,legacy_maps,6407,+33472757275,"{""created_at"": ""2026-09-14T14:46:32"", ""source"": ""legacy_maps""}",144,Agence Immobilière Lyon - Citya Vendôme Lumière,qualifie,Lyon,immobilier,Agence Immobilière Lyon - Citya Vendôme Lumière,https://www.citya.com/nous-contacter/324?
197,accueilweb@guy-hoquet.com,2026-09-14T14:46:32,0,4.8,,0,"
20 Av. Jean Jaurès, 69007 Lyon, France",0,"{""legacy_id"": 621, ""legacy_table"": ""leads_bruts"", ""source_legacy"": ""maps"", ""statut_legacy"": ""envoye"", ""categorie"": ""immobilier"", ""mot_cle"": ""agent immobilier"", ""lien_maps"": ""https://www.google.com/maps/place/Agence+immobili%C3%A8re+Guy+Hoquet+-+L%27unique+agence+Guy+Hoquet+sur+Lyon+7+depuis+1998/data=!4m7!3m6!1s0x47f4ea431b228b85:0x8f2dde30eb04bd18!8m2!3d45.7522736!4d4.8458367!16s%2Fg%2F1tfk3sjg!19sChIJhYsiG0Pq9EcRGL0E6zDeLY8?authuser=0&hl=fr&rclk=1"", ""pays"": ""fr"", ""email_2"": ""informatique-et-libertes-lyon7@guyhoquet.com"", ""telephone_2"": ""0972101007, 0472767080, 0472767081"", ""ml_extracted"": ""{\""persons\"": [], \""emails\"": [\""accueilweb@guy-hoquet.com\"", \""informatique-et-libertes-lyon7@guyhoquet.com\""], \""phones\"": [\""0972101007\"", \""0472767080\"", \""0472767081\""], \""siret\"": \""42476141900045\"", \""rcs\"": null, \""capital\"": \""10 069 020 €\"", \""adresse\"": \""2 rue Kellermann - 59100 Roubaix\"", \""editeur\"": \""La société par actions simplifiée GUY HOQUET L’IMMOBILIER\""}"", ""date_scraping"": ""2026-06-01 22:37:21"", ""niveau_urgence"": 0, ""ecarte_legacy"": 0, ""mobile_score"": 0, ""desktop_score"": 0, ""score_performance"": 0, ""score_seo"": 0, ""score_gmb"": 0, ""score_urgence"": 0.0, ""approuve"": 1, ""template_variant"": ""v1"", ""profile"": ""immobilier"", ""statut_prospection"": ""step1_envoye"", ""date_audit"": ""2026-06-10 07:22:09"", ""ia_opportunite"": 35, ""ia_signaux"": ""guy-hoquet.com = réseau Guy Hoquet — grand compte"", ""ia_reco"": ""a_verifier""}","Editeur: La société par actions simplifiée GUY HOQUET L’IMMOBILIER | SIRET: 42476141900045 | Adresse: 2 rue Kellermann - 59100 Roubaix | Capital: 10 069 020 € | Email: accueilweb@guy-hoquet.com, informatique-et-libertes-lyon7@guyhoquet.com | Tel: 0972101007, 0472767080, 0472767081",2026-09-17T12:02:04,legacy_maps,6400,+33472767080,"{""created_at"": ""2026-09-14T14:46:32"", ""source"": ""legacy_maps""}",144,Agence immobilière Guy Hoquet - L'unique agence Guy Hoquet sur Lyon 7 depuis 1998,qualifie,Lyon,immobilier,Agence immobilière Guy Hoquet - L'unique agence Guy Hoquet sur Lyon 7 depuis 1998,https://lyon-7.guy-hoquet.com/
664,,2026-09-14T14:46:32,15,4.4,,0,"
33 Rue Tiquetonne, 75002 Paris, France",0,"{""legacy_id"": 552, ""legacy_table"": ""leads_bruts"", ""source_legacy"": ""maps"", ""statut_legacy"": ""en_attente"", ""categorie"": ""immobilier"", ""mot_cle"": ""agence immobilière"", ""lien_maps"": ""https://www.google.com/maps/place/Agence+Immobili%C3%A8re+Paris+Immobilier/data=!4m7!3m6!1s0x47e66e1848eac5f3:0x9bf90a8f4e6f72!8m2!3d48.8646974!4d2.3473326!16s%2Fg%2F1v96l2yh!19sChIJ88XqSBhu5kcRcm9Ojwr5mwA?authuser=0&hl=fr&rclk=1"", ""pays"": ""fr"", ""ml_extracted"": ""{\""persons\"": [], \""emails\"": [], \""phones\"": [], \""siret\"": null, \""rcs\"": null, \""capital\"": null, \""adresse\"": null, \""editeur\"": null}"", ""date_scraping"": ""2026-06-01 23:33:20"", ""niveau_urgence"": 0, ""ecarte_legacy"": 0, ""mobile_score"": 0, ""desktop_score"": 0, ""score_performance"": 0, ""score_seo"": 0, ""score_gmb"": 0, ""score_urgence"": 0.0, ""approuve"": 1, ""template_variant"": ""v1"", ""profile"": ""immobilier"", ""statut_prospection"": ""a_contacter"", ""date_audit"": ""2026-06-10 07:22:09"", ""ia_score"": 15, ""ia_opportunite"": 1, ""ia_signaux"": ""pas_https(+15)""}",Not Found The requested URL was not found on this server. Apache/2.4.54 (Debian) Server at www.parisimmobilier.fr Port 80,2026-09-17T12:02:04,legacy_maps,6113,+33153409444,"{""created_at"": ""2026-09-14T14:46:32"", ""source"": ""legacy_maps""}",146,Agence Immobilière Paris Immobilier,qualifie,Paris,immobilier,Agence Immobilière Paris Immobilier,http://www.parisimmobilier.fr/
662,vente@paris-seine-immobilier.com,2026-09-14T14:46:32,5,4.6,,0,"
59 Rue du Cherche-Midi, 75006 Paris, France",0,"{""legacy_id"": 343, ""legacy_table"": ""leads_bruts"", ""source_legacy"": ""maps"", ""statut_legacy"": ""en_attente"", ""categorie"": ""immobilier"", ""mot_cle"": ""agent immobilier"", ""lien_maps"": ""https://www.google.com/maps/place/PARIS+SEINE+IMMOBILIER+-+Agence+Cherche-Midi/data=!4m7!3m6!1s0x47e671d25a167ac7:0xef0c82a01ef20806!8m2!3d48.8484305!4d2.3245875!16s%2Fg%2F1tjf9l46!19sChIJx3oWWtJx5kcRBgjyHqCCDO8?authuser=0&hl=fr&rclk=1"", ""pays"": ""fr"", ""ml_extracted"": ""{\""persons\"": [], \""emails\"": [], \""phones\"": [], \""siret\"": null, \""rcs\"": null, \""capital\"": null, \""adresse\"": null, \""editeur\"": null}"", ""date_scraping"": ""2026-06-01 23:34:40"", ""niveau_urgence"": 0, ""ecarte_legacy"": 0, ""mobile_score"": 0, ""desktop_score"": 0, ""score_performance"": 0, ""score_seo"": 0, ""score_gmb"": 0, ""score_urgence"": 0.0, ""approuve"": 1, ""template_variant"": ""v1"", ""profile"": ""immobilier"", ""statut_prospection"": ""a_contacter"", ""date_audit"": ""2026-06-10 07:22:09"", ""ia_score"": 5, ""ia_opportunite"": 1, ""ia_signaux"": ""no_webp(+5)""}","ACCUEIL ACHETER VENDRE/ESTIMER LOUER GESTION LOCATIVE IMMOBILIER COMMERCIAL PARIS SEINE CONTACTEZ-NOUS MA RECHERCHE FRANÇAIS A VENDRE TYPE DE BIEN VILLE, C.P GO Accueilévaluez votre bien avec Paris Seine Évaluez votre bien avec Paris Seine ESTIMATION GRATUITE · SANS ENGAGEMENT La vraie valeur de votre bien, estimée par des experts parisiens Votre patrimoine mérite une analyse rigoureuse, menée par des professionnels qui connaissent chaque immeuble, chaque marché, chaque arrondissement. ESTIMER MON BIEN EN LIGNE PRENDRE RENDEZ-VOUS → + de 30 ans d'expertise parisienne 5 agences au cœur de Paris 24 h pour recevoir votre estimation Vendez votre bien avec les experts PARIS SEINE DÉCOUVRIR ✦ Estimation offerte Sans frais ni engagement ✦ Résultat sous 24h En ligne ou avec un consultant ✦ Marché actualisé en temps réel Transactions récentes par arrondissement ✦ Accompagnement de A à Z Du mandat à la signature notariale VOTRE ESTIMATION, À VOTRE RYTHME Deux façons d'évaluer votre bien ⚡ RÉSULTAT INSTANTANÉ Estimation en ligne En quelques minutes, obtenez une première fourchette de valeur basée sur les dernières transactions de votre secteur. Simple, immédiat, sans engagement. ESTIMER EN LIGNE → ◎ ANALYSE APPROFONDIE & PERSONNALISÉE Rendez-vous avec un expert Un consultant Paris Seine se déplace dans votre bien et vous remet une valorisation rigoureuse, assortie d'une stratégie de vente sur-mesure et d'un plan de diffusion adapté. PRENDRE RENDEZ-VOUS → NOTRE DIFFÉRENCE Un réseau unique au service de votre vente Nos cinq agences au cœur de Paris partagent une base de données commune. Votre bien bénéficie immédiatement de la visibilité de l'intégralité de notre fichier acquéreurs, qualifiés et actifs. Chaque projet est traité dans sa singularité. Nous définissons une stratégie adaptée à votre situation, votre calendrier et vos objectifs, avec la discrétion que vous êtes en droit d'attendre d'un partenaire d'exception. PARLER À UN CONSEILLER → Base acquéreurs mutualisée entre agences Dès la signature du mandat, votre bien est diffusé en priorité à l'ensemble de notre fichier clients groupé. Expertise rue par rue, immeuble par immeuble Nos négociateurs connaissent chaque copropriété et chaque dynamique de marché dans nos arrondissements. Comptes-rendus de visites systématiques Retour structuré après chaque visite : ressenti acquéreur, positionnement prix, analyse concurrentielle. Commercialisation confidentielle disponible Sur simple demande, votre bien peut être vendu hors portails, sur fichier exclusif, en toute discrétion. Présence éditoriale dans les magazines immobiliers de référence PLAN DE COMMUNICATION Votre bien, mis en lumière Parce que la première impression est irréversible, nous mobilisons l'ensemble de nos outils pour révéler les qualités de votre bien aux meilleurs acquéreurs. ◉ Mise en valeur professionnelle Reportage photographique professionnel Visite virtuelle 3D immersive Home staging 3D et conseils de présentation Vidéo de présentation du bien ◉ Diffusion nationale & internationale Portails premium : Belles Demeures, Propriétés Le Figaro, Résidences Immobilier Portails grands publics : SeLoger, Bien'ici, Logic-Immo Presse de référence : Le Figaro, Forbes, Challenges Réseaux sociaux, newsletters & presse municipale Diffusion dans Propriétés Le Figaro & les supports de prestige VOS BIENS DIFFUSÉS DANS Propriétés Le Figaro ◆ Belles Demeures ◆ Résidences Immobilier ◆ Forbes",2026-09-17T12:02:04,legacy_maps,6112,+33145446600,"{""created_at"": ""2026-09-14T14:46:32"", ""source"": ""legacy_maps""}",146,PARIS SEINE IMMOBILIER - Agence Cherche-Midi,qualifie,Paris,immobilier,PARIS SEINE IMMOBILIER - Agence Cherche-Midi,https://www.paris-seine-immobilier.com/content/22/evaluez-votre-bien-avec-paris-seine.html
9195,contact@noveo-immo.fr,2026-09-14T14:46:32,0,4.9,,0,"
139 Av. Félix Faure, 69003 Lyon, France",0,"{""legacy_id"": 588, ""legacy_table"": ""leads_bruts"", ""campaign_legacy_id"": 12, ""source_legacy"": ""maps"", ""statut_legacy"": ""envoye"", ""categorie"": ""immobilier"", ""mot_cle"": ""agence immobilière"", ""lien_maps"": ""https://www.google.com/maps/place/Agence+immobili%C3%A8re+NOV%C3%89O+IMMO+Lyon/data=!4m7!3m6!1s0x47f4eb4934c46207:0xe722028be16103c4!8m2!3d45.7543738!4d4.8640076!16s%2Fg%2F11rnf9gxtk!19sChIJB2LENEnr9EcRxANh4YsCIuc?authuser=0&hl=fr&rclk=1"", ""pays"": ""fr"", ""ml_extracted"": ""{\""persons\"": [], \""emails\"": [\""contact@noveo-immo.fr\""], \""phones\"": [], \""siret\"": null, \""rcs\"": null, \""capital\"": null, \""adresse\"": null, \""editeur\"": null}"", ""date_scraping"": ""2026-06-15 21:13:35"", ""niveau_urgence"": 0, ""ecarte_legacy"": 0, ""mobile_score"": 0, ""desktop_score"": 0, ""score_performance"": 0, ""score_seo"": 0, ""score_gmb"": 0, ""score_urgence"": 0.0, ""approuve"": 1, ""template_variant"": ""v1"", ""profile"": ""immobilier"", ""statut_prospection"": ""step1_envoye"", ""date_audit"": ""2026-06-10 07:22:09"", ""ia_score"": 0, ""ia_opportunite"": 1, ""ia_signaux"": ""Site moderne""}",Email: contact@noveo-immo.fr,2026-09-17T12:02:04,legacy_maps,6111,+33472343592,"{""created_at"": ""2026-09-14T14:46:32"", ""source"": ""legacy_maps""}",146,Agence immobilière NOVÉO IMMO Lyon,qualifie,Lyon,immobilier,Agence immobilière NOVÉO IMMO Lyon,https://www.noveo-immo.fr/
72107,contact@unimage.fr,2026-09-14T14:46:32,20,4.7,,0,2 rue de Colmar 94300 Vincennes,0,"{""legacy_id"": 371, ""legacy_table"": ""leads_bruts"", ""campaign_legacy_id"": 12, ""source_legacy"": ""maps"", ""statut_legacy"": ""envoye"", ""categorie"": ""immobilier"", ""mot_cle"": ""agence immobiliere"", ""lien_maps"": ""https://www.google.com/maps/place/C%C3%A9sar+et+Brutus+-+Agence+immobili%C3%A8re+Lyon/data=!4m7!3m6!1s0x47f4ea53e6e98e91:0x37b126570d7fd9fb!8m2!3d45.760024!4d4.83595!16s%2Fg%2F1hhw1t0br!19sChIJkY7p5lPq9EcR-9l_DVcmsTc?authuser=0&hl=fr&rclk=1"", ""pays"": ""fr"", ""telephone_2"": ""0482539988, 0158640005, 0970808911, 0474090806"", ""ml_extracted"": ""{\""persons\"": [], \""emails\"": [\""contact@unimage.fr\""], \""phones\"": [\""0482539988\"", \""0158640005\"", \""0970808911\"", \""0474090806\""], \""siret\"": null, \""rcs\"": \""RCS  520826900\"", \""capital\"": null, \""adresse\"": \""2 rue de Colmar 94300 Vincennes\"", \""editeur\"": \""internet au sens de la Loi LCEN\""}"", ""date_scraping"": ""2026-06-15 21:13:35"", ""niveau_urgence"": 0, ""ecarte_legacy"": 0, ""mobile_score"": 0, ""desktop_score"": 0, ""score_performance"": 0, ""score_seo"": 0, ""score_gmb"": 0, ""score_urgence"": 0.0, ""approuve"": 1, ""template_variant"": ""v1"", ""profile"": ""immobilier"", ""statut_prospection"": ""step1_envoye"", ""date_audit"": ""2026-06-10 07:22:09"", ""ia_score"": 20, ""ia_opportunite"": 2, ""ia_signaux"": ""pas_https(+15); no_favicon(+5)"", ""ia_reco"": ""a_verifier""}","Editeur: internet au sens de la Loi LCEN | RCS: RCS  520826900 | Adresse: 2 rue de Colmar 94300 Vincennes | Email: contact@unimage.fr | Tel: 0482539988, 0158640005, 0970808911, 0474090806",2026-09-17T12:02:04,legacy_maps,6107,+33482539988,"{""created_at"": ""2026-09-14T14:46:32"", ""source"": ""legacy_maps""}",144,César et Brutus - Agence immobilière Lyon,qualifie,Lyon,immobilier,César et Brutus - Agence immobilière Lyon,http://www.cesaretbrutus.com/
753,,2026-09-14T14:46:32,0,4.7,Sites,0,"
11 Rue Antoine Bourdelle, 75015 Paris, France",0,"{""legacy_id"": 863, ""legacy_table"": ""leads_bruts"", ""source_legacy"": ""maps"", ""statut_legacy"": ""en_attente"", ""categorie"": ""ecoles_formation"", ""mot_cle"": ""centre de formation"", ""lien_maps"": ""https://www.google.com/maps/place/Dawan+Paris/data=!4m7!3m6!1s0x47e671ccb16540b5:0xb94e60afcc950426!8m2!3d48.8427531!4d2.3185778!16s%2Fg%2F1tpf6fx8!19sChIJtUBlscxx5kcRJgSVzK9gTrk?authuser=0&hl=fr&rclk=1"", ""pays"": ""fr"", ""ml_extracted"": ""{\""persons\"": [{\""role\"": \""Webmaster\"", \""prenom\"": \""Sites\"", \""nom\"": \""WEB\"", \""email\"": \""\"", \""telephone\"": \""\""}, {\""role\"": \""Dg\"", \""prenom\"": \""Server\"", \""nom\"": \""ZIMBRA\"", \""email\"": \""\"", \""telephone\"": \""\""}, {\""role\"": \""Administrateur\"", \""prenom\"": \""Linux\"", \""nom\"": \""LINUX\"", \""email\"": \""\"", \""telephone\"": \""\""}], \""emails\"": [], \""phones\"": [], \""siret\"": null, \""rcs\"": null, \""capital\"": null, \""adresse\"": null, \""editeur\"": null}"", ""date_scraping"": ""2026-06-02 00:01:37"", ""niveau_urgence"": 0, ""ecarte_legacy"": 0, ""mobile_score"": 0, ""desktop_score"": 0, ""score_performance"": 0, ""score_seo"": 0, ""score_gmb"": 0, ""score_urgence"": 0.0, ""approuve"": 1, ""template_variant"": ""v1"", ""profile"": ""ecoles_formation"", ""statut_prospection"": ""a_contacter"", ""date_audit"": ""2026-06-10 08:51:47"", ""ia_opportunite"": 35, ""ia_signaux"": ""dawan.fr = grand compte formation IT"", ""ia_reco"": ""a_verifier""}",Webmaster: Sites WEB | Dg: Server ZIMBRA | Administrateur: Linux LINUX,2026-09-17T12:02:04,legacy_maps,6101,+33972377373,"{""created_at"": ""2026-09-14T14:46:32"", ""source"": ""legacy_maps""}",144,Dawan Paris,qualifie,Paris,ecoles_formation,WEB,https://www.dawan.fr/
0,accueil@agencedeslices.immo,2026-09-14T14:46:32,0,0.0,,0,,0,"{""legacy_id"": 982, ""legacy_table"": ""leads_bruts"", ""source_legacy"": ""ads"", ""statut_legacy"": ""envoye"", ""categorie"": ""immobilier"", ""mot_cle"": ""syndic de copropriete Lyon"", ""pays"": ""fr"", ""ml_extracted"": ""{\""persons\"": [], \""emails\"": [\""accueil@agencedeslices.immo\""], \""phones\"": [\""0481510437\""], \""siret\"": null, \""rcs\"": null, \""capital\"": null, \""adresse\"": null, \""editeur\"": \""La responsabilité de l’édition de ce site sera portée par le Directeur de MG IMMOBILIER Bourg-en-bresse\""}"", ""date_scraping"": ""2026-06-02 06:08:21"", ""niveau_urgence"": 0, ""ecarte_legacy"": 0, ""mobile_score"": 50, ""desktop_score"": 60, ""score_performance"": 50, ""score_seo"": 40, ""score_gmb"": 0, ""score_urgence"": 0.0, ""probleme_principal"": ""perf"", ""rapport_resume"": ""perf"", ""approuve"": 1, ""template_used"": ""sniper"", ""template_variant"": ""v1"", ""statut_prospection"": ""step1_envoye"", ""date_audit"": ""2026-06-02 14:43:25"", ""lien_rapport"": ""https://audit.incidenx.com/agencedeslices-syndic-fr/"", ""ia_score"": 0, ""ia_opportunite"": 1, ""ia_signaux"": ""Site moderne""}",Editeur: La responsabilité de l’édition de ce site sera portée par le Directeur de MG IMMOBILIER Bourg-en-bre | Email: accueil@agencedeslices.immo | Tel: 0481510437,2026-09-17T12:02:04,legacy_maps,6068,0481510437,"{""created_at"": ""2026-09-14T14:46:32"", ""source"": ""legacy_maps""}",146,agencedeslices-syndic.fr,qualifie,Lyon,immobilier,agencedeslices-syndic.fr,https://agencedeslices-syndic.fr
