Id,Nom,Adresse,Ville,Secteur,Site,Tel,Email,ScoreActuel,Categorie,Objectif,Opportunite,Score,Signaux,Reco,EmailObjet,EmailCorps
5802,centrelaserlyon.fr,27 rue Godefroy 69006 Lyon Responsable publication,Lyon,cliniques_esthetiques,https://centrelaserlyon.fr,0437420925,,0,cliniques_esthetiques,web,1,0,Site moderne,,,
5803,derma-pro.fr,,Paris,cliniques_esthetiques,https://derma-pro.fr,,,0,cliniques_esthetiques,web,1,0,Site moderne,,,
5804,clinique.crpce.com,,Marseille,cliniques_esthetiques,https://clinique.crpce.com,,,0,cliniques_esthetiques,web,2,,clinique.crpce.com = 404 (champ Site mort); vrai domaine www.crpce.com OK (moderne) — doublon avec 7009,a_verifier,,
5805,AGENCY,9 Rue de la Baignerie 59000 LILLE Créateur,Lille,cliniques_esthetiques,https://laser-esthetique-lille.com,0320078530,hello@wapiti-agency.com,0,cliniques_esthetiques,web,2,0,Site moderne; email=agence web (wapiti-agency.com) à nettoyer,a_verifier,,
5806,dr-elia.com,,Lille,cliniques_esthetiques,https://dr-elia.com,,,0,cliniques_esthetiques,web,1,0,Site moderne,,,
5807,dr-sanavi-esthetique.fr,,Bordeaux,cliniques_esthetiques,https://dr-sanavi-esthetique.fr,,,0,cliniques_esthetiques,web,3,45,non_responsive(+40); no_favicon(+5) — pas de contact exploitable,a_verifier,,
5808,lemedecin.fr,,Marseille,cliniques_esthetiques,https://lemedecin.fr,,,0,cliniques_esthetiques,web,1,5,no_webp(+5),,,
5809,dr-laurent.fr,,Lille,cliniques_esthetiques,https://dr-laurent.fr,,,0,cliniques_esthetiques,web,1,0,Site moderne,,,
5810,CLEMENCEAU,179 Boulevard Clemenceau 59700 Marcq-en-Bar,Lille,cliniques_esthetiques,https://cliniqueclemenceau.fr,0320805454,,0,cliniques_esthetiques,web,1,0,Site moderne,,,
5811,clinic-renaissance.fr,,Lille,cliniques_esthetiques,https://clinic-renaissance.fr,0320828232,contact@clinic-renaissance.fr,0,cliniques_esthetiques,web,1,0,Site moderne,,,
5812,LAVOCAT,9 rue du colisée 33000 Bordeaux,Bordeaux,cliniques_esthetiques,https://anthesebordeaux.fr,0557999041,contact@anthesebordeaux.fr,0,cliniques_esthetiques,web,1,0,Site moderne,,,
5813,dr-emma-lavocat.com,,Bordeaux,cliniques_esthetiques,https://dr-emma-lavocat.com,0100529808,,0,cliniques_esthetiques,web,1,0,Site moderne,,,
5814,chirurgie-du-visage-bordeaux.fr,,Bordeaux,cliniques_esthetiques,https://chirurgie-du-visage-bordeaux.fr,,,0,cliniques_esthetiques,web,1,5,no_favicon(+5),,,
5815,chirurgieesthetiquebordeaux.fr,,Bordeaux,cliniques_esthetiques,https://chirurgieesthetiquebordeaux.fr,,,0,cliniques_esthetiques,web,1,5,no_favicon(+5),,,
5816,esthetiquenouvelleaquitaine.com,,Bordeaux,cliniques_esthetiques,https://esthetiquenouvelleaquitaine.com,,,0,cliniques_esthetiques,web,1,0,Site moderne,,,
5817,clinique-phenicia.com,8 Boulevard Sainte Thérèse 13005,Marseille,cliniques_esthetiques,https://clinique-phenicia.com,0504302202,contact@cliniquephenicia.com,0,cliniques_esthetiques,web,1,5,no_favicon(+5),,,
5818,DESOUCHES,5 Boulevard Notre Dame 13006,Marseille,cliniques_esthetiques,https://desouches-chirurgien-esthetique.com,0491550000,contact@desouches-chirurgien-esthetique.fr,0,cliniques_esthetiques,web,1,5,no_favicon(+5),,,
5819,THOMAS,,Marseille,cliniques_esthetiques,https://guidicelli-esthetique.com,0783838542,,0,cliniques_esthetiques,web,1,0,Site moderne,,,
5820,lachirurgieesthetique.org,,Paris,cliniques_esthetiques,https://lachirurgieesthetique.org,,,0,cliniques_esthetiques,web,3,45,non_responsive(+40); no_favicon(+5) — pas de contact exploitable,a_verifier,,
5821,serri-chirurgien-esthetique.com,,Marseille,cliniques_esthetiques,https://serri-chirurgien-esthetique.com,,,0,cliniques_esthetiques,web,1,5,no_webp(+5),,,
5822,BERTRAND,,Lyon,cliniques_esthetiques,https://dr-durantet.com,0437425380,,0,cliniques_esthetiques,web,2,0,Site moderne — doublon avec liste_57/6943 (dr-durantet),a_verifier,,
5823,medecineesthetique.cliniquecrillon.com,96 rue Crillon - - 69006 LYON Adresse du siège social de la société,Lyon,cliniques_esthetiques,https://medecineesthetique.cliniquecrillon.com,0478173736,,0,cliniques_esthetiques,web,2,0,Sous-domaine clinique Crillon — doublon entité avec 6973,a_verifier,,
5824,docteur-rivalier.com,4 Rue d'Enghien 69002 Lyon,Lyon,cliniques_esthetiques,https://docteur-rivalier.com,0478598679,,0,cliniques_esthetiques,web,1,0,Site moderne,,,
5825,seize-mai.com,,Lyon,cliniques_esthetiques,https://seize-mai.com,0481912588,bonjour@seize-mai.com,0,cliniques_esthetiques,web,1,5,no_favicon(+5),,,
5826,beaujour.com,,Lyon,cliniques_esthetiques,https://beaujour.com,0444446040,contact@beaujour.com,0,cliniques_esthetiques,web,1,0,Site moderne,,,
5827,docteur-aimard.com,,Lyon,cliniques_esthetiques,https://docteur-aimard.com,0786298044,,0,cliniques_esthetiques,web,1,0,Site moderne,,,
5828,appartbeaute.com,,Paris,cliniques_esthetiques,https://appartbeaute.com,,,0,cliniques_esthetiques,web,1,5,no_favicon(+5),,,
5829,clinique-spontini.fr,,Paris,cliniques_esthetiques,https://clinique-spontini.fr,0184749527,,0,cliniques_esthetiques,web,1,0,Site moderne,,,
5830,centremarceau.com,,Paris,cliniques_esthetiques,https://centremarceau.com,0144316666,info@centremarceau.com,0,cliniques_esthetiques,web,1,5,no_favicon(+5),,,
5831,eiffelclinique.fr,,Paris,cliniques_esthetiques,https://eiffelclinique.fr,,,0,cliniques_esthetiques,web,1,5,no_favicon(+5),,,
5832,drbroccaioli.com,90 boulevard Raspail - 75006 PARIS Adresse du siège social de la société,Paris,cliniques_esthetiques,https://drbroccaioli.com,0170939790,info@drbroccaioli.com,0,cliniques_esthetiques,web,1,0,Site moderne,,,
5833,aesthe.com,4 AV MATIGNON 75008 PARIS,Lille,cliniques_esthetiques,https://aesthe.com,,contact@hostingaesthe-zzwg5ceuo8.live-website.com,0,cliniques_esthetiques,web,35,10,aesthe.com = réseau Aesthé (groupe) — grand compte réseau; email=placeholder hosting à nettoyer,a_verifier,,
5834,BEGGA,"
24 Av. Victoria, 75001 Paris, France",Paris,cliniques_esthetiques,https://www.medecineesthetique-parischatelet.com/,,,0,cliniques_esthetiques,web,1,0,Site moderne,,,
5835,medecinelaserpalaisroyal.fr,,Paris,cliniques_esthetiques,https://medecinelaserpalaisroyal.fr,,,0,cliniques_esthetiques,web,1,0,Site moderne,,,
5836,drscemama.com,,Paris,cliniques_esthetiques,https://drscemama.com,,,0,cliniques_esthetiques,web,1,10,no_favicon(+5); no_og(+5),,,
5837,mon-chirurgien-esthetique.paris,,Paris,cliniques_esthetiques,https://mon-chirurgien-esthetique.paris,0145501813,,0,cliniques_esthetiques,web,1,0,Site moderne,,,
5838,crpce.com,,Paris,cliniques_esthetiques,https://crpce.com,,,0,cliniques_esthetiques,web,2,5,www.crpce.com moderne; apex cert invalide — doublon avec 6976,a_verifier,,
5839,laserliberte.fr,,Lille,cliniques_esthetiques,https://laserliberte.fr,0320501414,giausseran@hotmail.fr,0,cliniques_esthetiques,web,1,5,no_og(+5),,,
5840,ISABELLE,38 Rue d'Isly 59000 - Lille Tél,Lille,cliniques_esthetiques,https://medecin-esthetique-rodrigues.fr,0675069415,,0,cliniques_esthetiques,web,1,10,no_og(+5); no_webp(+5),,,
5841,centrelasermedical.fr,,Lille,cliniques_esthetiques,https://centrelasermedical.fr,0320884078,,0,cliniques_esthetiques,web,2,25,generator_Joomla(+20); no_og(+5) — doublon avec 7014 (même tel),a_verifier,,
5842,alexandracorrion.fr,,Lille,cliniques_esthetiques,https://alexandracorrion.fr,,dr.corrion@gmail.com,0,cliniques_esthetiques,web,1,0,Site moderne,,,
5843,centre-laser-lille.fr,150 rue Pierre Mauroy - 59800 LILLE,Lille,cliniques_esthetiques,https://centre-laser-lille.fr,0320884078,,0,cliniques_esthetiques,web,1,10,no_og(+5); no_webp(+5),,,
5844,docteur-julieellart.com,,Lille,cliniques_esthetiques,https://docteur-julieellart.com,,,0,cliniques_esthetiques,web,1,0,Site moderne,,,
5845,cesar-depoortere-chirurgie-esthetique.com,,Lille,cliniques_esthetiques,https://cesar-depoortere-chirurgie-esthetique.com,,,0,cliniques_esthetiques,web,2,25,generator_Wix(+20); no_og(+5),a_verifier,,
5846,STUDIO,,Bordeaux,cliniques_esthetiques,https://laparte-esthetique.com,,,0,cliniques_esthetiques,web,1,5,no_favicon(+5),,,
5847,clinique-esthetique-aquitaine.com,,Bordeaux,cliniques_esthetiques,https://clinique-esthetique-aquitaine.com,0556686970,contact@clinique-esthetique-aquitaine.com,0,cliniques_esthetiques,web,1,10,no_favicon(+5); no_webp(+5),,,
5848,chirurgie-esthetique-azencot-bordeaux.fr,,Bordeaux,cliniques_esthetiques,https://chirurgie-esthetique-azencot-bordeaux.fr,0556790202,contact@mareputationenligne.fr,0,cliniques_esthetiques,web,1,5,no_favicon(+5),,,
5849,planity.com,,Bordeaux,cliniques_esthetiques,https://planity.com,,,0,cliniques_esthetiques,web,35,,planity.com — plateforme de réservation (réseau Lazeo) — pas de site propre,a_verifier,,
5850,MARTIAL,,Bordeaux,cliniques_esthetiques,https://maison-agape.com,0919258210,contact@maison-agape.com,0,cliniques_esthetiques,web,3,45,non_responsive(+40); no_favicon(+5),a_contacter,,
5851,docteurreau.com,,Bordeaux,cliniques_esthetiques,https://docteurreau.com,,,0,cliniques_esthetiques,web,1,15,no_favicon(+5); no_og(+5); no_webp(+5),,,
5852,BARTHELEMY,,Marseille,cliniques_esthetiques,https://drbarthelemy.com,0486684822,contact@drbarthelemy.com,0,cliniques_esthetiques,web,1,0,Site moderne,,,
5853,BALASUBRAMANIAN,,Marseille,cliniques_esthetiques,https://threebestrated.fr,,support@threebestrated.fr,0,cliniques_esthetiques,web,2,,threebestrated.fr = annuaire/portail d'avis — pas le site du commerce,a_verifier,,
5854,lacliniquelaser.com,,Marseille,cliniques_esthetiques,https://lacliniquelaser.com,0413244757,,0,cliniques_esthetiques,web,1,0,Site moderne,,,
5855,estheticon.fr,,Lyon,cliniques_esthetiques,https://estheticon.fr,,,0,cliniques_esthetiques,web,40,35,"URL pointee = portail communautaire international Estheticon (referencement de chirurgiens esthetiques), PAS une clinique locale. Donnee scrapee non fiable : vraie clinique a identifier.",a_verifier,,
5856,Docteur Harold EBURDERY,"
46 Cr Franklin Roosevelt, 69006 Lyon, France",Lyon,cliniques_esthetiques,https://www.docteureburdery.com/,+33649855779,contact@ascomedia.com,0,cliniques_esthetiques,web,1,5,no_og(+5),,,
5857,MERTENS,"
1 Rue Boissac 1er étage, 69002 Lyon, France",Lyon,cliniques_esthetiques,https://maisonyoko.com/,+33428870333,laura@maisonyoko.com,0,cliniques_esthetiques,web,1,0,Site moderne,,,
5858,Centre Médical & Esthétique des Canuts - Épilation laser lyon -Greffe de cheveux,"
11 Rue Dumont d'Urville, 69004 Lyon, France",Lyon,cliniques_esthetiques,https://centremedicalcroixrousse.fr/,+33478089363,,0,cliniques_esthetiques,web,3,50,non_responsive(+40); no_favicon(+5); no_og(+5),a_contacter,,
5859,SPÉCIFIÉ,"
171 Rue Léon Blum, 69100 Villeurbanne, France",Lyon,cliniques_esthetiques,https://www.celest-lyon.com/,+33428870038,,0,cliniques_esthetiques,web,3,45,non_responsive(+40); no_favicon(+5),a_verifier,,
5860,CONCEPTION,61 avenue Franklin D. Roosevelt 75008 Paris,Lyon,cliniques_esthetiques,https://clinique-des-champs-elysees-lyon.fr,,,0,cliniques_esthetiques,web,1,5,no_favicon(+5),,,
5861,centre-dermatologique-esthetique-lyon.fr,51 Rue de la bourse 69002 - LYON Tél,Lyon,cliniques_esthetiques,https://centre-dermatologique-esthetique-lyon.fr,0472569040,contact@cdelyon.fr,0,cliniques_esthetiques,web,1,5,no_favicon(+5),,,
5862,villa-des-monts-dor.fr,,Lyon,cliniques_esthetiques,https://villa-des-monts-dor.fr,0472826943,,0,cliniques_esthetiques,web,1,0,Site moderne,,,
5863,cliniqueesthetique.com,,Lyon,cliniques_esthetiques,https://cliniqueesthetique.com,,info@cliniqueesthetique.com,0,cliniques_esthetiques,web,2,35,pas_https(+15); generator_Joomla 1.5(+20),a_verifier,,
5864,nuevadermparis.com,,Paris,cliniques_esthetiques,https://nuevadermparis.com,,contact@nuevaderm-paris.com,0,cliniques_esthetiques,web,1,5,no_webp(+5),,,
5865,arthestic.com,,Paris,cliniques_esthetiques,https://arthestic.com,,,0,cliniques_esthetiques,web,2,20,pas_https(+15); no_favicon(+5),a_verifier,,
5866,Dr Ismail Mehdi,"
29 Pl. Bellecour, 69002 Lyon, France",Lyon,cliniques_esthetiques,https://dr-ismail-mehdi.com/,+33428292151,,0,cliniques_esthetiques,web,1,10,no_favicon(+5); no_webp(+5),,,
5867,YOHANN,"
4 Av. Hoche, 75008 Paris, France",Paris,cliniques_esthetiques,https://drderhy.com/,+33175436262,,0,cliniques_esthetiques,web,1,10,no_favicon(+5); no_og(+5),,,
5868,docteurranadbouk.com,60 Cours Franklin Roosevelt - 69006 LYON -,Lyon,cliniques_esthetiques,https://docteurranadbouk.com,0472752623,,0,cliniques_esthetiques,web,1,15,no_favicon(+5); no_og(+5); no_webp(+5),,,
5869,dr-michael-atlan.fr,,Lyon,cliniques_esthetiques,https://dr-michael-atlan.fr,0184192300,,0,cliniques_esthetiques,web,1,5,no_favicon(+5),,,
5870,FRÉDÉRIC,,Lyon,cliniques_esthetiques,https://docteurpicard.com,0699449998,,0,cliniques_esthetiques,web,3,50,non_responsive(+40); no_favicon(+5); no_og(+5),a_contacter,,
5871,VALÉRIE,2 rue Kellermann 59100 Roubaix,Lyon,cliniques_esthetiques,https://medecine-esthetique-lyon.com,0472615985,contact@medecine-esthetique-lyon.com,0,cliniques_esthetiques,web,55,30,"Site date (copyright 2018), design simple et ancien, actualites obsoletes. Contact direct (tel 04 72 61 59 85, email). Opportunite de refonte reelle.",a_contacter,,
5872,dermo-laser-lyon.fr,,Lyon,cliniques_esthetiques,https://dermo-laser-lyon.fr,0104132126,contact@dermo-laser-lyon.fr,0,cliniques_esthetiques,web,1,10,no_favicon(+5); no_og(+5),,,
5873,centrelaser.cliniquecrillon.com,,Lyon,cliniques_esthetiques,https://centrelaser.cliniquecrillon.com,0478173736,contact@cliniquecrillon.com,0,cliniques_esthetiques,web,1,0,Site moderne,,,
5874,clmo.fr,,Lyon,cliniques_esthetiques,https://clmo.fr,0478646995,contact@clmo.fr,0,cliniques_esthetiques,web,1,0,Site moderne,,,
5875,cabinetjeanpierregobin.fr,,Lyon,cliniques_esthetiques,https://cabinetjeanpierregobin.fr,0478588000,contact@idea-fr.com,0,cliniques_esthetiques,web,70,50,"Vrai centre laser Lyon, mais site TRES date (copyright 2012), structure ancienne. Email de contact = agence web id&a (non direct) ; tel direct 04 78 58 80 00. Forte opportunite de refonte.",a_contacter,,
5876,medecine-esthetique-nord.fr,,Lille,cliniques_esthetiques,https://medecine-esthetique-nord.fr,0783593469,sara.allahyari@medecine-esthetique-nord.fr,0,cliniques_esthetiques,web,1,0,Site moderne,,,
5877,antiage-nord.fr,,Lille,cliniques_esthetiques,https://antiage-nord.fr,0366726081,info@antiage-nord.fr,0,cliniques_esthetiques,web,50,25,"Site basique et peu actualise (avis/comments 2019-2021), present mais vieillissant. Contact email direct. A verifier l'interet reel de refonte.",a_verifier,,
5878,docteurdelaoustre.com,,Lille,cliniques_esthetiques,https://docteurdelaoustre.com,0850940218,estheticmedical@icloud.com,0,cliniques_esthetiques,web,1,5,no_favicon(+5),,,
5879,centreesthetiquelaserlille.com,,Lille,cliniques_esthetiques,https://centreesthetiquelaserlille.com,0366882508,cell.secretariat@gmail.com,0,cliniques_esthetiques,web,1,10,no_og(+5); no_webp(+5),,,
5880,esthetique-a.com,,Bordeaux,cliniques_esthetiques,https://esthetique-a.com,0582884082,contact@esthetique-a.com,0,cliniques_esthetiques,web,1,10,no_og(+5); no_webp(+5),,,
5881,maiia.com,,Bordeaux,cliniques_esthetiques,https://maiia.com,0337260504,support@maiia.com,0,cliniques_esthetiques,web,40,20,"URL = plateforme SaaS de prise de RDV Maiia, pas une clinique de Bordeaux. Donnee scrapee non fiable : vraie clinique a identifier.",a_verifier,,
5882,dr-cocchi.fr,,Bordeaux,cliniques_esthetiques,https://dr-cocchi.fr,,,0,cliniques_esthetiques,web,2,,"cert TLS invalide - site reel, non analysable",a_verifier,,
5883,antiageintegral.com,,Bordeaux,cliniques_esthetiques,https://antiageintegral.com,0869565217,,0,cliniques_esthetiques,web,45,30,"Site editorial 'forme/longevite' (contenus + ebooks), pas clairement une clinique locale. Copyright 2007-2026, design ancien. Cible commerciale reelle a confirmer.",a_verifier,,
5884,chirurgie-medecine-esthetique-bordeaux.fr,,Bordeaux,cliniques_esthetiques,https://chirurgie-medecine-esthetique-bordeaux.fr,0898441508,secretariat.docteurdannepond@gmail.com,0,cliniques_esthetiques,web,1,10,no_favicon(+5); no_og(+5),,,
5885,dr-malglaive.com,,Bordeaux,cliniques_esthetiques,https://dr-malglaive.com,0554829667,dr.malglaive@gmail.com,0,cliniques_esthetiques,web,70,45,copyright_2020(+25); stack_obsolete(+20),a_contacter,,
5886,cleo-bordeaux.fr,,Bordeaux,cliniques_esthetiques,https://cleo-bordeaux.fr,0978800216,contact@cleo-bordeaux.fr,0,cliniques_esthetiques,web,1,5,no_favicon(+5),,,
5887,docteur-sylvie-djendikian.com,,Marseille,cliniques_esthetiques,https://docteur-sylvie-djendikian.com,0577581590,dje.sylvie@wanadoo.fr,0,cliniques_esthetiques,web,1,5,no_favicon(+5),,,
5888,dr-yoni-assouly.com,,Marseille,cliniques_esthetiques,https://dr-yoni-assouly.com,0709640771,assistantedrassouly@gmail.com,0,cliniques_esthetiques,web,1,5,no_favicon(+5),,,
5889,medecindirect.fr,,Marseille,cliniques_esthetiques,https://medecindirect.fr,0974488846,antoine.lescure@medecindirect.fr,0,cliniques_esthetiques,web,1,5,no_webp(+5),,,
5890,amir-medecine-esthetique.com,,Marseille,cliniques_esthetiques,https://amir-medecine-esthetique.com,0180963919,contact@amir-medecine-esthetique.com,0,cliniques_esthetiques,web,1,0,Site moderne,,,
5891,drpaoli.fr,,Marseille,cliniques_esthetiques,https://drpaoli.fr,0491290010,info.drpaoli@free.fr,0,cliniques_esthetiques,web,70,50,non_responsive(+40); pas_og(+5); img_non_webp(+5),a_contacter,,
5892,jauffret-esthetique.com,,Marseille,cliniques_esthetiques,https://jauffret-esthetique.com,0496100080,contact@jauffret-esthetique.com,0,cliniques_esthetiques,web,1,0,Site moderne,,,
5893,resalib.fr,,Marseille,cliniques_esthetiques,https://resalib.fr,0780538844,contact@resalib.com,0,cliniques_esthetiques,web,1,5,no_webp(+5),,,
5894,medecine-esthetique-costa.com,,Lyon,cliniques_esthetiques,https://medecine-esthetique-costa.com,0482533504,contact@medecine-esthetique-costa.com,0,cliniques_esthetiques,web,55,30,copyright_2015(+25); img_non_webp(+5),a_verifier,,
5895,etatpur.fr,,Lyon,cliniques_esthetiques,https://etatpur.fr,0123456789,contact@etatpur.com,0,cliniques_esthetiques,web,1,5,no_og(+5),,,
5896,nomad-et-sens.com,,Lyon,cliniques_esthetiques,https://nomad-et-sens.com,0426300606,rdv@nomad-et-sens.com,0,cliniques_esthetiques,web,55,25,stack_obsolete(+20); img_non_webp(+5),a_verifier,,
5897,cmaap.fr,,Paris,cliniques_esthetiques,https://cmaap.fr,0898441508,secretariat@cmaap.fr,0,cliniques_esthetiques,web,1,10,no_favicon(+5); no_og(+5),,,
5898,lacliniquedeparis.fr,,Paris,cliniques_esthetiques,https://lacliniquedeparis.fr,0145046892,,0,cliniques_esthetiques,web,3,45,non_responsive(+40); no_favicon(+5),a_contacter,,
5899,meningaud.com,,Paris,cliniques_esthetiques,https://meningaud.com,0666666666,,0,cliniques_esthetiques,web,1,5,no_favicon(+5),,,
5900,medecine-anti-age.com,,Paris,cliniques_esthetiques,https://medecine-anti-age.com,0260317171,webmestre@medecine-anti-age.com,0,cliniques_esthetiques,web,1,0,Site moderne,,,
5901,medical-aesthetic-center.fr,,Paris,cliniques_esthetiques,https://medical-aesthetic-center.fr,0186260359,contact@medical-aesthetic-center.fr,0,cliniques_esthetiques,web,55,30,stack_obsolete(+20); pas_og(+5); img_non_webp(+5),a_verifier,,
5902,sephora.fr,,Paris,cliniques_esthetiques,https://sephora.fr,,serviceclients@sephora.fr,0,cliniques_esthetiques,web,55,100,URL enseigne (grand compte) — pas le site du commerce scrapé (à vérifier),a_verifier,,
5903,laurence-fuhrmann.fr,,Paris,cliniques_esthetiques,https://laurence-fuhrmann.fr,0478739036,contact@laurence-fuhrmann.com,0,cliniques_esthetiques,web,1,0,Site moderne,,,
5904,menard.fr,,Paris,cliniques_esthetiques,https://menard.fr,,contact@menard.fr,0,cliniques_esthetiques,web,2,,"cert TLS invalide - site reel, non analysable",a_verifier,,
5905,medecin-mmaa.com,,Paris,cliniques_esthetiques,https://medecin-mmaa.com,,,0,cliniques_esthetiques,web,35,15,pas_https/cert_invalide(+15),a_verifier,,
5906,infobel.com,,Paris,cliniques_esthetiques,https://infobel.com,,,0,cliniques_esthetiques,web,55,35,copyright_1995(+25); pas_og(+5); img_non_webp(+5),a_verifier,,
5907,treatwell.fr,,Paris,cliniques_esthetiques,https://treatwell.fr,0374973672,alessandro.frau@treatwell.fr,0,cliniques_esthetiques,web,50,5,"URL = plateforme de reservation de soins beaute/bien-etre Treatwell (marketplace), pas une clinique. Email alessandro.frau@treatwell.fr = employe de la plateforme. Vraie cible a identifier.",a_verifier,,
5908,cliniqueconfidence.com,,Lille,cliniques_esthetiques,https://cliniqueconfidence.com,0320152093,hello@cliniqueconfidence.com,0,cliniques_esthetiques,web,1,5,no_favicon(+5),,,
5909,vidal.fr,,Lille,cliniques_esthetiques,https://vidal.fr,,jerome.vidal@vidal.fr,0,cliniques_esthetiques,web,50,5,"URL = Vidal.fr, portail national de reference sur les medicaments (base de donnees), PAS une clinique. Email jerome.vidal@vidal.fr = contact editeur. Donnee scrapee non fiable.",a_verifier,,
5910,chirurgie-esthetique-kopp-bordeaux.com,,Bordeaux,cliniques_esthetiques,https://chirurgie-esthetique-kopp-bordeaux.com,0556060532,contact@docteurkopp.com,0,cliniques_esthetiques,web,1,5,no_favicon(+5),,,
5911,drgelliesthetique.fr,,Bordeaux,cliniques_esthetiques,https://drgelliesthetique.fr,0749113107,contact@drgelliesthetique.fr,0,cliniques_esthetiques,web,1,0,Site moderne,,,
5912,docteur-rousvoal.com,,Bordeaux,cliniques_esthetiques,https://docteur-rousvoal.com,0852620639,,0,cliniques_esthetiques,web,1,10,no_favicon(+5); no_og(+5),,,
5913,medecine-esthetique-cassis.fr,,Marseille,cliniques_esthetiques,https://medecine-esthetique-cassis.fr,0692181857,dr.guemasflinterman@gmail.com,0,cliniques_esthetiques,web,3,50,non_responsive(+40); no_favicon(+5); no_og(+5),a_contacter,,
5914,ansm.sante.fr,,Marseille,cliniques_esthetiques,https://ansm.sante.fr,0721255614,drd@ansm.sante.fr,0,cliniques_esthetiques,web,50,5,"URL = ANSM, agence publique de securite du medicament (site institutionnel gouvernemental), PAS une clinique. Email drd@ansm.sante.fr = adresse institutionnelle. Donnee scrapee hors cible.",a_verifier,,
5915,maisonmonticelli.com,,Marseille,cliniques_esthetiques,https://maisonmonticelli.com,0245061104,centremaisonmonticelli@gmail.com,0,cliniques_esthetiques,web,1,5,no_favicon(+5),,,
5916,drlucamarinelli.com,,Marseille,cliniques_esthetiques,https://drlucamarinelli.com,0588321909,contact@drlucamarinelli.com,0,cliniques_esthetiques,web,1,5,no_favicon(+5),,,
5917,docteurcowen.fr,,Marseille,cliniques_esthetiques,https://docteurcowen.fr,0491773131,drmaximecowen@gmail.com,0,cliniques_esthetiques,web,1,10,no_favicon(+5); no_og(+5),,,
5918,dermalogica.fr,,Lyon,cliniques_esthetiques,https://dermalogica.fr,,professionnel@dermalogica.com,0,cliniques_esthetiques,web,50,5,"URL = Dermalogica.fr, marque de cosmetiques (e-commerce), PAS une clinique. Email professionnel@dermalogica.com = service marketing marque. Donnee scrapee hors cible.",a_verifier,,
5919,centre-esthetique-roosevelt.fr,,Lyon,cliniques_esthetiques,https://centre-esthetique-roosevelt.fr,,dr.aimardromain@gmail.com,0,cliniques_esthetiques,web,1,5,no_og(+5),,,
5920,drmariemilan.com,,Lyon,cliniques_esthetiques,https://drmariemilan.com,0472943684,contact@drmariemilan.com,0,cliniques_esthetiques,web,1,5,no_favicon(+5),,,
5921,deuxiemeavis.fr,,Paris,cliniques_esthetiques,https://deuxiemeavis.fr,,contact@deuxiemeavis.f,0,cliniques_esthetiques,web,50,5,"URL = DeuxiemeAvis.fr, plateforme francaise de 2e avis medical en ligne (societe Carians), PAS une clinique. Email contact@deuxiemeavis.fr = service plateforme. Donnee scrapee hors cible.",a_verifier,,
5922,medecin-esthetiqueparis.com,,Paris,cliniques_esthetiques,https://medecin-esthetiqueparis.com,,,0,cliniques_esthetiques,web,1,10,no_favicon(+5); no_og(+5),,,
5923,docteur-benharoun.com,,Paris,cliniques_esthetiques,https://docteur-benharoun.com,,contact@cabinet-benharoun.com,0,cliniques_esthetiques,web,60,30,"Cabinet Dr Elie Benharoun Paris 8e : vrai cabinet de medecine esthetique avec contact direct (tel +33 1 42 66 17 86, email contact@cabinet-benharoun.com) mais site date et simple (Copyright 2019, agence Antreek), tres peu de pages. Bonne opportunite de modernisation.",a_contacter,,
5924,lazdelongchamp.fr,,Paris,cliniques_esthetiques,https://lazdelongchamp.fr,,contact@lazdelongchamp.fr,0,cliniques_esthetiques,web,1,0,Site moderne,,,
5925,centre-villiers-batignolles.paris,,Paris,cliniques_esthetiques,https://centre-villiers-batignolles.paris,,contact@cvbparis.fr,0,cliniques_esthetiques,web,2,25,pas_https(+15); no_favicon(+5); no_og(+5),a_verifier,,
5926,dermomedicalcenter.com,,Paris,cliniques_esthetiques,https://dermomedicalcenter.com,,secretariat-paris@dermomedicalcenter.com,0,cliniques_esthetiques,web,1,0,Site moderne,,,
5927,clinique-des-yeux.fr,,Paris,cliniques_esthetiques,https://clinique-des-yeux.fr,,contact@clinique-des-yeux.fr,0,cliniques_esthetiques,web,50,10,"URL = Clinique des Yeux, reseau/plateforme servicielle de mise en relation pour la chirurgie refractive (ophtalmologie), 13 lieux de consultation en France, PAS une clinique esthetique locale. Structure corporate multi-sites.",a_verifier,,
5928,vauban-dermatologie-lille.com,,Lille,cliniques_esthetiques,https://vauban-dermatologie-lille.com,,,0,cliniques_esthetiques,web,1,0,Site moderne,,,
5929,lillecotesud.fr,,Lille,cliniques_esthetiques,https://lillecotesud.fr,,irousseaux@wanadoo.fr,0,cliniques_esthetiques,web,60,40,"Lille Cote Sud (Dr Isabelle Rousseaux, Loos/Lille) : centre laser et dermatologie esthetique, contact direct (tel, email irousseaux@wanadoo.fr) mais site basique et date (Copyright 2011-2026, design ancien, peu de pages). Bonne opportunite de refonte.",a_contacter,,
5930,sparadiselille.com,,Lille,cliniques_esthetiques,https://sparadiselille.com,,,0,cliniques_esthetiques,web,35,20,"URL = guide/agenda editeur bien-etre a Lille (annuaire de spas/activites), pas un commerce ni une clinique, pas de praticien propre. Vraie cible a identifier.",a_verifier,,
5931,dermatologue-bordeaux.fr,,Bordeaux,cliniques_esthetiques,https://dermatologue-bordeaux.fr,,,0,cliniques_esthetiques,web,3,45,non_responsive(+40); no_favicon(+5),a_contacter,,
5932,centre-esthetique-bordeaux.fr,,Bordeaux,cliniques_esthetiques,https://centre-esthetique-bordeaux.fr,,,0,cliniques_esthetiques,web,55,25,"Centre Esthetique Bordeaux (AE Sthetics, Clinique Bel Air) : contact direct (email esthetique33bdx@gmail.com, tel) mais site simple, dernieres actualites 2024 seulement, design datte. Bonne opportunite de modernisation.",a_contacter,,
5933,chirurgieesthetiquelavocat.com,,Bordeaux,cliniques_esthetiques,https://chirurgieesthetiquelavocat.com,,,0,cliniques_esthetiques,web,1,0,Site moderne,,,
5934,dr-fiona-goldammer.fr,,Bordeaux,cliniques_esthetiques,https://dr-fiona-goldammer.fr,,,0,cliniques_esthetiques,web,1,0,Site moderne,,,
5935,dermato-cdbm.fr,,Bordeaux,cliniques_esthetiques,https://dermato-cdbm.fr,,,0,cliniques_esthetiques,web,55,25,"CDBM Centre Dermatologique Bordeaux Metropole : contact direct mais site Wix simple, Copyright 2022, pages basiques. Bonne opportunite de refonte.",a_contacter,,
5936,medecineesthetiquebordeaux.net,,Bordeaux,cliniques_esthetiques,https://medecineesthetiquebordeaux.net,,,0,cliniques_esthetiques,web,85,100,"Site en 404 HTTP+HTTPS (site_casse confirme) mais websearch = Dr Orliac, medecine esthetique, 25 rue Mably 33000 Bordeaux, tel 09 51 06 49 63, pages indexees sur Google : activite reelle, ne pas exclure, verifier acces/restauration.",a_verifier,,
5937,fr.mappy.com,,Bordeaux,cliniques_esthetiques,https://fr.mappy.com,,,0,cliniques_esthetiques,web,35,5,"URL = fr.mappy.com, service cartes/itineraires (RATP), pas une clinique ; email/tel = editeur service. Donnee scrapee hors cible.",a_verifier,,
5938,dermapole.fr,,Marseille,cliniques_esthetiques,https://dermapole.fr,,,0,cliniques_esthetiques,web,2,,"temps depasse ou injoignable - site reel, non analysable",a_verifier,,
5939,dermatologie-esthetique-marseille.com,,Marseille,cliniques_esthetiques,https://dermatologie-esthetique-marseille.com,,,0,cliniques_esthetiques,web,3,45,non_responsive(+40); no_favicon(+5),a_contacter,,
5940,drbettex.fr,,Marseille,cliniques_esthetiques,https://drbettex.fr,,,0,cliniques_esthetiques,web,1,5,no_favicon(+5),,,
5941,skinmarceau.com,,Marseille,cliniques_esthetiques,https://skinmarceau.com,,,0,cliniques_esthetiques,web,1,10,no_favicon(+5); no_og(+5),,,
5942,dr-thierry-fontaine.fr,,Marseille,cliniques_esthetiques,https://dr-thierry-fontaine.fr,,,0,cliniques_esthetiques,web,85,100,"Site injoignable par scraper (erreur transport HTTP+HTTPS) mais websearch = cabinet reel Dr Thierry Fontaine, dermatologue esthetique a Marcq-en-Baroeul (Nord, Lille), site indexe : activite reelle, ville du lead (Marseille) erronee, ne pas exclure.",a_verifier,,
5943,my-laser.fr,,Marseille,cliniques_esthetiques,https://my-laser.fr,,,0,cliniques_esthetiques,web,3,45,non_responsive(+40); no_favicon(+5),a_contacter,,
5944,centre-dermatologie-laser-esthetique.eu,,Marseille,cliniques_esthetiques,https://centre-dermatologie-laser-esthetique.eu,,,0,cliniques_esthetiques,web,50,25,"Dr Anne Le Pillouer-Prost + 4 dermatologues (Centre Dermatologie Laser Esthetique, Marseille 8e Grand Prado) : site PHP/HTML tres datte, dernieres actualites janv 2024, Doctolib ; contacts exploitables : 04 91 60 19 45, email gmail. Bonne opportunite de refonte.",a_contacter,,
5945,lasers-dermatologiques.com,,Lyon,cliniques_esthetiques,https://lasers-dermatologiques.com,,,0,cliniques_esthetiques,web,1,5,no_favicon(+5),,,
5946,chirurgien-dermatologue-lyon.com,,Lyon,cliniques_esthetiques,https://chirurgien-dermatologue-lyon.com,,,0,cliniques_esthetiques,web,1,0,Site moderne,,,
5947,drcormary.fr,,Lyon,cliniques_esthetiques,https://drcormary.fr,,,0,cliniques_esthetiques,web,70,50,"Dr Martine Cormary dermatologue esthetique Lyon 6e (53 bd des Belges) : secretariat 04 78 89 80 76, Doctolib, ~230 avis Google 4.2/5 ; site substantiel (tarifs affiches) mais non accessible au scraper (anti-bot) + signal non_responsive, pas d'actualite visible -> potentiel de modernisation.",a_contacter,,
5948,elsan.care,,Lyon,cliniques_esthetiques,https://elsan.care,,,0,cliniques_esthetiques,web,35,5,"URL = elsan.care, groupe national d'hospitalisation privee ELSAN (corporate, Next.js) = annuaire d'etablissements ; email/tel = groupe, pas un commerce local. Donnee scrapee hors cible.",a_verifier,,
5949,docteurgianfermi.fr,,Lyon,cliniques_esthetiques,https://docteurgianfermi.fr,,,0,cliniques_esthetiques,web,1,5,no_favicon(+5),,,
5950,feeli.io,,Lyon,cliniques_esthetiques,https://feeli.io,,,0,cliniques_esthetiques,web,35,5,"URL = feeli.io, plateforme SaaS de teleconsultation 24/7 (medecins en ligne), marque/service national pas un commerce local ; email/tel = editeur. Donnee scrapee hors cible.",a_verifier,,
5951,docteurisabellebaratte.com,,Lyon,cliniques_esthetiques,https://docteurisabellebaratte.com,,,0,cliniques_esthetiques,web,1,5,no_favicon(+5),,,
5952,marinetti-esthetique.com,,Marseille,cliniques_esthetiques,https://marinetti-esthetique.com,,,0,cliniques_esthetiques,web,1,10,no_favicon(+5); no_og(+5),,,
5953,spa-le-norvegien.mywizi.com,,Marseille,cliniques_esthetiques,https://spa-le-norvegien.mywizi.com,,spalenorvegien@gmail.com,0,cliniques_esthetiques,web,55,15,"Spa Le Norvegien (Marseille, spa de luxe sauna/hammam/jacuzzi) : boutique Wizishop (e-commerce sous-domaine mywizi.com), 82 avis 4.84/5, blog actif ; contacts propres tel 04 91 79 34 98 + email spalenorvegien@gmail.com -> opportunite refonte + domaine propre.",a_contacter,,
5954,neo-clinique.com,,Marseille,cliniques_esthetiques,https://neo-clinique.com,,,0,cliniques_esthetiques,web,1,5,no_favicon(+5),,,
5955,mywizi.com,,Marseille,cliniques_esthetiques,https://mywizi.com,,,0,cliniques_esthetiques,web,85,100,"Editeur SaaS plateforme web mywizi.com, pas le commerce propre. Fiche erail/fr/nl. Email/tel = editeur.",a_verifier,,
5956,centre-jouvence.com,,Marseille,cliniques_esthetiques,https://centre-jouvence.com,,,0,cliniques_esthetiques,web,65,45,"Centre Jouvence Carry-le-Rouet (BDR). Greffe capillaire + laser. WP basique Jalis, images non optimisees. 04 42 45 32 38 / WhatsApp 07 81 60 24 50. Pas de Doctolib.",a_contacter,,
5957,rhinoplastie.drlarinicolas.com,,Marseille,cliniques_esthetiques,https://rhinoplastie.drlarinicolas.com,,,0,cliniques_esthetiques,web,1,5,no_webp(+5),,,
5958,clinique-esthetique.fr,,Lyon,cliniques_esthetiques,https://clinique-esthetique.fr,,,0,cliniques_esthetiques,web,60,55,"Clinique Esthetique Grand Lyon (Ambérieu 69480). WP date images 2015, attente ARS. 04 74 600 600. Opportunite refonte.",a_contacter,,
5959,cleage.fr,,Lyon,cliniques_esthetiques,https://cleage.fr,,,0,cliniques_esthetiques,web,1,0,Site moderne,,,
5960,drmurielperraultdejotemps.com,,Paris,cliniques_esthetiques,https://drmurielperraultdejotemps.com,,,0,cliniques_esthetiques,web,1,10,no_favicon(+5); no_og(+5),,,
5961,booking.appartbeaute.com,,Paris,cliniques_esthetiques,https://booking.appartbeaute.com,,,0,cliniques_esthetiques,web,60,10,"Appart Beaute Paris (appartbeaute.com). Med esthetique depuis 2020, 2 adresses Paris (Opera + Rive Gauche). 01 89 74 42 72. Sous-domaine booking en erreur JS (page erreur). Site principal actif.",a_contacter,,
5962,m.yelp.com,,Lille,cliniques_esthetiques,https://m.yelp.com,,,0,cliniques_esthetiques,web,55,100,URL = fiche Yelp mobile. Pas le site propre du commerce. A verifier si vrai commerce derriere.,a_verifier,,
5963,chu-lille.fr,,Lille,cliniques_esthetiques,https://chu-lille.fr,,,0,cliniques_esthetiques,web,55,25,"CHU Lille - hopital public. Institutionnel, pas un commerce. Site non cible.",a_verifier,,
5964,docteur-maertens.com,,Lille,cliniques_esthetiques,https://docteur-maertens.com,,,0,cliniques_esthetiques,web,1,10,no_favicon(+5); no_og(+5),,,
5965,clinique-lille-sud.ramsaysante.fr,,Lille,cliniques_esthetiques,https://clinique-lille-sud.ramsaysante.fr,,,0,cliniques_esthetiques,web,55,25,"Clinique Lille Sud - groupe Ramsay Sante. Site corporate groupe, pas la page du commerce local.",a_verifier,,
5966,docteur-poiret.fr,,Lille,cliniques_esthetiques,https://docteur-poiret.fr,,,0,cliniques_esthetiques,web,65,45,"Dr Guillaume Poiret - chirurgien esthetique Lille/Lesquin. 03 20 38 46 65. WP copyright 2018, dernier article 2021. Doctolib present. Site datant, opportunite refonte.",a_contacter,,
5967,cliniquecebc.fr,,Bordeaux,cliniques_esthetiques,https://cliniquecebc.fr,,,0,cliniques_esthetiques,web,1,10,no_favicon(+5); no_og(+5),,,
5968,cg5.fr,,Bordeaux,cliniques_esthetiques,https://cg5.fr,,,0,cliniques_esthetiques,web,75,10,"Clinique George V Talence/Bordeaux. Dr Drossard/Julienne/Garreau. 05 35 54 97 27. WP moderne webp, actus 2025-2026, Doctolib, newsletter, Facebook, Instagram. Bonne opportunite contact.",a_contacter,,
5969,chu-bordeaux.fr,,Bordeaux,cliniques_esthetiques,https://chu-bordeaux.fr,,,0,cliniques_esthetiques,web,55,100,"CHU Bordeaux - hopital public. Institutionnel, pas un commerce. Site non cible.",a_verifier,,
5970,drpascal.fr,,Marseille,cliniques_esthetiques,https://drpascal.fr,,,0,cliniques_esthetiques,web,1,0,Site moderne,,,
5971,docteurnicolai.fr,,Marseille,cliniques_esthetiques,https://docteurnicolai.fr,,,0,cliniques_esthetiques,web,1,10,no_favicon(+5); no_og(+5),,,
5972,docteur-gonnelli-chirurgien-esthetique.com,,Marseille,cliniques_esthetiques,https://docteur-gonnelli-chirurgien-esthetique.com,,,0,cliniques_esthetiques,web,1,0,Site moderne,,,
5973,courbier-esthetique.com,,Marseille,cliniques_esthetiques,https://courbier-esthetique.com,,,0,cliniques_esthetiques,web,1,0,Site moderne,,,
5974,dr-chossat-chirurgien-esthetique.fr,,Marseille,cliniques_esthetiques,https://dr-chossat-chirurgien-esthetique.fr,,,0,cliniques_esthetiques,web,1,5,no_webp(+5),,,
5975,starofservice.com,,Marseille,cliniques_esthetiques,https://starofservice.com,,,0,cliniques_esthetiques,web,55,100,URL = starofservice.com (marketplace annuaire). Pas le site propre du commerce.,a_verifier,,
5976,germain-esthetique.com,,Marseille,cliniques_esthetiques,https://germain-esthetique.com,,,0,cliniques_esthetiques,web,1,0,Site moderne,,,
5977,chu-lyon.fr,,Lyon,cliniques_esthetiques,https://chu-lyon.fr,,,0,cliniques_esthetiques,web,55,100,"CHU Lyon - hopital public. Institutionnel, pas un commerce. Site non cible.",a_verifier,,
5978,emmanueldelay.fr,,Lyon,cliniques_esthetiques,https://emmanueldelay.fr,,,0,cliniques_esthetiques,web,1,5,no_favicon(+5),,,
5979,chirurgieesthetiquelyon.com,,Lyon,cliniques_esthetiques,https://chirurgieesthetiquelyon.com,,,0,cliniques_esthetiques,web,1,10,no_favicon(+5); no_og(+5),,,
5980,docteur-lalloue.com,,Lyon,cliniques_esthetiques,https://docteur-lalloue.com,,,0,cliniques_esthetiques,web,2,25,pas_https(+15); no_favicon(+5); no_og(+5),a_verifier,,
5981,medipolelyonvilleurbanne.fr,,Lyon,cliniques_esthetiques,https://medipolelyonvilleurbanne.fr,,,0,cliniques_esthetiques,web,55,5,"Medipole Lyon-Villeurbanne - clinique privee groupe Ramsay Sante (hopital institutionnel, pas le commerce local). Footer spam casino '777vault-suomi.com/Chicken Road' = compromission SEO.",a_verifier,,
5982,docteur-gebert.fr,,Lyon,cliniques_esthetiques,https://docteur-gebert.fr,,,0,cliniques_esthetiques,web,3,60,non_responsive(+40); pas_https(+15); no_favicon(+5); email=agence(comedia.com),a_contacter,,
5983,cliniquecrillon.com,,Lyon,cliniques_esthetiques,https://cliniquecrillon.com,,,0,cliniques_esthetiques,web,1,0,Site moderne,,,
5984,oddou-chirurgie-esthetique-lyon.fr,,Lyon,cliniques_esthetiques,https://oddou-chirurgie-esthetique-lyon.fr,,,0,cliniques_esthetiques,web,55,25,"Dr Laurent Oddou - chirurgien esthetique Lyon. Joomla obsolette, actus 2022-2023 (voeux 2026), Doctolib+Crisalix. 04 78 52 07 30. Site date, opportunite refonte.",a_contacter,,
5985,docteurnicolasgounot.com,,Lyon,cliniques_esthetiques,https://docteurnicolasgounot.com,,,0,cliniques_esthetiques,web,2,20,pas_https(+15); no_favicon(+5),a_verifier,,
5986,chirurgieesthetique-lyon.fr,,Lyon,cliniques_esthetiques,https://chirurgieesthetique-lyon.fr,0472826599,,0,cliniques_esthetiques,web,1,0,Site moderne,,,
5987,pagesjaunes.fr,,Lyon,cliniques_esthetiques,https://pagesjaunes.fr,0146233000,,0,cliniques_esthetiques,web,55,100,URL = pagesjaunes.fr (annuaire). Pas le site propre du commerce. 01 46 23 30 00 = editeur.,a_verifier,,
5988,gralon.net,,Lyon,cliniques_esthetiques,https://gralon.net,,,0,cliniques_esthetiques,web,55,100,URL = gralon.net (annuaire). Pas le site propre du commerce.,a_verifier,,
5989,justacote.com,,Lyon,cliniques_esthetiques,https://justacote.com,,,0,cliniques_esthetiques,web,55,100,URL = justacote.com (annuaire). Pas le site propre du commerce.,a_verifier,,
5990,esthetiquechirurgicale.com,,Lyon,cliniques_esthetiques,https://esthetiquechirurgicale.com,,,0,cliniques_esthetiques,web,3,45,non_responsive(+40); no_favicon(+5),a_contacter,,
5991,derder-chirurgie-esthetique.com,,Paris,cliniques_esthetiques,https://derder-chirurgie-esthetique.com,,,0,cliniques_esthetiques,web,50,45,"Dr Mohamed Derder - chirurgien esthetique Paris 7e. WP copyright 2019 (+25), revolution slider obsolette (+20), site date. 06 66 21 34 18 / contact@docteurderder.com. Opportunite refonte.",a_contacter,,
5992,idsein.fr,,Paris,cliniques_esthetiques,https://idsein.fr,0145630000,,0,cliniques_esthetiques,web,1,5,no_favicon(+5),,,
5993,dermocarebeautyrepair.fr,76 bd de grenelle 75015 Paris Téléphone,Paris,cliniques_esthetiques,https://dermocarebeautyrepair.fr,0679818528,bienvenue@centre-dbr.fr,0,cliniques_esthetiques,web,1,0,Site moderne,,,
5994,the-clinic.fr,,Paris,cliniques_esthetiques,https://the-clinic.fr,,,0,cliniques_esthetiques,web,3,50,non_responsive(+40); no_favicon(+5); no_og(+5),a_contacter,,
5995,esthetiquemontaigne.fr,20 avenue Montaigne 75008 PARIS France Téléphone,Paris,cliniques_esthetiques,https://esthetiquemontaigne.fr,0142250266,montaigneesthetique@gmail.com,0,cliniques_esthetiques,web,60,25,"Esthetique Montaigne (20 av Montaigne 75008). WP correct mais actus gelees 26/03/2021, copyright 2021 (>4 ans) -> site a rafraichir. 01 42 25 02 66 / montaigneesthetique@gmail.com. Opportunite refonte.",a_contacter,,
5996,cliniquedeschampselysees.com,61 avenue Franklin D.Roosevelt 75008 Paris Téléphone,Paris,cliniques_esthetiques,https://cliniquedeschampselysees.com,0153772588,,0,cliniques_esthetiques,web,1,5,no_webp(+5),,,
5997,chirurgie-esthetique.paris,,Paris,cliniques_esthetiques,https://chirurgie-esthetique.paris,0142744683,cabinet@chirurgie-esthetique.paris,0,cliniques_esthetiques,web,3,40,non_responsive(+40),a_contacter,,
5998,drjerrylevy.com,,Paris,cliniques_esthetiques,https://drjerrylevy.com,0101128261,,0,cliniques_esthetiques,web,3,50,non_responsive(+40); no_favicon(+5); no_og(+5),a_contacter,,
5999,JONATHAN,,Paris,cliniques_esthetiques,https://drjonathanhaddad.com,0980700024,,0,cliniques_esthetiques,web,3,45,non_responsive(+40); no_favicon(+5),a_contacter,,
6000,chirurgie-esthetique-vincent-masson.com,10 rue de la terrasse 75017 Paris Prendre rendez-vous DR MASSON INTERVENTIONS ACTUALITÉS AVANT,Paris,cliniques_esthetiques,https://chirurgie-esthetique-vincent-masson.com,0144710218,docteurvincentmasson@gmail.com,0,cliniques_esthetiques,web,1,5,no_favicon(+5),,,
6001,REMAUD,,Paris,cliniques_esthetiques,https://santopta.fr,0980700024,contact@santopta.fr,0,cliniques_esthetiques,web,55,5,santopta.fr = blog editeur de contenu (sport/sante/bien-etre/nutrition) avec articles sponsorises type chirurgie-obesite-tunisie.fr. Pas un commerce.,a_verifier,,
6002,chirurgie.paris,47 rue Spontini 75116 Paris,Paris,cliniques_esthetiques,https://chirurgie.paris,0153814445,,0,cliniques_esthetiques,web,1,0,Site moderne,,,
6003,BENJAMIN,,Paris,cliniques_esthetiques,https://docteursarfati.com,0140552551,contact@docteursarfati.com,0,cliniques_esthetiques,web,1,5,no_favicon(+5),,,
6004,SAICH,,Lille,cliniques_esthetiques,https://cliniqueduchateau.com,,contact@cliniqueduchateau.fr,0,cliniques_esthetiques,web,2,25,generator_Wix.com Website Builder(+20); no_og(+5),a_verifier,,
6005,chirurgie-esthetique-bordeaux-legaillard.com,,Bordeaux,cliniques_esthetiques,https://chirurgie-esthetique-bordeaux-legaillard.com,,,0,cliniques_esthetiques,web,1,5,no_favicon(+5),,,
6006,AYDIN,2 rue Kellermann 59100 Roubaix,Bordeaux,cliniques_esthetiques,https://clinique-esthetique-quinconces.fr,0556186376,,0,cliniques_esthetiques,web,1,0,Site moderne,,,
6007,medecin-esthetique-merignac.com,,Bordeaux,cliniques_esthetiques,https://medecin-esthetique-merignac.com,0954878269,docteur.emilieh@gmail.com,0,cliniques_esthetiques,web,1,0,Site moderne,,,
6008,beigeclinique.fr,,Marseille,cliniques_esthetiques,https://beigeclinique.fr,0978802622,contact@beigeclinique.fr,0,cliniques_esthetiques,web,1,5,no_favicon(+5),,,
6009,cmel-marseille.fr,,Marseille,cliniques_esthetiques,https://cmel-marseille.fr,0640275647,,0,cliniques_esthetiques,web,55,15,"cmel-marseille.fr - HTTPS KO/cert invalide (http 301 -> https://www = Transport error, webfetch injoignable). Site reel mais TLS cassee -> a confirmer.",a_verifier,,
6010,docteurcorreia.fr,122 bis cours Gambetta 13100 Aix-En-Provence,Marseille,cliniques_esthetiques,https://docteurcorreia.fr,0101357431,contact@docteurcorreia.fr,0,cliniques_esthetiques,web,35,30,"Dr Nicolas Correia - chirurgie esthetique Aix-en-Provence (Clinique Ste Victoire) + Marseille. WP theme 'onelife', copyright 2020 reel, uploads 2020/2026, Doctolib, FAQ/avis/IG. Site pas modernise.",a_verifier,,
6011,chirurgie-esthetique-france.com,220 rue du faubourg saint antoine 75012 Paris Vous pouvez joindre la société au,Lyon,cliniques_esthetiques,https://chirurgie-esthetique-france.com,0678625342,,0,cliniques_esthetiques,web,1,5,no_favicon(+5),,,
6012,AZOULAY,68 BD DE LA REPUBLIQUE 92100 BOULOGNE BILLANCOURT Ou par courriel à l,Paris,cliniques_esthetiques,https://estetikaparis.com,0146201716,contact@scarabe.biz,0,cliniques_esthetiques,web,1,0,Site moderne,,,
6013,afme.org,,Paris,cliniques_esthetiques,https://afme.org,,,0,cliniques_esthetiques,web,55,0,"afme.org = Association Francaise de Medecine Esthetique (association nationale >1800 medecins, WP smart-mag, actus 2026, annuaire medecins). Site assocatif moderne - PAS le site du commerce scrape.",a_verifier,,
6014,u-pec.fr,,Paris,cliniques_esthetiques,https://u-pec.fr,,,0,cliniques_esthetiques,web,55,100,"URL = u-pec.fr (Universite Paris-Est Creteil). Institution academique, pas le site du commerce scrape.",a_verifier,,
6015,jobergroup.com,32 avenue du Général Leclerc 92100 Boulogne-Billancourt RCS NANTERRE,Paris,cliniques_esthetiques,https://jobergroup.com,,contact@digitalocean.com,0,cliniques_esthetiques,web,55,0,"jobergroup.com = plateforme/cabinet de recrutement medical, paramedical et dentaire (SaaS offres emploi, multi-pays BG/EL/EN/ES/IT/PT/RO). Pas un commerce esthetique - email contact@digitalocean.com = placeholder.",a_verifier,,
6016,MAKRAM,2 rue de Verdun 34000 Montpellier SIRET,Paris,cliniques_esthetiques,https://docteurziade-esthetiquemontpellier.com,0467671707,dr.ziade@gmail.com,0,cliniques_esthetiques,web,55,30,"Dr Makram Ziade - chirurgien esthetique Montpellier (ICEM, 2 rue de Verdun, interventions polyclinique St Roch). WP riche, actus 2026/04, Doctolib + telconsultation, avant/apres 3D, tarifs. Copyright 2015 persistant (+25) design daté. 04 67 67 17 07 / dr.ziade@gmail.com.",a_verifier,,
6017,centre-du-champ-de-mars.paris,,Paris,cliniques_esthetiques,https://centre-du-champ-de-mars.paris,,,0,cliniques_esthetiques,web,1,5,no_favicon(+5),,,
6018,BENSABAT,,Paris,cliniques_esthetiques,https://esthetique16.fr,0147200006,,0,cliniques_esthetiques,web,1,5,no_favicon(+5),,,
6019,chirurgie-dermatologique-paris.com,220 rue du faubourg saint antoine 75012 Paris Vous pouvez joindre la société au,Paris,cliniques_esthetiques,https://chirurgie-dermatologique-paris.com,0678625342,mbenoilid@gmail.com,0,cliniques_esthetiques,web,10,0,"DOUBLON du 7177 - Yaphe Clinic / Centre de Chirurgie Dermatologique de Paris, meme cabinet Dr Michael Benoilid (50 av Raymond Poincare 75016, meme tel 06 78 62 53 42, meme Doctolib Trocadero). Variante dermatologie (avif 2026, international patients, secretaire.drmbyc@gmail.com).",a_ecarter,,
6020,david-modiano.fr,,Paris,cliniques_esthetiques,https://david-modiano.fr,,,0,cliniques_esthetiques,web,55,5,"Dr David Modiano - medecine esthetique Paris 16 (11 av Mozart). Site REEL (https OK via www; scraper l'a vu casse a tort - ConnectionError transitoire). Design date (pages 'tarifs 2017', images non webp), Doctolib, presse TF1/Paris Match, 01 45 27 27 09. Opportunite refonte.",a_contacter,,
6021,FRANCK,22 Rue Cortambert 75116 Paris Téléphone,Lyon,cliniques_esthetiques,https://docteur-benhamou.com,0158051126,,0,cliniques_esthetiques,web,1,5,no_favicon(+5),,,
6022,warsmann,,Lyon,immobilier,https://utei.fr,,contact@utei.fr,0,immobilier,web,35,,utei.fr = promoteur UTEI — grand compte,a_verifier,,
6023,offres,,Marseille,immobilier,https://offres.lnc.fr,,,0,immobilier,web,35,,offres.lnc.fr = groupe LNC (promoteur) — grand compte,a_verifier,,
6024,verdonk,,Marseille,immobilier,https://lnc.fr,,,0,immobilier,web,85,100,"lnc.fr = Les Nouveaux Constructeurs, promoteur immobilier national (grand compte) - pas le site d'un commerce local. Site injoignable par scraper (transport error, 3 variantes testees).",a_verifier,,
6025,GÉNÉRAL,"
42 Rue de Paradis, 75010 Paris, France",Paris,courtage,https://www.pretto.fr/,+33176390641,,0,courtage,web,35,,pretto.fr = plateforme/grand compte online,a_verifier,,
6026,KARAM,"
83 Rue Lamarck, 75018 Paris, France",Paris,courtage,https://www.lacentraledefinancement.fr/,+33184212090,,0,courtage,web,35,,lacentraledefinancement.fr = réseau — grand compte,a_verifier,,
6027,CyberPrêt,"
33 Rue de la République, 69002 Lyon, France",Lyon,courtage,https://www.cyberpret.com/,+33800711117,,0,courtage,web,2,,cyberpret.com = plateforme courtage en ligne - pas de site propre,a_verifier,,
6028,lipofine.com,19 rue Octave Feuillet 75116 PARIS Tel,Paris,cliniques_esthetiques,https://lipofine.com,0142662766,,50,cliniques_esthetiques,web,55,5,"Lipofine Paris 16 (19 rue Octave Feuillet) - centre liposuccion/vibroliposculpture + medecine esthetique. WP uploads 2011/2016/2018, blog dormant 2018, images non webp, PAS de Doctolib. Tel 01 42 66 27 66 + formulaire. Site fortement date, opportunite refonte.",a_contacter,,
6029,acheteraucol.com,73 RUE DE LAMOULY 64600 ANGLET,Bordeaux,courtage,https://acheteraucol.com,0559525661,commercial@le-col.com,50,courtage,web,35,5,"acheteraucol.com / Le COL - activite reel = Cooperative HLM Le COL (Comite Ouvrier du Logement, Anglet), PAS un courtier. Site WP actif mais pas modernise (images png +5). commercial@le-col.com, 05 59 52 56 61.",a_verifier,,
6030,logement.bnpparibas.fr,,Bordeaux,courtage,https://logement.bnpparibas.fr,,,50,courtage,web,35,0,logement.bnpparibas.fr - grand compte : BNP Paribas Immobilier (promoteur). Site Drupal moderne. Pas le site du commerce scrape.,a_verifier,,
6031,BRANCH,,Bordeaux,courtage,https://credirama.fr,,contact@bluepixelcie.com,50,courtage,web,2,,credirama.fr = plateforme courtage en ligne - pas de site propre,a_verifier,,
6032,bnpparibas.fr,,Bordeaux,courtage,https://bnpparibas.fr,0217804630,,50,courtage,web,55,100,URL grand compte BNP (bnpparibas.fr) - pas le site du commerce scrape (a verifier).,a_verifier,,
6033,OTTAVIANI,4 place de Budapest CS 92459,Lyon,courtage,https://jerenegocie.com,0491548368,,50,courtage,web,1,0,Site moderne,,,
6034,malakoffhumanis.com,21 rue Laffitte - 75009 Paris - Tél,Paris,courtage,https://malakoffhumanis.com,0156033456,,50,courtage,web,35,0,"malakoffhumanis.com - grand compte : groupe national de protection sociale Malakoff Humanis, site institutionnel Drupal moderne. Pas le site du commerce scrape.",a_verifier,,
6035,DEMURGER,200 avenue Salvador Allende - CS 90000 -,Paris,courtage,https://maif.fr,0549737475,assurance@maif.fr,50,courtage,web,35,0,"maif.fr - grand compte : MAIF (mutuelle nationale), site institutionnel moderne. Pas le site du commerce scrape.",a_verifier,,
6036,COIN,4 place de Budapest - CS 92459 -,Paris,courtage,https://oradeavie.fr,0238796700,src.sogecap@socgen.com,50,courtage,web,55,0,Oradea Vie - grand compte : assureur emprunteur du groupe Societe Generale (Courbevoie). URL scrapee = page contact. Site TYPO3 moderne. Pas le site du commerce scrape.,a_verifier,,
6037,caassure.com,,Paris,courtage,https://caassure.com,0969371320,,50,courtage,web,1,0,Site moderne,,,
6038,BRUNEAU,,Paris,courtage,https://assuranceemprunteur.malakoffhumanis.com,0184802557,,50,courtage,web,35,0,assuranceemprunteur.malakoffhumanis.com - grand compte : sous-domaine du groupe Malakoff Humanis (assurance emprunteur).,a_verifier,,
6039,banque-et-credit.com,,Bordeaux,courtage,https://banque-et-credit.com,,,50,courtage,web,35,10,"banque-et-credit.com - comparateur de credit en PHP custom obsolete, images jpg/png non webp (+5), pas d'OG (+5), copyright sans annee.",a_verifier,,
6040,CONTACTEZ,,Bordeaux,courtage,https://conciliapret.fr,0428295160,info@conciliapret.fr,50,courtage,web,1,0,Site moderne,,,
6041,lescourtiersbordelais.com,,Bordeaux,courtage,https://lescourtiersbordelais.com,,,50,courtage,web,2,,"cert TLS invalide - site reel, non analysable",a_verifier,,
6042,senior.skarlett.fr,,Lyon,courtage,https://senior.skarlett.fr,,,50,courtage,web,10,0,"DOUBLON du 7387 (Skarlett) - senior.skarlett.fr redirige vers skarlett.fr, meme societe.",a_ecarter,,
6043,skarlett.fr,99 AVENUE ACHILLE PERETTI 92200 NEUILLY-SUR-SEINE,Lyon,courtage,https://skarlett.fr,0176341139,contact@skarlett.fr,50,courtage,web,1,5,no_webp(+5),,,
6044,courtier.pretto.fr,,Bordeaux,courtage,https://courtier.pretto.fr,,,50,courtage,web,35,5,"courtier.pretto.fr - grand compte fintech : Pretto (courtier en ligne, app.pretto.fr), page Webflow moderne, pas d'OG (+5).",a_verifier,,
6045,MARIE-AUDE,2 Rue de Colmar 94300 Vincennes Tél,Bordeaux,courtage,https://pret-immobilier.immog2c.fr,0298000672,contact@immog2c.com,50,courtage,web,1,5,no_og(+5),,,
6046,immog2c.fr,,Bordeaux,courtage,https://immog2c.fr,,,50,courtage,web,10,0,"DOUBLON du 7389 (ImmoG2C) - racine immog2c.fr en 404, la societe vit sur immog2c.com (meme cabinet de courtage Brest).",a_ecarter,,
6047,MONIQUE,,Paris,courtage,https://helixassurance.fr,0184805080,contact@helixassurance.fr,50,courtage,web,3,45,non_responsive(+40); no_favicon(+5),a_contacter,,
6048,FINANCES,4 Place de Budapest - CS 92459 -,Paris,courtage,https://partners-finances.fr,0383909006,,50,courtage,web,35,10,"partners-finances.fr - grand compte : groupe Empruntis, n°1 de l'intermediation en regroupement de credits (IOBSP, ORIAS 07 036 794), SAS 1M€, site institutionnel a jour (actus 2026), pas d'OG (+5), images non webp (+5).",a_verifier,,
6049,perfectaux.fr,,Lyon,courtage,https://perfectaux.fr,0458003150,,50,courtage,web,1,0,Site moderne,,,
6050,simulations.cyberpret.com,,Paris,courtage,https://simulations.cyberpret.com,,,50,courtage,web,55,0,"simulations.cyberpret.com = CyberPret, courtier immobilier en ligne NATIONAL (ORIAS 13002284, Lyon, 61 banques comparees, +10 114 avis, 8xx avis Google). Grand compte / acteur national - pas le site d'un commerce local. Site moderne (refonte 2021, images webp cloudinary).",a_verifier,,
6051,OLAM,,Paris,courtage,https://olamconseils.com,0660869392,laurent.sayada@olamconseils.com,50,courtage,web,1,5,no_favicon(+5),,,
6052,RÉCLAMATION,,Paris,courtage,https://empruntis.com,,,50,courtage,web,35,,empruntis.com = réseau Empruntis — grand compte,a_verifier,,
6053,non-diffusible,,Lyon,immobilier,https://logic-immo.com,,contact@logic-immo.com,50,immobilier,web,55,0,"logic-immo.com = portail d'annonces immobilieres (Logis-Transac) - grand compte plateforme, pas un commerce.",a_verifier,,
6054,maisonsetappartements.fr,455 Promenade des Anglais - Portes de l'Arenas - B - 06200 Nice FRANCE Tél,Paris,immobilier,https://maisonsetappartements.fr,,contact@maisonsetappartements.fr,50,immobilier,web,85,100,"maisonsetappartements.fr = media immobilier national - grand compte. 403 anti-bot, injoignable par scraper (site pas casse).",a_verifier,,
6055,nathan,,Lyon,immobilier,https://green-acres.fr,,,50,immobilier,web,55,0,"green-acres.fr = portail immobilier international (Green-Acres / Sotheby's International) - grand compte, site moderne.",a_verifier,,
6056,boucher,,Paris,immobilier,https://courbevoie-bellerive.fr,0147591721,contact@medimmoconso.fr,0,immobilier,web,55,25,courbevoie-bellerive.fr = programme immobilier BNP Paribas Real Estate - grand compte promoteur.,a_verifier,,
6057,POUQUET,,Lyon,immobilier,https://explorimmoneuf.com,,contact@figaroimmoneuf.fr,50,immobilier,web,55,100,"explorimmoneuf.com = portail promotion-neuf (Figaro Immobilier Neuf) - grand compte. 403 anti-bot, injoignable par scraper.",a_verifier,,
6058,laforet,,Paris,immobilier,https://laforet.com,0932139913,yjehanno@laforet.com,0,immobilier,web,35,,laforet.com = réseau Laforêt — grand compte,a_verifier,,
6059,lagre,48 RUE DU CHEMIN VERT 75011 PARIS FRANCE hello,Paris,immobilier,https://doly.me,0173731918,contact@doly.me,0,immobilier,web,2,,doly.me = plateforme carte de visite digitale - pas de site propre,a_verifier,,
6060,anelli,,Paris,immobilier,https://seloger.com,,lars.nordmark@aviv-group.com,0,immobilier,web,55,0,"seloger.com = portail d'annonces immobilieres (Groupe AVIV) - grand compte, pas un commerce.",a_verifier,,
6061,laroue-pont,455 Promenade des Anglais - Portes de l'Arenas - B - 06200 Nice FRANCE,Paris,immobilier,https://residences-immobilier.com,,contact@residences-immobilier.com,50,immobilier,web,35,10,"residences-immobilier.com - 403 anti-bot (https + http), injoignable par scraper, a verifier.",a_verifier,,
6062,realadvisor.fr,,Paris,immobilier,https://realadvisor.fr,,info@realadvisor.com,50,immobilier,web,85,100,"realadvisor.fr = plateforme d'estimation immobiliere (RealAdvisor) - grand compte. 403 anti-bot (https + http), injoignable par scraper.",a_verifier,,
6063,harhad,,Lyon,immobilier,https://manda.fr,0179731112,contact@manda.fr,50,immobilier,web,35,0,"manda.fr = Manda (ex-Flatlooker), neo-agence immobiliere nationale (20 000+ baux signes, bureaux multiples, plateforme) - grand compte.",a_verifier,,
6064,CHARLES-MARIE,21 rue d'Artois 75008 PARIS,Paris,immobilier,https://danielfeau.com,0156884848,dpo@danielfeau.com,0,immobilier,web,35,,danielfeau.com = réseau Daniel Féau — grand compte,a_verifier,,
6065,guerry-domnequeguerry-domneque,68 rue Marjolin - 92300 Levallois-Perret - RCS Nanterre,Paris,immobilier,https://accueil.immo,0240612165,dpai@accueil.immo,0,immobilier,web,35,0,"accueil.immo = Accueil Immobilier, promoteur de standing Ile-de-France, filiale du Groupe Accueil (SAS 24M€) - grand compte.",a_verifier,,
6066,firbal,155 rue Jean Jacques Rousseau 92130 Issy-les-Moulineaux Tél,Paris,immobilier,https://clos-saint-louis.fr,0120180000,m.hamon@marignan.immo,0,immobilier,web,85,100,"clos-saint-louis.fr = programme immobilier Marignan (promoteur national) - grand compte. 403 anti-bot, injoignable par scraper.",a_verifier,,
6067,bastide,,Paris,immobilier,https://plusse.co,0769149781,contact@plusse.co,50,immobilier,web,2,,plusse.co = plateforme carte de visite digitale - pas de site propre,a_verifier,,
6068,agencedeslices-syndic.fr,,Lyon,immobilier,https://agencedeslices-syndic.fr,0481510437,accueil@agencedeslices.immo,50,immobilier,web,1,0,Site moderne,,,
6069,dubois,,Lille,immobilier,https://maisons-du-nord.fr,,,50,immobilier,web,35,0,"maisons-du-nord.fr = constructeur de maisons individuelles (4 agences HDF, 963 maisons livrees), marque du Groupe Thomas Piron - grand compte groupe.",a_verifier,,
6070,sance,,Lille,immobilier,https://synerg-i.com,,contact@synerg-i.com,50,immobilier,web,1,0,Site moderne,,,
6071,descamps,377 BOULEVARD GAMBETTA 59200 TOURCOING L,Lille,immobilier,https://lepicentre-wattignies.fr,0320849999,contact@urbaxim.fr,50,immobilier,web,35,0,lepicentre-wattignies.fr = programme immobilier neuf du promoteur URBAXIM (co-realisation Demathieu Bard) - grand compte promoteur.,a_verifier,,
6072,minault,,Bordeaux,immobilier,https://bouygues-immobilier.com,,contact@bouygues-immobilier.com,50,immobilier,web,35,0,"bouygues-immobilier.com = Bouygues Immobilier, promoteur immobilier national (grand compte) - pas le site d'un commerce local.",a_verifier,,
6073,christelle,,Marseille,immobilier,https://bastidesdumidi.com,0757757000,contact@bastidesdumidi.fr,50,immobilier,web,1,10,no_og(+5); no_webp(+5),,,
6074,lettat,27 rue Maurice Flandin 69003 Lyon contact,Lyon,immobilier,https://villascop.fr,0763692028,contact@atelier-martre.fr,50,immobilier,web,1,5,no_favicon(+5),,,
6075,hapiak,,Lyon,immobilier,https://home-group-conseils.com,0983095014,contact@home-group-conseils.com,50,immobilier,web,1,0,Site moderne,,,
6076,charnavel,,Lyon,immobilier,https://maisons-axial.com,0478247451,contact@slci-groupe.com,50,immobilier,web,35,0,"maisons-axial.com = Maisons Axial, marque constructeur de maisons du groupe SLCI (holding promotion immobiliere) - grand compte groupe.",a_verifier,,
6077,axhome-promotion.fr,,Lyon,immobilier,https://axhome-promotion.fr,,contact@axhome-promotion.fr,50,immobilier,web,85,100,"axhome-promotion.fr = promoteur immobilier (Axhome Promotion, Lyon) - grand compte promoteur. 403 anti-bot (https + www), injoignable par scraper, site pas casse.",a_verifier,,
6078,trouver-un-logement-neuf.com,,Marseille,immobilier,https://trouver-un-logement-neuf.com,0450095009,contact@trouver-un-logement-neuf.com,50,immobilier,web,35,0,"trouver-un-logement-neuf.com = portail d'annonces immobilier neuf - grand compte portail, pas un commerce.",a_verifier,,
6079,littleworker.fr,,Paris,immobilier,https://littleworker.fr,0120230000,contact@littleworker.fr,50,immobilier,web,1,5,no_favicon(+5),,,
6080,residencelongchamp.fr,,Paris,immobilier,https://residencelongchamp.fr,,,50,immobilier,web,35,0,residencelongchamp.fr = programme immobilier neuf du promoteur COREMP a Saint-Cloud (33 logements) - grand compte promoteur.,a_verifier,,
6081,germann,,Bordeaux,immobilier,https://agence-nicolas.data-immo.com,0557771319,contact@agence-nicolas.fr,50,immobilier,web,1,5,no_og(+5),,,
6082,yackendzibandamayackendzibandama,,Bordeaux,immobilier,https://data-immo.com,,,50,immobilier,web,35,0,"data-immo.com = plateforme d'estimation immobiliere en ligne (moteur DVF, developpee par Avest) - grand compte plateforme, pas un commerce.",a_verifier,,
6083,gouttefarde,,Paris,immobilier,https://homeloop.fr,,contact@homeloop.fr,50,immobilier,web,35,0,"homeloop.fr = neo-agence immobiliere nationale (achat instantane en 48h, 1500 transactions, +2000 demandes/mois, 17 villes) - grand compte.",a_verifier,,
6084,waldruchedemontremy,,Marseille,immobilier,https://imkiz.com,0972128404,contact@imkiz.com,50,immobilier,web,35,0,"imkiz.com = agence immobiliere en ligne nationale a prix fixe - grand compte plateforme, pas un commerce local.",a_verifier,,
6085,bernier,,Lille,immobilier,https://norloc.co,0751259306,contact@norloc.co,50,immobilier,web,1,0,Site moderne,,,
6086,catrice,31 Allée Lavoisier 59650 VILLENEUVE D,Lille,immobilier,https://dubois-promotion.fr,0320618831,commercialisation@dubois-promotion.fr,50,immobilier,web,35,0,"dubois-promotion.fr = Dubois Promotion, promoteur immobilier independant (Lille, Marcq-en-Baroeul, Valenciennes) - promoteur, pas une agence de proximite.",a_verifier,,
6087,NOIRET,12 rue Gutenberg 91620 Nozay DONNÉES PERSONNELLES Aucune information personnelle n,Paris,immobilier,https://parisautrement.com,0144541751,lnoiret@parisautrement.com,50,immobilier,web,35,0,"parisautrement.com = Paris Autrement, groupe immobilier (location courte/longue duree + vente + developpement) - grand compte groupe.",a_verifier,,
6088,limmobilieredudome.com,1 rue Allieis 75 Antibes 06400 Cannes - France,Paris,immobilier,https://limmobilieredudome.com,0140609517,aurelie.duverdier@limmobilieredudome.com,50,immobilier,web,1,5,no_webp(+5),,,
6089,rouxel,1110 chemin des plantades 83130 LA GARDE et identifiée sous le numéro B,Paris,immobilier,https://nestenn.com,0805297171,d.rouxel@nestenn.com,50,immobilier,web,35,0,"nestenn.com = reseau national de franchises immobilieres (400 agences, 348 000 projets, international) - grand compte reseau.",a_verifier,,
6090,mourrain,1110 chemin des plantades 83130 LA GARDE et identifiée sous le numéro B,Paris,immobilier,https://immobilier-paris-11.nestenn.com,0158308956,paris-11@nestenn.com,50,immobilier,web,35,0,immobilier-paris-11.nestenn.com = sous-domaine d'agence du reseau national Nestenn - grand compte reseau (franchise).,a_verifier,,
6091,duboisdeodato,,Marseille,immobilier,https://john-taylor.fr,,srey@john-taylor.com,50,immobilier,web,35,0,"john-taylor.fr = John Taylor, immobilier de luxe international (dixaine de pays, groupe Artcurial) - grand compte.",a_verifier,,
6092,retrospective-ivrysurseine.fr,,Paris,immobilier,https://retrospective-ivrysurseine.fr,,dpo@bouygues-immobilier.com,50,immobilier,web,35,0,retrospective-ivrysurseine.fr = programme immobilier neuf en copromotion Bouygues Immobilier / Credit Agricole Immobilier / Icade (SCCV IVRY SEINE) - grand compte promoteur.,a_verifier,,
6093,remeur,,Paris,immobilier,https://homeland.immo,0120160000,fremeur@homeland.immo,50,immobilier,web,35,5,"homeland.immo = Homeland, syndic de copropriete belge (Bruxelles, +32 2, ~900 coproprietes) - hors cible geographique (Belgique).",a_ecarter,,
6094,roussel,,Paris,ecoles_formation,https://ieseg.fr,0320545892,,50,ecoles_formation,web,35,,ieseg.fr = grande école — grand compte,a_verifier,,
6095,Coaching Ways,,Paris,ecoles_formation,https://coachingways.fr,,,50,ecoles_formation,web,3,50,non_responsive(+40); no_favicon(+5); no_og(+5),a_contacter,,
6096,manceau,,Paris,ecoles_formation,https://neoma-bs.fr,,labmanager@neoma-bs.fr,50,ecoles_formation,web,35,,neoma-bs.fr = grande école — grand compte,a_verifier,,
6097,PHYSIQUE,10 rue Émile landrin 75020 paris Mail,Paris,ecoles_formation,https://crisisbrg.com,0140337688,contact@beresilientgroup.com,50,ecoles_formation,web,1,5,no_favicon(+5),,,
6098,hagege,,Paris,ecoles_formation,https://iticparis.com,0143732040,contact@iticparis.com,50,ecoles_formation,web,35,,iticparis.com = réseau national — grand compte,a_verifier,,
6099,SEPR l'École des métiers,"
46 Rue Professeur Rochaix, 69003 Lyon, France",Lyon,ecoles_formation,https://www.sepr.edu/,+33472832727,accueil@sepr.edu,0,ecoles_formation,web,1,0,Site moderne,,,
6100,Formation Excel Paris | Formation Bureautique | Kronoscope,"
26 Rue Montorgueil, 75001 Paris, France",Paris,ecoles_formation,https://www.excel-formation.com/,+33983472747,support@wix.com,0,ecoles_formation,web,2,25,generator_Wix.com Website Builder(+20); no_og(+5),a_verifier,,
6101,WEB,"
11 Rue Antoine Bourdelle, 75015 Paris, France",Paris,ecoles_formation,https://www.dawan.fr/,+33972377373,,0,ecoles_formation,web,35,,dawan.fr = grand compte formation IT,a_verifier,,
6102,SIMON,"
8 Rue Georges et Mai Politzer 6, 75012 Paris, France",Paris,ecoles_formation,https://www.afpa.fr/centre/centre-de-paris-politzer?utm_source=gmb&utm_medium=organic&utm_campaign=GMB,+33972723936,,0,ecoles_formation,web,35,,afpa.fr = grand compte public,a_verifier,,
6103,COQUILLAT,"
51 Bd Lucien Sampaix, 69190 Saint-Fons, France",Lyon,concessionnaires_auto,https://www.centralautos.fr/rdv-atelier/choix-horaire-concession/?,+33472289696,holding@centralautos.fr,0,concessionnaires_auto,web,35,,centralautos.fr = groupe Central Autos concessions - grand compte,a_verifier,,
6104,VOLKSWAGEN BYmyCAR Lyon 3,"
191-195, Av. Félix Faure, 69003 Lyon, France",Lyon,concessionnaires_auto,https://www.bymycar.fr/concessions/volkswagen-lyon-bymycar?utm_campaign=bouton&utm_medium=organic&utm_source=GMB,+33472131313,,0,concessionnaires_auto,web,35,,bymycar.fr = groupe BYmyCAR — grand compte,a_verifier,,
6105,SEAT BYmyCAR Lyon Vaise,"
63 Rue du Souvenir, 69009 Lyon, France",Lyon,concessionnaires_auto,https://www.bymycar.fr/concessions/seat-lyon-vaise-bymycar?utm_campaign=bouton&utm_medium=organic&utm_source=GMB,+33472856685,,0,concessionnaires_auto,web,35,,bymycar.fr = groupe BYmyCAR — grand compte,a_verifier,,
6106,Médicis Immobilier Neuf Lyon,"
32 Av. Maréchal Foch, 69006 Lyon, France",Lyon,immobilier,https://www.medicis-patrimoine.com/notre-groupe/nos-agences-immobilieres-dans-le-neuf/agence-immobiliere-lyon-69003.html?utm_source=GoogleMyBusiness&utm_medium=url-agence-reservation-online-lyon&utm_campaign=GMB-Lyon,+33478145454,,0,immobilier,web,35,,medicis-patrimoine.com = groupe Médicis — grand compte,a_verifier,,
6107,César et Brutus - Agence immobilière Lyon,2 rue de Colmar 94300 Vincennes,Lyon,immobilier,http://www.cesaretbrutus.com/,+33482539988,contact@unimage.fr,0,immobilier,web,2,20,pas_https(+15); no_favicon(+5),a_verifier,,
6108,RÉCLAMATION,"
57 Rue du Président Édouard Herriot, 69002 Lyon, France",Lyon,courtage,https://www.empruntis.com/agences/courtier-immobilier-lyon-2-presqu-ile-629.php,+33474720114,,0,courtage,web,35,,empruntis.com = réseau Empruntis — grand compte,a_verifier,,
6109,My Finance Courtier Lyon 2,"
51 Rue du Président Édouard Herriot, 69002 Lyon, France",Lyon,courtage,https://www.my-finance.fr/,+33428292522,contact@my-finance.fr,0,courtage,web,35,,my-finance.fr = réseau My Finance courtage - grand compte,a_verifier,,
6110,Crédit expert by Artemis Courtage - Lyon,"
31 Cr Vitton, 69006 Lyon, France",Lyon,courtage,https://www.creditexpert.fr/courtier-immobilier/lyon/,+33426630540,,0,courtage,web,35,,creditexpert.fr = réseau Crédit Expert courtage - grand compte,a_verifier,,
6111,Agence immobilière NOVÉO IMMO Lyon,"
139 Av. Félix Faure, 69003 Lyon, France",Lyon,immobilier,https://www.noveo-immo.fr/,+33472343592,contact@noveo-immo.fr,0,immobilier,web,1,0,Site moderne,,,
6112,PARIS SEINE IMMOBILIER - Agence Cherche-Midi,"
59 Rue du Cherche-Midi, 75006 Paris, France",Paris,immobilier,https://www.paris-seine-immobilier.com/content/22/evaluez-votre-bien-avec-paris-seine.html,+33145446600,vente@paris-seine-immobilier.com,0,immobilier,web,1,5,no_webp(+5),,,
6113,Agence Immobilière Paris Immobilier,"
33 Rue Tiquetonne, 75002 Paris, France",Paris,immobilier,http://www.parisimmobilier.fr/,+33153409444,,0,immobilier,web,1,15,pas_https(+15),,,
6114,Pro SAP Formations Lyon,"
9 Rue des Tuiliers, 69003 Lyon, France",Lyon,ecoles_formation,http://www.pro-sap.fr/pro-sap-formations-lyon/,+33687851129,,0,ecoles_formation,web,2,20,pas_https(+15); no_og(+5),a_verifier,,
6115,ABC Formation Continue,"
224 Cr Lafayette, 69003 Lyon, France",Lyon,ecoles_formation,https://calendly.com/conseilleres-pedagogiques/votre-projet-de-formation,+33428000723,,0,ecoles_formation,web,2,,calendly.com = plateforme RDV — pas de site propre,a_verifier,,
6116,RA Formation capacité transport de marchandises,"
4 Rue Saint-Sidoine, 69003 Lyon, France",Lyon,ecoles_formation,https://www.raformation.com/,+33665257066,ra.formationcontact@gmail.com,0,ecoles_formation,web,2,25,generator_Wix.com Website Builder(+20); no_og(+5),a_verifier,,
6117,Objectif PE,"
232 Rue Paul Bert, 69003 Lyon, France",Lyon,ecoles_formation,https://www.objectifpe.fr/?utm_source=gmb,+33472345196,contact@objectifpe.fr,0,ecoles_formation,web,1,5,no_favicon(+5),,,
6118,Optedif formation,"
80 Cours Dr Long, 69003 Lyon, France",Lyon,ecoles_formation,https://fr.optedif-formation.fr/,+33972652484,,0,ecoles_formation,web,1,0,Site moderne,,,
6119,ESRP EPNAK LYON,"
37 Rue Challemel-Lacour, 69007 Lyon, France",Lyon,ecoles_formation,https://formation.epnak.org/lyon/,+33478726356,,0,ecoles_formation,web,35,,epnak.org = réseau national — grand compte,a_verifier,,
6120,CFAI LYON,"
10 Bd Edmond Michelet, 69008 Lyon, France",Lyon,ecoles_formation,https://www.iri-lyon.com/,+33478770500,s.rodel@uimmlyon.com,0,ecoles_formation,web,35,,iri-lyon.com = réseau UIMM — grand compte,a_verifier,,
6121,EffiSkill,"
38 Cr Suchet, 69002 Lyon, France",Lyon,ecoles_formation,https://www.effiskill.com/contacter-effiskill-formation-lyon.html,+33472185118,,0,ecoles_formation,web,1,5,no_favicon(+5),,,
6122,SafetyFirst Formation,"
145 Rue Vauban, 69006 Lyon, France",Lyon,ecoles_formation,https://www.sf-formation.fr/contact-2/,+33469608794,contact@wybe.fr,0,ecoles_formation,web,1,0,Site moderne,,,
6123,METOD,"
37 Rue de la Bourse, 69002 Lyon, France",Lyon,ecoles_formation,https://metod.org/,+33478623994,,0,ecoles_formation,web,3,50,non_responsive(+40); no_favicon(+5); no_og(+5),a_contacter,,
6124,Devictio - Formation professionnelle continue,"
12 Pl. Bir-Hakeim, 69003 Lyon, France",Lyon,ecoles_formation,https://www.devictio.fr/infos-pratiques.php,+33472642519,c.alazary@devictio.fr,0,ecoles_formation,web,1,0,Site moderne,,,
6125,ABELLIS Formation,"
2 Pl. Camille Georges, 69002 Lyon, France",Lyon,ecoles_formation,http://www.abellis-formation.com/,+33472775354,,0,ecoles_formation,web,2,25,pas_https(+15); no_favicon(+5); no_og(+5),a_verifier,,
6126,CFPL,"
54 Rue Clément Marot, 69007 Lyon, France",Lyon,ecoles_formation,https://cfpl-lyon.fr/,+33472710963,cfpl@cfpl-lyon.fr,0,ecoles_formation,web,1,5,no_webp(+5),,,
6127,Goodwill Accompagnement / Cifep Lyon,"
30 Rue de la Baïsse, 69100 Villeurbanne, France",Lyon,ecoles_formation,http://www.cifeplyon.fr/,+33427027468,,0,ecoles_formation,web,3,40,pas_https(+15); generator_Wix.com Website Builder(+20); no_og(+5),a_contacter,,
6128,"ABSUP - Formation CPF Lyon : Excel, AutoCAD, Revit, Photoshop, InDesign, SketchUp, Illustrator","
74 Cr Lafayette, 69003 Lyon, France",Lyon,ecoles_formation,https://www.absup.fr/contact/,+33428298515,,0,ecoles_formation,web,2,,"403 anti-bot (site réel, non analysable)",a_verifier,,
6129,GFS LYON,"
26 Rue de la Gare, 69009 Lyon, France",Lyon,ecoles_formation,http://www.groupeformationsystemes.com/,+33472713054,contact@gfs63.com,0,ecoles_formation,web,2,20,pas_https(+15); no_favicon(+5),a_verifier,,
6130,IF2M Formation professionnelle,"
113 Rue Marietton, 69009 Lyon, France",Lyon,ecoles_formation,http://www.if2m-formation.fr/,+33478620202,rgpd@avenirsanteformation.fr,0,ecoles_formation,web,1,15,pas_https(+15),,,
6131,Cegos Lyon,"
186 Av. Thiers Immeuble 6eme Sens, 69006 Lyon, France",Lyon,ecoles_formation,https://www.cegos.fr/,+33472137780,espace-client@cegos.fr,0,ecoles_formation,web,35,,cegos.fr = grand compte,a_verifier,,
6132,"ABSUP - Ecole post-bac en alternance à Lyon : Administratif, Commercial, RH, BIM, Designer UX","
70 Rue Maurice Flandin, 69003 Lyon, France",Lyon,ecoles_formation,https://www.absup.pro/,+33428290975,,0,ecoles_formation,web,2,,temps dépassé (site injoignable),a_verifier,,
6133,Ocellia Campus Lyon,"
20 Rue de la Claire CP 320, 69009 Lyon, France",Lyon,ecoles_formation,http://www.ocellia.fr/?utm_source=gmb,+33478834088,contactlyon@ocellia.fr,0,ecoles_formation,web,1,15,pas_https(+15),,,
6134,PERFECTIS FORMATIONS - Centre de formation,"
Pl. de l'Europe, 69006 Lyon, France",Lyon,ecoles_formation,https://www.perfectis-formations.com/,+33640883187,perfectis.formations@gmail.com,0,ecoles_formation,web,1,5,no_favicon(+5),,,
6135,CFEI - CENTRE DE FORMATION A L'EXPERTISE IMMOBILIERE,"
19 Av. Cabias, 69004 Lyon, France",Lyon,ecoles_formation,https://www.cfei.fr/,+33961490936,contact@cfei.fr,0,ecoles_formation,web,3,40,non_responsive(+40),a_contacter,,
6136,CFB LYON - Centre de formation de transport à Lyon,"
66 Av. Jean Mermoz, 69008 Lyon, France",Lyon,ecoles_formation,https://cfb-lyon-app.bubbleapps.io/site_sessions/1644489498915x839933562033537000,+33607438708,,0,ecoles_formation,web,1,0,Site moderne,,,
6137,TFP Formation,"
36 Rue Bossuet, 69006 Lyon, France",Lyon,ecoles_formation,https://thefrenchpatissier.com/,,contact@thefrenchpatissier.com,0,ecoles_formation,web,1,10,no_favicon(+5); no_og(+5),,,
6138,CCI Formation Pro,"
36 Rue du Sergent Michel Berthet, 69009 Lyon, France",Lyon,ecoles_formation,http://www.cciformationpro.fr/,+33472538800,contact.rouen@luklagroup.com,0,ecoles_formation,web,35,,cciformationpro.fr = réseau CCI Formation Pro - grand compte,a_verifier,,
6139,Campus EPT Lyon,"
142 Rue Duguesclin, 69006 Lyon, France",Lyon,ecoles_formation,https://ept.aftral.com/campus/ept-lyon/,+33809908908,dpd@aftral.com,0,ecoles_formation,web,35,,ept.aftral.com = réseau Aftral — grand compte,a_verifier,,
6140,PLATINIUM FORMATION & ACADEMY,"
24 Rue Domer, 69007 Lyon, France",Lyon,ecoles_formation,https://www.platiniumformation.com/contact,+33437280910,jpbonardel@platiniumformation.com,0,ecoles_formation,web,3,45,non_responsive(+40); no_favicon(+5),a_contacter,,
6141,ORSYS Formation Lyon,"
9 Rue des Cuirassiers, 69003 Lyon, France",Lyon,ecoles_formation,https://www.orsys.fr/nos-centres-de-formation/lyon?utm_source=gmb&utm_medium=Pagesjaunes&utm_campaign=centreLyon,+33481091790,rgpd@orsys.fr,0,ecoles_formation,web,35,,orsys.fr = grand compte formation,a_verifier,,
6142,FORMATION ET SANTE LYON,"
160/164 Av. Jean Jaurès, 69007 Lyon, France",Lyon,ecoles_formation,https://www.formationetsante.fr/,+33478951801,rgpd@novetude.com,0,ecoles_formation,web,1,0,Site moderne,,,
6143,ADREC Lyon,"
45 Rue Sainte-Geneviève, 69006 Lyon, France",Lyon,ecoles_formation,http://www.adrec-formation.fr/,+33444052185,mickael.micucci@adrec-formation.fr,0,ecoles_formation,web,1,15,pas_https(+15),,,
6144,"SAFETEAM Lyon formation habilitation électrique, AIPR, Travail en Hauteur, CSE","
32 Rue Pierre Semard, 69007 Lyon, France",Lyon,ecoles_formation,https://www.safeteam.fr/formations-safeteam/calendrier-safeteam/calendrier/,+33952258793,,0,ecoles_formation,web,1,10,no_favicon(+5); no_og(+5),,,
6145,Centre de formation ALERTIS LYON,"
97 Rue du Président Édouard Herriot, 69001 Lyon, France",Lyon,ecoles_formation,https://www.alertis.fr/nos-centres/lyon/,+33478904630,info@alertis.fr,0,ecoles_formation,web,35,,alertis.fr = réseau national — grand compte,a_verifier,,
6146,Opus formation,"
93 Rue Bugeaud, 69006 Lyon, France",Lyon,ecoles_formation,http://www.opusformation.eu/,+33472607911,contact@opusformation.eu,0,ecoles_formation,web,2,20,pas_https(+15); no_favicon(+5),a_verifier,,
6147,Lyon Formations,"
1 Pl. Gensoul, 69002 Lyon, France",Lyon,ecoles_formation,http://www.lyonformation.com/,+33478382031,sophie.roquette@lyonformation.com,0,ecoles_formation,web,2,25,pas_https(+15); no_favicon(+5); no_og(+5),a_verifier,,
6148,Orgaly Lyon,"
5 Quai Rambaud, 69002 Lyon, France",Lyon,ecoles_formation,https://www.orgaly.fr/nos-etablissements/lyon.html?_gl=1*16k5vy7*_up*MQ..*_ga*MTU2MTEzMTM0My4xNzQyMzA5MzE3*_ga_KM92MXDG9V*MTc0MjMwOTMxNi4xLjEuMTc0MjMwOTM3Mi4wLjAuMA..,+33428290129,contact@orgaly.fr,0,ecoles_formation,web,2,20,generator_Joomla(+20),a_verifier,,
6149,GRETA CFA Lyon Métropole,"
41 Rue Antoine Lumière, 69008 Lyon, France",Lyon,ecoles_formation,https://greta-cfa.ac-lyon.fr/greta/greta-cfa-lyon-metropole,+33478788484,gretacfa.webmaster@ac-lyon.fr,0,ecoles_formation,web,35,,greta-cfa.ac-lyon.fr = réseau public — grand compte,a_verifier,,
6150,Ecole de Travail Ort,"
4 bis Rue des Rosiers, 75004 Paris, France",Paris,ecoles_formation,http://www.ecoledetravail.fr/,+33144543180,contact@ecoledetravail.fr,0,ecoles_formation,web,1,15,pas_https(+15),,,
6151,IPF (Institut Parisien de Formation),"
201 Rue Lecourbe, 75015 Paris, France",Paris,ecoles_formation,http://www.ipf-formation.com/,+33155438390,ipf@ipf-formation.com,0,ecoles_formation,web,1,15,pas_https(+15),,,
6152,Pollen - formation professionnelle,"
3 Rue Rossini, 75009 Paris, France",Paris,ecoles_formation,https://heypollen.fr/enterprise,+33777945545,contact@heypollen.com,0,ecoles_formation,web,1,10,no_og(+5); no_webp(+5),,,
6153,POULET,"
8 Bd de Ménilmontant, 75020 Paris, France",Paris,ecoles_formation,https://askformation.fr/,+33183818220,gregory.poulet@askformation.fr,0,ecoles_formation,web,1,5,no_og(+5),,,
6154,CAPITAL FORMATIONS,"
12 Rue du Helder, 75009 Paris, France",Paris,ecoles_formation,https://www.capital-formations.fr/contact/demande-de-devis/,+33153340013,webmaster@capital-formations.fr,0,ecoles_formation,web,1,0,Site moderne,,,
6155,CNFCE - Rouelle : Organisme de formation à Paris,"
42 Rue Rouelle, 75015 Paris, France",Paris,ecoles_formation,https://www.cnfce.com/,+33181222218,,0,ecoles_formation,web,35,,cnfce.com = grand compte,a_verifier,,
6156,Epsilon Mélia - Formation continue social et médico-social,"
22 Rue René Boulanger, 75010 Paris, France",Paris,ecoles_formation,https://www.epsilonmelia.com/,+33142576120,,0,ecoles_formation,web,1,0,Site moderne,,,
6157,Gecia Formation,"
7 Rue Léo Delibes, 75016 Paris, France",Paris,ecoles_formation,http://www.geciaformation.net/,+33177152772,,0,ecoles_formation,web,1,15,pas_https(+15),,,
6158,CFORPRO,"
Tour de l'horloge, 4 Pl. Louis Armand, 75012 Paris, France",Paris,ecoles_formation,http://www.cforpro.com/,+33175509230,rgpd@cforpro.com,0,ecoles_formation,web,1,15,pas_https(+15),,,
6159,BELLAICHE,"
85 Av. Niel, 75017 Paris, France",Paris,ecoles_formation,https://www.openformation.fr/,+33180963464,,0,ecoles_formation,web,1,10,no_favicon(+5); no_og(+5),,,
6160,Action Formalys - Proformalys,"
5 Rue Fénelon, 75010 Paris, France",Paris,ecoles_formation,https://www.proformalys.fr/contact.php,+33148742945,,0,ecoles_formation,web,2,35,tables_x6(+20); no_favicon(+5); no_og(+5); no_webp(+5),a_verifier,,
6161,Compétences et métiers,"
15 Rue Théodule Ribot, 75017 Paris, France",Paris,ecoles_formation,https://www.competences-et-metiers.com/,+33155283615,,0,ecoles_formation,web,1,5,no_favicon(+5),,,
6162,SOREL,"
366 Rue de Vaugirard, 75015 Paris, France",Paris,ecoles_formation,https://clic-competences.fr/,,,0,ecoles_formation,web,4,100,connexion fermée (site injoignable/cassé),a_contacter,,
6163,GRETA METEHOR PARIS,"
70 Bd Bessières, 75017 Paris, France",Paris,ecoles_formation,https://gretametehor.com/,+33144858540,,0,ecoles_formation,web,1,10,no_favicon(+5); no_og(+5),,,
6164,BEDER,"
47 Rue d'Aubervilliers, 75018 Paris, France",Paris,ecoles_formation,https://www.e2c-paris.fr/,+33140055310,,0,ecoles_formation,web,1,0,Site moderne,,,
6165,Pro SAP Formations Paris,"
108bis Av. de Flandre, 75019 Paris, France",Paris,ecoles_formation,http://www.pro-sap.fr/pro-sap-formations-paris/,+33177372600,contact@pro-sap.fr,0,ecoles_formation,web,2,20,pas_https(+15); no_og(+5),a_verifier,,
6166,CFPTS - Centre national de formation professionnelle aux techniques du spectacle,"
92 Av. Gallieni, 93170 Bagnolet, France",Paris,ecoles_formation,http://www.cfpts.com/,+33148972516,,0,ecoles_formation,web,1,15,pas_https(+15),,,
6167,ARINFO Paris,"
19 Rue Roger Bacon, 75017 Paris, France",Paris,ecoles_formation,http://www.arinfo.fr/,+33145778503,,0,ecoles_formation,web,2,25,pas_https(+15); no_favicon(+5); no_og(+5),a_verifier,,
6168,PONS,"
59 Rue Planchat, 75020 Paris, France",Paris,ecoles_formation,https://cfpp.org/,+33143563030,it@cfpp.org,0,ecoles_formation,web,1,5,no_favicon(+5),,,
6169,CER Formations,"
14 Rue du 8 Mai 1945, 75010 Paris, France",Paris,ecoles_formation,https://cer-formations.com/,+33750743948,formation@cer-reseau.com,0,ecoles_formation,web,35,,cer-formations.com = réseau CER formations - grand compte,a_verifier,,
6170,Centre de Formation et de Professionnalisation,"
23 Rue des Ateliers, 91350 Grigny, France",Paris,ecoles_formation,https://cfp-gps.fr/,+33169569191,,0,ecoles_formation,web,1,0,Site moderne,,,
6171,ECF PARIS SUD - Fontenay-sous-bois,"
85 Av. de Neuilly, 94120 Fontenay-sous-Bois, France",Paris,ecoles_formation,https://www.vroomvroom.fr/meetings-landing?school_id=615f10e06b76990563c7408d&rwg_token=AFd1xnGOEwRGOjt7q8cxoI0WfG1uZsa_89d7v5zCWwB_CtwC_MOV5Z97gchPwiQHn7lj1S64TYuQAxLJXnAULG6OHSoCdEBFBw%3D%3D,+33149749672,reclamation@vroomvroom.fr,0,ecoles_formation,web,35,,vroomvroom.fr = plateforme école — grand compte,a_verifier,,
6172,LOEVEN,"
17 Av. Louis de Broglie, 95310 Saint-Ouen-l'Aumône, France",Paris,ecoles_formation,https://www.ecn-formation.com/,+33130370260,cloeven@ecn-formation.com,0,ecoles_formation,web,1,0,Site moderne,,,
6173,ICS,"
4 Rue Saint-Fiacre, 78000 Versailles, France",Paris,ecoles_formation,https://www.groupe-ics.fr/contact,+33139501420,marketing@idlp.fr,0,ecoles_formation,web,35,,groupe-ics.fr = Groupe ICS formations - grand compte,a_verifier,,
6174,SAUTEL,"
8 Cité Joly, 75011 Paris, France",Paris,ecoles_formation,https://www.ellipseformation.com/,+33143802351,,0,ecoles_formation,web,1,10,no_og(+5); no_webp(+5),,,
6175,ARNAUD,"
4 Rue des Goncourt, 75011 Paris, France",Paris,ecoles_formation,https://vtc.lasdesformations.fr/formation-vtc-paris/,+33179731213,contact@lasdesformations.fr,0,ecoles_formation,web,1,0,Site moderne,,,
6176,MONGIN,"
71-73 Av. des Ternes, 75017 Paris, France",Paris,ecoles_formation,https://inaka-formations.fr/,+33253553101,contact@inaka.fr,0,ecoles_formation,web,1,0,Site moderne,,,
6177,I,"
6 Rue Guillaume Bertrand, 75011 Paris, France",Paris,ecoles_formation,http://labeerfabrique.com/,+33171277102,labeerfabrique@gmail.com,0,ecoles_formation,web,1,15,pas_https(+15),,,
6178,AQSE Conseil Formation Paris,"
4 Pl. Louis Armand, 75012 Paris, France",Paris,ecoles_formation,https://www.aqse-formation-cse.fr/,+33156934616,,0,ecoles_formation,web,1,5,no_og(+5),,,
6179,Institut Aritas formation,"
86 Rue Cardinet, 75017 Paris, France",Paris,ecoles_formation,http://www.aritasgroupe.fr/?utm_source=gmb,+33142934882,contact@aritasgroupe.fr,0,ecoles_formation,web,2,25,pas_https(+15); no_favicon(+5); no_og(+5),a_verifier,,
6180,"PROFORMATION | formation Anglais CPF, formation Excel CPF, formation Espagnol CPF,","
6 Rue de Braque, 75003 Paris, France",Paris,ecoles_formation,https://proformation.fr/,+33148876424,proformation@proformation.fr,0,ecoles_formation,web,1,0,Site moderne,,,
6181,KHEDER,"
7 Rue du Louvre, 75001 Paris, France",Paris,ecoles_formation,http://www.gefor.com/,+33155350020,contact@gefor.com,0,ecoles_formation,web,2,20,pas_https(+15); no_favicon(+5),a_verifier,,
6182,BITANE,"
40 Rue de la Colonie, 75013 Paris, France",Paris,ecoles_formation,https://www.institutnemo.com/,+33183647639,info@institutnemo.com,0,ecoles_formation,web,1,0,Site moderne,,,
6183,ifocop - Centre de Paris 13,"
58A Rue du Dessous des Berges, 75013 Paris, France",Paris,ecoles_formation,https://www.ifocop.fr/centre-formations/paris-xiii/?utm_source=seo&utm_medium=gmb&utm_campaign=gmb%20paris13,+33145838129,,0,ecoles_formation,web,35,,ifocop.fr = réseau national — grand compte,a_verifier,,
6184,EXÉCUTIF,"
3 Rue Pierre Dupont, 75010 Paris, France",Paris,ecoles_formation,https://www.ciefa.com/,+33180974700,,0,ecoles_formation,web,1,5,no_favicon(+5),,,
6185,BENZAKKI,"
9 Rue Pelée 7 et, 75011 Paris, France",Paris,ecoles_formation,http://apepsup.com/,+33178940685,contact@apepsup.com,0,ecoles_formation,web,2,30,pas_https(+15); no_favicon(+5); no_og(+5); no_webp(+5),a_verifier,,
6186,Abou Véronique,"
106 Rue du Président Édouard Herriot, 69002 Lyon, France",Lyon,cliniques_esthetiques,https://www.doctolib.fr/medecin-generaliste/lyon/veronique-abou?pid=practice-9898&utm_source=google_appointment_redirect&utm_campaign=gmb&utm_medium=organic&rwg_token=AFd1xnHKDXnFy_RZDbtX-_ZLQDQ9BlROMHmqayCGzfRwVqsMIQOhhvz9tYjewyFMg7_-S2M9QQJPXsWC5rT54snQDunWBNDjpQ%3D%3D,+33478306389,,0,cliniques_esthetiques,web,2,,doctolib.fr = plateforme — pas de site propre,a_verifier,,
6187,Joël Aknin,"
54 Boulevard des Belges, 69006 Lyon, France",Lyon,cliniques_esthetiques,https://www.doctolib.fr/chirurgien-plastique/lyon/joel-aknin?pid=practice-320695&utm_source=google_appointment_redirect&utm_campaign=gmb&utm_medium=organic&rwg_token=AFd1xnEidIn3wk7eERcoqaQMiUGOugE7UjFePLYwI_vmdx57uXKwyzMRNmb0n2IIYPZAG5vD8PS0ZxN4Tg1wn6MCv-QhT8wBLg%3D%3D,+33472443886,,0,cliniques_esthetiques,web,2,,doctolib.fr = plateforme — pas de site propre,a_verifier,,
6188,Institut ICEL,"
14 Pl. Jules Ferry, 69006 Lyon, France",Lyon,cliniques_esthetiques,https://www.doctolib.fr/chirurgien-plastique/lyon/benoit-garnier?pid=practice-136735&utm_source=google_appointment_redirect&utm_campaign=gmb&utm_medium=organic&rwg_token=AFd1xnE9x1lvZfwDSywbxUKmXDdQzZVHt6ovzfZQusfeDkOXecmzsLIdjr-wH2Nqt4jsZxssgbjg6_gs1F_lvYQjGFFuqrfZVA%3D%3D,+33478523647,,0,cliniques_esthetiques,web,2,,doctolib.fr = plateforme — pas de site propre,a_verifier,,
6189,Docteur Nicolas Gounot,"
12 Rue du Président Carnot, 69002 Lyon, France",Lyon,cliniques_esthetiques,http://www.docteurnicolasgounot.com/,+33437249454,,0,cliniques_esthetiques,web,2,20,pas_https(+15); no_favicon(+5),a_verifier,,
6190,Dr Camille LALLOUÉ,"
46 Cr Franklin Roosevelt, 69006 Lyon, France",Lyon,cliniques_esthetiques,http://www.docteur-lalloue.com/?utm_source=google&utm_medium=organic&utm_campaign=gmb_siteweb,+33787278594,,0,cliniques_esthetiques,web,2,25,pas_https(+15); no_favicon(+5); no_og(+5),a_verifier,,
6191,PEZ,"
1 Rue de la Barre, 69002 Lyon, France",Lyon,cliniques_esthetiques,http://www.cleage.fr/,+33472560333,centre.cleage@orange.fr,0,cliniques_esthetiques,web,1,15,pas_https(+15),,,
6192,Dr Damien VAN DER STEGEN Chiurgie Esthétique LYON - ST ETIENNE,"
77 Rue de la République, 69002 Lyon, France",Lyon,cliniques_esthetiques,https://doctolib.fr/chirurgien-plastique/lyon/damien-van-der-stegen?telehealth=&pid=practice-180973,+33472418223,,0,cliniques_esthetiques,web,2,,doctolib.fr = plateforme — pas de site propre,a_verifier,,
6193,Dr Torossian Jean Marc - Chirurgien Esthétique Lyon,"
67 Av. Maréchal Foch, 69006 Lyon, France",Lyon,cliniques_esthetiques,https://www.doctolib.fr/chirurgien-plastique/lyon/jean-marc-torossian?pid=practice-12322&utm_source=google_appointment_redirect&utm_campaign=gmb&utm_medium=organic&rwg_token=AFd1xnH3N_dNQix7zr1_Luh9O7hrdG11XkFYNRYGG5Zll0NzsHUII_LONIQzKwHNOz8Cs1eA_OSqIDiliWxV9jlrJdUJ4_cSjA%3D%3D,+33437478181,,0,cliniques_esthetiques,web,2,,doctolib.fr = plateforme — pas de site propre,a_verifier,,
6194,Centre Lasers Dermatologiques à Lyon,"
16 Rue Childebert, 69002 Lyon, France",Lyon,cliniques_esthetiques,https://www.doctolib.fr/cabinet-medical/lyon/centre-lasers-dermatologiques-lyon-lyon?pid=practice-143447&utm_source=google_appointment_redirect&utm_campaign=gmb&utm_medium=organic&rwg_token=AFd1xnEaiJZyLLGaFjip-dRkFPRxLVaWxnVqptMlZaYFDIKMaTCp0lRCWiBWlaFYMOnWC-gDRqMd6-4E5fE2fjIZs1bicv0rRQ%3D%3D,+33472569977,,0,cliniques_esthetiques,web,2,,doctolib.fr = plateforme — pas de site propre,a_verifier,,
6195,Docteur Flamans Brice,"
10 Bd Jules Favre, 69006 Lyon, France",Lyon,cliniques_esthetiques,https://www.doctolib.fr/chirurgien-plastique/bourg-en-bresse/brice-flamans?pid=practice-8936&utm_source=google_appointment_redirect&utm_campaign=gmb&utm_medium=organic&rwg_token=AFd1xnFib8OQHEDA1RIAIxZ2sPVNg-as6VizZd447dZfO0q48qMh05N6g4IMrINR0wZ2LdqyEVLBbuQEKxZGm39Too7fRh2HFQ%3D%3D,+33478418885,,0,cliniques_esthetiques,web,2,,doctolib.fr = plateforme — pas de site propre,a_verifier,,
6196,Dr Céline Calle,"
103 Rue du Président Édouard Herriot, 69002 Lyon, France",Lyon,cliniques_esthetiques,https://www.doctolib.fr/chirurgien-plastique/lyon/celine-calle-lyon?pid=practice-11192&utm_source=google_appointment_redirect&utm_campaign=gmb&utm_medium=organic&rwg_token=AFd1xnEMPmEoC_58GCVMv-iJF4h5rhLMQfarVfD2KPuPyFgc7kD-TvfmK31Eu5k7rppw9gPh9hrPSboP2Mgc_xqXqEiTQZH31A%3D%3D,+33478425546,,0,cliniques_esthetiques,web,2,,doctolib.fr = plateforme — pas de site propre,a_verifier,,
6197,Dr Veber,"
38 Rue Malesherbes, 69006 Lyon, France",Lyon,cliniques_esthetiques,https://www.doctolib.fr/chirurgien-plastique/lyon/michael-veber?pid=practice-636428&utm_source=google_appointment_redirect&utm_campaign=gmb&utm_medium=organic&rwg_token=AFd1xnEACaLJAxkzwcTFx9uxaRj1trkruMbXPeSc2t3KpGAHkqWaGznOPsY1EzD11CrTZWAK5Czxiw3I_8lirPS3aKvFvBK_yw%3D%3D,+33478939779,,0,cliniques_esthetiques,web,2,,doctolib.fr = plateforme — pas de site propre,a_verifier,,
6198,PERSONNELLE,"
39 bis Rue de Marseille, 69007 Lyon, France",Lyon,cliniques_esthetiques,https://cabinetjeanpierregobin.fr/formulaire-de-contact/?utm_source=google&utm_medium=fiche-business-profile&utm_campaign=bouton-site-web,+33478588000,jeanpierregobin@gmail.com,0,cliniques_esthetiques,web,70,50,"Vrai centre laser Lyon, mais site TRES date (copyright 2012), structure ancienne. Email de contact = agence web id&a (non direct) ; tel direct 04 78 58 80 00. Forte opportunite de refonte.",a_contacter,,
6199,Docteur Marine BAILLY,"
9 Quai Jean Moulin, 69001 Lyon, France",Lyon,cliniques_esthetiques,https://www.docteurmarinebailly.com/,+33478898666,secretariat.docteurbailly@gmail.com,0,cliniques_esthetiques,web,1,0,Site moderne,,,
6200,Cabinet médical Foch,"
5 Av. Maréchal Foch, 69006 Lyon, France",Lyon,cliniques_esthetiques,https://www.planity.com/cabinet-medical-foch-esthetique-et-epilation-laser-69006-lyon-xn6?rwg_token=AFd1xnGUnJdr2rXfIwXypr38lSsL4MXzDV_t5eImm-gHJZxLMBR-RoXFibLj3BP01z-zE2mmNQ8yV7gyOfMcEbSmHbfXxfYA6w%3D%3D,+33478899397,,0,cliniques_esthetiques,web,35,,planity.com — plateforme de réservation (réseau Lazeo) — pas de site propre,a_verifier,,
6201,"Dr Delay - Chirurgie Esthétique, plastique et reconstructrice à Lyon","
50 Rue de la République, 69002 Lyon, France",Lyon,cliniques_esthetiques,https://www.doctolib.fr/chirurgien-plastique/lyon/emmanuel-delay,+33472560706,,0,cliniques_esthetiques,web,2,,doctolib.fr = plateforme — pas de site propre,a_verifier,,
6202,"DOCTEUR QUENTIN MAGIS - Chirurgie dermatologique - Injections acide hyaluronique, Botox - Lasers - Greffe capillaire Lyon","
51 Rue de la Bourse, 69002 Lyon, France",Lyon,cliniques_esthetiques,https://www.doctolib.fr/dermatologue/lyon/quentin-magis?pid=practice-734288&utm_source=google_appointment_redirect&utm_campaign=gmb&utm_medium=organic&rwg_token=AFd1xnFwGhIt0h7jC0VeWhKsQyQp7vsOoj_qaNpTGoJNPn_m2ivyVs4pMxDJTSgz9ZhNZYAFoBU9GlzskniOhkPWWLZcEqd7uA%3D%3D,+33423160011,,0,cliniques_esthetiques,web,2,,doctolib.fr = plateforme — pas de site propre,a_verifier,,
6203,SEIZE MAI,"
10 Rue du Plat, 69002 Lyon, France",Lyon,cliniques_esthetiques,https://www.doctolib.fr/medecin-generaliste/luzinay/jeromine-morizur?pid=practice-199200&utm_source=google_appointment_redirect&utm_campaign=gmb&utm_medium=organic&rwg_token=AFd1xnGypM6NvajApUex5avo9-eRzZNJ8-rMGnNQ8wNNOHz4hjrcOJQBe0MhXzI2OZtxsYQgaHnCAESfrDVbXpO_D2wEf2fvFg%3D%3D,+33481912588,,0,cliniques_esthetiques,web,2,,doctolib.fr = plateforme — pas de site propre,a_verifier,,
6204,My Laser Lyon - Epilation Laser et Médecine Esthétique,"
54 Rue de la République, 69002 Lyon, France",Lyon,cliniques_esthetiques,https://www.doctolib.fr/centre-laser-et-esthetique/lyon/my-laser-lyon-2?pid=practice-155296&utm_source=google_appointment_redirect&utm_campaign=gmb&utm_medium=organic&rwg_token=AFd1xnFdI6HaODSxCGM1kROc_MAlH-rLk-7AK9tBj1jBpeXTa2JYR22j6EZstFg-e3w7PRfqVy53kICy4D9Z69bjGSqczoUVMw%3D%3D,+33478681852,,0,cliniques_esthetiques,web,2,,doctolib.fr = plateforme — pas de site propre,a_verifier,,
6205,Dr Christophe Reinbold - Chirurgien Esthétique Lyon Villeurbanne,"
171 Rue Léon Blum, 69100 Villeurbanne, France",Lyon,cliniques_esthetiques,https://www.doctolib.fr/chirurgien-plastique/villeurbanne-et-saint-cyr-au-mont-d%E2%80%99or/christophe-reinbold?pid=practice-145122&utm_source=google_appointment_redirect&utm_campaign=gmb&utm_medium=organic&rwg_token=AFd1xnFMqI_hgK7siIV4xcvpQthKh04Z_8Twrcl5z6oh7F2f4y81hMrnHkkNsmWsmmBs6wjmtxqpETSTGyWkdydsbbSXTShb2A%3D%3D,+33472826599,,0,cliniques_esthetiques,web,2,,doctolib.fr = plateforme — pas de site propre,a_verifier,,
6206,Docteur Alexandre Mertens,"
1 Rue Boissac, 69002 Lyon, France",Lyon,cliniques_esthetiques,https://www.doctolib.fr/chirurgien-plastique/lyon/alexandre-mertens?pid=practice-253952&utm_source=google_appointment_redirect&utm_campaign=gmb&utm_medium=organic&rwg_token=AFd1xnGcslwKIOY7D6_cinlp-GV4NU1xd_Iv9VqIkj4ftll2QOD8jFos1ttyAUtQFVv3EAOkEvSFW52Sr6ZXwiYg2mbgQDCEEg%3D%3D,+33427872567,,0,cliniques_esthetiques,web,2,,doctolib.fr = plateforme — pas de site propre,a_verifier,,
6207,Docteur Jean-Charles Bayol - Chirurgien esthétique Lyon,"
88 Boulevard des Belges, 69006 Lyon, France",Lyon,cliniques_esthetiques,https://www.doctolib.fr/chirurgien-plastique/lyon/jean-charles-bayol?pid=practice-100601&utm_source=google_appointment_redirect&utm_campaign=gmb&utm_medium=organic&rwg_token=AFd1xnGM3C--hOEv5IheqOUSU5CAuZhUDp8uSyUVpk329NOn4MjOgV0bxtQJjy7hnS0cIEymKPOcP0p6BZv__CxvtCLrcRuD4g%3D%3D,+33478943261,,0,cliniques_esthetiques,web,2,,doctolib.fr = plateforme — pas de site propre,a_verifier,,
6208,Centre Esthétique au Palais de flore,"
12 Bd Jules Favre, 69006 Lyon, France",Lyon,cliniques_esthetiques,https://www.doctolib.fr/centre-laser-et-esthetique/lyon/palais-flore,+33426780584,,0,cliniques_esthetiques,web,2,,doctolib.fr = plateforme — pas de site propre,a_verifier,,
6209,Docteur Nicolas Costa,"
51 Rue de la Bourse, 69002 Lyon, France",Lyon,cliniques_esthetiques,https://www.doctolib.fr/medecin-generaliste/lyon/nicolas-costa?pid=practice-110384&utm_source=google_appointment_redirect&utm_campaign=gmb&utm_medium=organic&rwg_token=AFd1xnFUqMiaJ-O1RzA17L_3NmUfrEslTHki_uQc6RagZ1v1eAOqEQMEC9KnE_SWTnFDO6Tp-dXsqeSHc7cbobF19_HKpKWgVA%3D%3D,+33482533504,,0,cliniques_esthetiques,web,2,,doctolib.fr = plateforme — pas de site propre,a_verifier,,
6210,GENSANNE,"
909 Rte d'Anse, 69480 Ambérieux, France",Lyon,cliniques_esthetiques,https://clinique-esthetique.fr/contact/,+33474600600,,0,cliniques_esthetiques,web,60,55,"Clinique Esthetique Grand Lyon (Ambérieu 69480). WP date images 2015, attente ARS. 04 74 600 600. Opportunite refonte.",a_contacter,,
6211,"Centre Esthétique Roosevelt ""le 46""","
46 Cr Franklin Roosevelt, 69006 Lyon, France",Lyon,cliniques_esthetiques,https://www.doctolib.fr/centre-laser-et-esthetique/lyon/centre-laser-et-esthetique,+33478244768,,0,cliniques_esthetiques,web,2,,doctolib.fr = plateforme — pas de site propre,a_verifier,,
6212,Centre Médico Esthétique Duquesne,"
37 Rue Duquesne, 69006 Lyon, France",Lyon,cliniques_esthetiques,http://www.cliniqueesthetique.com/,+33478943779,,0,cliniques_esthetiques,web,2,35,pas_https(+15); generator_Joomla 1.5(+20),a_verifier,,
6213,Centre Laser Lyon - Epilation Laser - Médecine Esthétique,"
27 Rue Godefroy, 69006 Lyon, France",Lyon,cliniques_esthetiques,https://www.doctolib.fr/centre-laser-et-esthetique/lyon/centre-laser-lyon?pid=practice-584247&utm_source=google_appointment_redirect&utm_campaign=gmb&utm_medium=organic&rwg_token=AFd1xnE3666nzF1I7dNcBeruR9VcidgDg4QRDabJiDXgWPEtOE4FZGZtE7c9s_ODDGqB31vEQnV-HB-wM7S0Wqk_iF9AhM028A%3D%3D,+33437420925,,0,cliniques_esthetiques,web,2,,doctolib.fr = plateforme — pas de site propre,a_verifier,,
6214,Beaujour Lyon OUEST,"
Espace Victor Hugo, 13 Av. Victor Hugo 2ème étage, 69160 Tassin-la-Demi-Lune, France",Lyon,cliniques_esthetiques,https://www.doctolib.fr/medecin-generaliste/tassin-la-demi-lune/roseline-barusta-0b7c3a95-22bb-4d20-a1d4-57befe7cf3b0?pid=practice-129793&utm_source=google_appointment_redirect&utm_campaign=gmb&utm_medium=organic&rwg_token=AFd1xnELN3BWjc-Wmc47QKre6i2pEeaqSiwEswWQir0J6QknkUW_Y1ZnxZZZbZcAEp08-hBVxvmuOLw1WX6MGp1RacGrSeIJlg%3D%3D,+33478646995,,0,cliniques_esthetiques,web,2,,doctolib.fr = plateforme — pas de site propre,a_verifier,,
6215,IL ESTHETIQUE POUR HOMME,"
11 Bd des Brotteaux, 69006 Lyon, France",Lyon,cliniques_esthetiques,https://booksy.com/fr-fr/rwg/38492_il-esthetique-pour-homme_instituts-de-beaute_122827_lyon?rwg_token=AFd1xnEiaWp6utZuMdK3Y3kidXOTTMWW_jIAwyMuNndZmh-zpNwGe8_pZfzhiJK4NTWN6gBP833e84ByW-uxtKlvQ5Bsg1v3Uw%3D%3D,+33986712294,,0,cliniques_esthetiques,web,35,,booksy.com = plateforme de réservation (Booksy) — pas de site propre,a_verifier,,
6216,Lazeo Lyon Part-Dieu,"
9 Rue Juliette Récamier, 69006 Lyon, France",Lyon,cliniques_esthetiques,https://www.planity.com/lazeo-lyon-part-dieu-69006?rwg_token=AFd1xnF2mny8hisBi0NkdIBg9vBDiiHDh7z0JLN1IgIvgzVn7RfWJbVgZ1Zh_CU4OmfvlmX3g9xNckryKorXhhUIUEjTv1HB5w%3D%3D,+33428383691,,0,cliniques_esthetiques,web,35,,planity.com — plateforme de réservation (réseau Lazeo) — pas de site propre,a_verifier,,
6217,CLEAGE - Centre laser esthétique anti-âge,"
1 Rue de la Barre, 69002 Lyon, France",Lyon,cliniques_esthetiques,https://www.doctolib.fr/medecin-urgentiste/lyon/lounis-lawson-body-lyon?pid=practice-5356&utm_source=google_appointment_redirect&utm_campaign=gmb&utm_medium=organic&rwg_token=AFd1xnHEAEo2AbYvZPXoh56QYGsvA5F3jYxtHCsSbyQ8dtADQbP9F794-D66j-g5Gz0OTkdW7wb-u6GhIMvLpW2nzPMEvf1eWw%3D%3D,+33472400054,,0,cliniques_esthetiques,web,2,,doctolib.fr = plateforme — pas de site propre,a_verifier,,
6218,FRANÇOIS,"
55 Boulevard des Belges, 69006 Lyon, France",Lyon,cliniques_esthetiques,https://www.niforos.fr/,+33478939555,contact@niforos.fr,0,cliniques_esthetiques,web,1,5,no_og(+5),,,
6219,Clinique Crillon,"
96 Rue Crillon, 69006 Lyon, France",Lyon,cliniques_esthetiques,http://www.cliniquecrillon.com/,+33478173736,,0,cliniques_esthetiques,web,1,15,pas_https(+15),,,
6220,Docteur Elie benharoun - Médecin Ésthétique - Injections - Peeling - Épilation laser- Greffe Capillaire,"
37 Av. Franklin Delano Roosevelt, 75008 Paris, France",Paris,cliniques_esthetiques,https://www.doctolib.fr/medecin-generaliste/paris/elie-benharoun-paris-huit?pid=practice-96310&utm_source=google_appointment_redirect&utm_campaign=gmb&utm_medium=organic&rwg_token=AFd1xnEacGEpr49pbI5tmkh5TRcSx_Guu9_eze8YfOgZyycYmgi2GO-axHUC1Dz4wwC4Zm9H6NOYvevWXtVJ400m5Oxtw4jNdA%3D%3D,+33142661786,,0,cliniques_esthetiques,web,2,,doctolib.fr = plateforme — pas de site propre,a_verifier,,
6221,Dr Christelle Santini - Chirurgie esthétique à Paris,"
89 Rue de la Pompe, 75116 Paris, France",Paris,cliniques_esthetiques,https://www.doctolib.fr/chirurgien-plastique/paris/christelle-santini?pid=practice-60496&utm_source=google_appointment_redirect&utm_campaign=gmb&utm_medium=organic&rwg_token=AFd1xnF-5JBAkHR967ocRIE6zHwr3KzRN8DjzCcyGDOkDPZ9EQSOjHhtApeVCkP1wKWl0SX2LB1XuP6XHxquSWGabUw64Nj78w%3D%3D,+33145501813,,0,cliniques_esthetiques,web,2,,doctolib.fr = plateforme — pas de site propre,a_verifier,,
6222,Dr. Elisa Pecorelli - Médecine et chirurgie esthétique,"
18 Rue Boissière, 75116 Paris, France",Paris,cliniques_esthetiques,https://www.doctolib.fr/chirurgien-plastique/paris/maria-elisa-pecorelli?pid=practice-10229&utm_source=google_appointment_redirect&utm_campaign=gmb&utm_medium=organic&rwg_token=AFd1xnGbAXr5HzxyZUlnHf5usxIAbYpCbh7RzGeNOdturSseQOaPfT3w8upgSuhWKM-kypifHL3OTafiR24n6XtLIjurMdH_Jw%3D%3D,+33147203514,,0,cliniques_esthetiques,web,2,,doctolib.fr = plateforme — pas de site propre,a_verifier,,
6223,Dr Heyfa Ben Youssef,"
14 Rue Lincoln, 75008 Paris, France",Paris,cliniques_esthetiques,https://www.doctolib.fr/phlebologue/paris/heyfa-ben-youssef-paris?pid=practice-25436&utm_source=google_appointment_redirect&utm_campaign=gmb&utm_medium=organic&rwg_token=AFd1xnGuNwn8FHT1RjS7G8OS36kdCko7M_Pw31TYrblRx_h-IUTHHtddJwnC8h1gVW9DuJgDPtqTjJvzjwVfO2KygR-j2YEZZA%3D%3D,+33145008080,,0,cliniques_esthetiques,web,2,,doctolib.fr = plateforme — pas de site propre,a_verifier,,
6224,Dr Jean Pierre Naccache - Médecine Esthétique Paris,"
90 Av. Niel, 75017 Paris, France",Paris,cliniques_esthetiques,https://www.doctolib.fr/medecine-morphologique-et-anti-age/paris/jean-pierre-naccache-b76ae54c-f44e-42fe-b45f-d1d4d146a3ec,+33142941897,,0,cliniques_esthetiques,web,2,,doctolib.fr = plateforme — pas de site propre,a_verifier,,
6225,Dr David Modiano - Médecine esthétique à Paris,"
11 Av. Mozart, 75016 Paris, France",Paris,cliniques_esthetiques,https://www.doctolib.fr/medecin-generaliste/paris/david-modiano,+33145272709,,0,cliniques_esthetiques,web,2,,doctolib.fr = plateforme — pas de site propre,a_verifier,,
6226,Dr Charles KABLA - Médecine esthétique,"
Clinique Alphand, 23 Rue Pergolèse, 75116 Paris, France",Paris,cliniques_esthetiques,https://www.doctolib.fr/medecin-generaliste/paris/charles-kabla?pid=practice-292298&utm_source=google_appointment_redirect&utm_campaign=gmb&utm_medium=organic&rwg_token=AFd1xnFdMhmFiztIXZ_C5hmqqXoohapKOpnSqxWZAl4p99yRNMll91xghuFGGB3QZnN7AsgcUPSzLSXh_fX0LFhWnT6H37YzUQ%3D%3D,+33766116001,,0,cliniques_esthetiques,web,2,,doctolib.fr = plateforme — pas de site propre,a_verifier,,
6227,"Dr Lydia Belatreche, Médecine esthétique et anti-âge, Injections et Lasers Paris 6eme","
88 Rue Bonaparte, 75006 Paris, France",Paris,cliniques_esthetiques,https://www.doctolib.fr/medecin-generaliste/paris/lydia-belatreche?pid=practice-610102&utm_source=google_appointment_redirect&utm_campaign=gmb&utm_medium=organic&rwg_token=AFd1xnH_ikxh2dpcFE76QPyvfta0yuvTizU1wOx0C7lRDo0QfIqra-HDgpDPh_SjnX_I0dFMzsbqFnH9byr5xsYmBJjeZ-4jvA%3D%3D,+33142012691,,0,cliniques_esthetiques,web,2,,doctolib.fr = plateforme — pas de site propre,a_verifier,,
6228,Dr Mickaël Xavier MURAT,"
97 Av. du Général Leclerc, 75014 Paris, France",Paris,cliniques_esthetiques,https://www.doctolib.fr/cabinet-medical/paris/cabinet-des-docteurs-pellan-et-sumanaru?pid=practice-421812&utm_source=google_appointment_redirect&utm_campaign=gmb&utm_medium=organic&rwg_token=AFd1xnGIPLOpCB50REhnk8mAg9BCM-IE2zB3SArJ7SQJ0ms0SNPMXVcK7rlZWq2-w8cNHN1sWo5WmXo_1vVl_Yx-wFteP7fU_Q%3D%3D,+33153907607,,0,cliniques_esthetiques,web,2,,doctolib.fr = plateforme — pas de site propre,a_verifier,,
6229,Dr Joseph Kobaiter - Médecine Esthétique Paris,"
225 Rue du Faubourg Saint-Honoré, 75008 Paris, France",Paris,cliniques_esthetiques,https://www.doctolib.fr/medecine-morphologique-et-anti-age/paris/joseph-kobaiter?pid=practice-183002&utm_source=google_appointment_redirect&utm_campaign=gmb&utm_medium=organic&rwg_token=AFd1xnFQsOZwGtJLc7kRQnu31tR_VDgjLYGT5r7kCnjESUBeDn26phzq5ACeydrzl49RKLGHpUOBAqV1AQUBiGVqpHKSI-q3kw%3D%3D,+33766661084,,0,cliniques_esthetiques,web,2,,doctolib.fr = plateforme — pas de site propre,a_verifier,,
6230,Docteur Valérie Leduc - Cabinet médical Longévité - Emsella - Fotona - Traitement anti âge - Cellulite,"
4 Rue Cimarosa, 75116 Paris, France",Paris,cliniques_esthetiques,https://www.doctolib.fr/cabinet-medical/paris/cabinet-de-valerie-leduc?pid=practice-174002&utm_source=google_appointment_redirect&utm_campaign=gmb&utm_medium=organic&rwg_token=AFd1xnEYmY5mEPF6Sk6PTgwyGg95mSBXIavzFDHwqP4zUI4D2zwjke94vgHiBCC16zUpb50nOuhn6-FRyTVKQEgu8alOhDoLug%3D%3D,+33145630782,,0,cliniques_esthetiques,web,2,,doctolib.fr = plateforme — pas de site propre,a_verifier,,
6231,"Dr Jerry LEVY - Chirurgien esthétique paris - Spécialiste Rhinoplastie, Augmentation mammaire, Réduction mammaire, Injections","
25 Rue Benjamin Franklin, 75016 Paris, France",Paris,cliniques_esthetiques,https://www.doctolib.fr/chirurgien-plastique/paris/jerry-levy-paris?pid=practice-435816&utm_source=google_appointment_redirect&utm_campaign=gmb&utm_medium=organic&rwg_token=AFd1xnHiUdZpMP_qWE9Ewj1OOm6IZBl8r8Rxx2xU2ruKOfqgYJldPojkyhPo2iVzoFMPNduvHaioWf6MoLaGsIlS7ncC7jCMqA%3D%3D,+33184605099,,0,cliniques_esthetiques,web,2,,doctolib.fr = plateforme — pas de site propre,a_verifier,,
6232,Dr. Yohan Brami - Médecin Esthétique - Injections - Épilation laser,"
51 Av. du Dr Arnold Netter, 75012 Paris, France",Paris,cliniques_esthetiques,https://www.doctolib.fr/medecin-generaliste/paris/yohan-brami?pid=practice-119639&utm_source=google_appointment_redirect&utm_campaign=gmb&utm_medium=organic&rwg_token=AFd1xnHq1VlSkoq6aveDFAt4ZKJ-_uXVBK9JWlHDLVwZ2pfoc8_y_rMn66Ojksz4TgVVTcokwFWV3OLiD7ZtZklzcJqj34cPcA%3D%3D,+33143453118,,0,cliniques_esthetiques,web,2,,doctolib.fr = plateforme — pas de site propre,a_verifier,,
6233,Docteur Julien VIVIER - Médecin Esthétique à Paris,"
87 Rue de Rennes, 75006 Paris, France",Paris,cliniques_esthetiques,https://www.doctolib.fr/centre-laser-et-esthetique/lyon/centre-laser-lyon,+33189867676,,0,cliniques_esthetiques,web,2,,doctolib.fr = plateforme — pas de site propre,a_verifier,,
6234,"Dr Maurice Dray, médecin esthétique, Clinique Dray","
3 Av. Montaigne, 75008 Paris, France",Paris,cliniques_esthetiques,,+33144178020,,0,cliniques_esthetiques,web,5,,"Pas de site, telephone present - a contacter (creation)",a_contacter,,
6235,Docteur Benjamin Cozanet - DBC Esthetic,"
231 Rue Saint-Honoré, 75001 Paris, France",Paris,cliniques_esthetiques,https://www.drbenjamincozanet.com/,+33142228651,contact@drbenjamincozanet.com,0,cliniques_esthetiques,web,1,0,Site moderne,,,
6236,Cabinet Médical du Dr Jennyfer Peltz-Aïm,"
5 Pl. Violet, 75015 Paris, France",Paris,cliniques_esthetiques,https://www.doctolib.fr/medecin-generaliste/paris/jennyfer-peltz-aim-paris?pid=practice-103099&utm_source=google_appointment_redirect&utm_campaign=gmb&utm_medium=organic&rwg_token=AFd1xnG3RTXDWozFICM8VtRNM2qQSqUPQ5o1XCc2rR3XEz9oU-e5YujGAPZXKiod6WSH-4eCNBzOJE-sBvA6Ar5JMuk7fgtBNA%3D%3D,+33140542491,,0,cliniques_esthetiques,web,2,,doctolib.fr = plateforme — pas de site propre,a_verifier,,
6237,Dr Kathleen Scemama - Médecin Esthétique,"
50 Av. du Dr Arnold Netter, 75012 Paris, France",Paris,cliniques_esthetiques,https://www.doctolib.fr/medecin-generaliste/paris/kathleen-scemama?pid=practice-20519&utm_source=google_appointment_redirect&utm_campaign=gmb&utm_medium=organic&rwg_token=AFd1xnGAxku1M-YUijMRfVU6SfdUTPuzXyBLmqMZWFm70R7dNILVti9Vloma5P99VtikwFFA8TFfvdkKES3sBbGLBaaTsDVyOA%3D%3D,+33143404003,,0,cliniques_esthetiques,web,2,,doctolib.fr = plateforme — pas de site propre,a_verifier,,
6238,"Dr Stéphane Chicheportiche I Médecine esthétique Paris - Greffe Cheveux, acide hyaluronique, Exosomes","
26 Rue du Faubourg Saint-Antoine, 75012 Paris, France",Paris,cliniques_esthetiques,https://www.doctolib.fr/medecine-morphologique-et-anti-age/paris/stephane-chicheportiche?pid=practice-317288&utm_source=google_appointment_redirect&utm_campaign=gmb&utm_medium=organic&rwg_token=AFd1xnF9uXbbgnJdIyOBtBahmC6PJDz_QdbqnTkvyPftz1TCzALKeg7VMH3jE_SWtej0PWokOnAIE-XHoOVjdw5-kz_AA_zVow%3D%3D,+33749220703,,0,cliniques_esthetiques,web,2,,doctolib.fr = plateforme — pas de site propre,a_verifier,,
6239,"Dr Mehdi FERIANI - Médecine esthétique, injection, skinbooster, peeling - Paris","
24-30 Bd Pasteur, 75015 Paris, France",Paris,cliniques_esthetiques,https://www.doctolib.fr/medecin-generaliste/puteaux/mehdi-feriani?pid=practice-263819&utm_source=google_appointment_redirect&utm_campaign=gmb&utm_medium=organic&rwg_token=AFd1xnGCei0jwyvqcW4LMAYaqGtfykejIR-OuY14hiFOR6imz8SF_zt121t3cDwnnMC9BXzHL1JVyGl2j8ePHt2Y6e_tRrS8eQ%3D%3D,+33134893002,,0,cliniques_esthetiques,web,2,,doctolib.fr = plateforme — pas de site propre,a_verifier,,
6240,Dr Michael Benoilid - chirurgien plasticien - clinique esthétique Paris 16 - augmentation mammaire - prothèse - botox,"
50 Av. Raymond Poincaré, 75116 Paris, France",Paris,cliniques_esthetiques,https://www.doctolib.fr/chirurgien-plastique/paris/michael-benoilid?pid=practice-193668&utm_source=google_appointment_redirect&utm_campaign=gmb&utm_medium=organic&rwg_token=AFd1xnHdGvB0kSo1pn_IhM0JP7AHy92ZRgacecEaKcPU5zomfMfG_AOk_sskepPIxKecVgjWis2Hq3QDiYrYwoez_4w2ZDG8iA%3D%3D,+33678625342,,0,cliniques_esthetiques,web,2,,doctolib.fr = plateforme — pas de site propre,a_verifier,,
6241,Innerskin Paris - Rue Montmartre | Centre d'esthétique médicale,"
65 Rue Montmartre, 75002 Paris, France",Paris,cliniques_esthetiques,https://innerskin.com/,+33140260663,,0,cliniques_esthetiques,web,1,0,Site moderne,,,
6242,Dr Daniel ALIMI - Médecine Esthétique Paris 16 - Aesthetic Medicine - Injections - Greffe capillaire - Lasers médicaux,"
76 Rue Spontini, 75116 Paris, France",Paris,cliniques_esthetiques,https://www.doctolib.fr/medecin-generaliste/paris/daniel-alimi?pid=practice-550451&utm_source=google_appointment_redirect&utm_campaign=gmb&utm_medium=organic&rwg_token=AFd1xnFK27yQQk_ImT6OFZu9Q0LAgANlQ0_93dZ0D4z2LnRnuQ_Miu0MWsz9yuyfcZirkfb91epjqyRCeANLO7bky6LifiVAug%3D%3D,+33184749525,,0,cliniques_esthetiques,web,2,,doctolib.fr = plateforme — pas de site propre,a_verifier,,
6243,Docteur Fatya Assadi | Médecin Esthétique Paris,"
1 Rue Hérold, 75001 Paris, France",Paris,cliniques_esthetiques,https://www.doctolib.fr/medecine-morphologique-et-anti-age/paris-1er-arrondissement/fatya-assadi?pid=practice-10555&utm_source=google_appointment_redirect&utm_campaign=gmb&utm_medium=organic&rwg_token=AFd1xnEVPU8R2KDYOY__flYWPZN_9MB7uBUmzo1DGrLsLNvOb8dVjmUADIrUrV2u-UjUGVtG6V8zWvJhodhHcL2ECfjLKKkVZQ%3D%3D,+33983409611,,0,cliniques_esthetiques,web,2,,doctolib.fr = plateforme — pas de site propre,a_verifier,,
6244,Centre Villiers Batignolles - Chirurgie Dermatologique et Médecine Esthétique Paris,"
101 Rue de Miromesnil, 75008 Paris, France",Paris,cliniques_esthetiques,http://www.centre-villiers-batignolles.paris/,+33986610510,,0,cliniques_esthetiques,web,2,25,pas_https(+15); no_favicon(+5); no_og(+5),a_verifier,,
6245,Clinique du Grand Paris | Iéna - Centre de greffe capillaire Paris,"
37a Av. d'Iéna, 75116 Paris, France",Paris,cliniques_esthetiques,https://www.doctolib.fr/centre-laser-et-esthetique/paris/clinique-du-grand-paris?pid=establishment-17416&utm_source=google_appointment_redirect&utm_campaign=gmb&utm_medium=organic&rwg_token=AFd1xnFT2Bjd5QnsKXKq_Agc7ywbJQShQA4cWGYrgl-NVJvosC7NsB9QFt-Cx55wtnsj4mYPYIxgiUMq1O_h8YFY56JuCILKzg%3D%3D,+33148662035,,0,cliniques_esthetiques,web,2,,doctolib.fr = plateforme — pas de site propre,a_verifier,,
6246,Clinique Esthétique Corpo Bueno - Paris,"
179 Rue du Faubourg Saint-Honoré, 75008 Paris, France",Paris,cliniques_esthetiques,https://www.corpobueno.com.br/campaigns/descubra/paris/#empresa9rede0000,+33142890613,,0,cliniques_esthetiques,web,35,5,"corpobueno.com.br = réseau de cliniques d'esthétique Corpo Bueno (franchise brésilienne, présence Paris) — grand compte réseau, no_og(+5)",a_verifier,,
6247,Centre de CHIRURGIE Dermatologique Paris-Est La Roquette,"
56 Rue de la Roquette, 75011 Paris, France",Paris,cliniques_esthetiques,https://www.doctolib.fr/cabinet-medical/paris-4e-arrondissement/centre-de-chirurgie-dermatologique-de-la-roquette?pid=practice-230606&utm_source=google_appointment_redirect&utm_campaign=gmb&utm_medium=organic&rwg_token=AFd1xnG4zp0sGK6ImKb6Fb49TiLqOA3BqtcdMI1yqU9p5ru4FBF8pqRSfEo7OW4QFVLgiSw0KNjb00f1p8Z8WnAA3bgy49HdsA%3D%3D,+33188407414,,0,cliniques_esthetiques,web,2,,doctolib.fr = plateforme — pas de site propre,a_verifier,,
6248,Docteur Ralph Abbou,"
16 Rue Léonard de Vinci, 75116 Paris, France",Paris,cliniques_esthetiques,https://www.doctolib.fr/chirurgien-plastique/paris/ralph-abbou?pid=practice-146451&utm_source=google_appointment_redirect&utm_campaign=gmb&utm_medium=organic&rwg_token=AFd1xnHM0rq-8_9pnha99P3ex3pNHoEkHdw-Jh5KCIRMIlCUBfpuRZBqfPErDg3LGkkLLhhT0-Pbewgc5SiZcpK9bEEIrVL5GA%3D%3D,+33153814445,,0,cliniques_esthetiques,web,2,,doctolib.fr = plateforme — pas de site propre,a_verifier,,
6249,EstetikaParis - Dr Philippe AZOULAY - Médecin Esthétique - Paris 16,"
133 Rue Michel Ange, 75016 Paris, France",Paris,cliniques_esthetiques,https://www.doctolib.fr/medecin-generaliste/boulogne-billancourt/philippe-azoulay?pid=practice-173951&utm_source=google_appointment_redirect&utm_campaign=gmb&utm_medium=organic&rwg_token=AFd1xnHhBihnXErCTuG_V-y6JxR9KStzJnmd4d82L837PFzzByigFpLxGFRtaQXahodoe6nKIDaaklX2Zlh8UsZaZWddSpm2UA%3D%3D,+33140711972,,0,cliniques_esthetiques,web,2,,doctolib.fr = plateforme — pas de site propre,a_verifier,,
6250,CSHP Paris,"
12 Rue de Ponthieu, 75008 Paris, France",Paris,cliniques_esthetiques,https://www.doctolib.fr/centre-laser-et-esthetique/paris/cshp-a-paris?pid=practice-2361&utm_source=google_appointment_redirect&utm_campaign=gmb&utm_medium=organic&rwg_token=AFd1xnE_PCBz4LRUDkEW86CSBNr1CW0xqhtc3mFMph7zoxsHi2EBgOR7MEvfE0Pel_gOGXEB5L3q5EDc6wlWRB5AFRVQk3jjBQ%3D%3D,+33153535000,,0,cliniques_esthetiques,web,2,,doctolib.fr = plateforme — pas de site propre,a_verifier,,
6251,Innerskin Paris - Marais | Centre d'esthétique médicale,"
59 Rue des Francs Bourgeois, 75004 Paris, France",Paris,cliniques_esthetiques,https://app.innerskin.com/,+33140245880,,0,cliniques_esthetiques,web,35,,"app.innerskin.com = plateforme de réservation réseau Innerskin (chaîne) — pas le site propre du centre, grand compte réseau",a_verifier,,
6252,ARTHESTIC Médecine Esthétique,"
19 Rue Vignon, 75008 Paris, France",Paris,cliniques_esthetiques,http://www.arthestic.com/,+33147420584,arthestic@yahoo.fr,0,cliniques_esthetiques,web,2,20,pas_https(+15); no_favicon(+5),a_verifier,,
6253,Ambre Clinic Paris - Médecine Esthétique,"
70 Rue Michel Ange, 75016 Paris, France",Paris,cliniques_esthetiques,https://www.doctolib.fr/centre-laser-et-esthetique/paris/ambre-clinic-paris-paris?pid=practice-384993&utm_source=google_appointment_redirect&utm_campaign=gmb&utm_medium=organic&rwg_token=AFd1xnEa-J32ObpifRlR3gSLhuVEkn-7lj-l39mLo49GjVKkmWj5wny3EvQrmTnIlceANv32nf1mntrNzjSwdb6d2oq_SDzlvg%3D%3D,+33144074815,,0,cliniques_esthetiques,web,2,,doctolib.fr = plateforme — pas de site propre,a_verifier,,
6254,aesthé Miron - médecine esthétique,"
29 Rue François Miron, 75004 Paris, France",Paris,cliniques_esthetiques,https://booking.aesthe.com/webstoreNew/services/dde8c5cf-07c8-48a5-8a01-27fe1b3ca409?merchantId=dde8c5cf-07c8-48a5-8a01-27fe1b3ca409&booking_source=booknow&booking_medium=google&rwg_token=AFd1xnGAEbJfO9J_7w_S9BShuKrginQ_p5b9UB4OKKPkUsm-45nKIMn3gB5M7aScgtNJwJxhQ8f_spXh5LsgoxWiAfmqrB2Omw%3D%3D,+33140619158,,0,cliniques_esthetiques,web,35,,"booking.aesthe.com = plateforme de réservation réseau Aesthé (chaîne) — pas de site propre, grand compte réseau",a_verifier,,
6255,Centre Esthétique Trémoille | Dermatologie | Épilation Laser | Médecine Esthétique & Chirurgie à Paris,"
20 Rue de la Tremoille 1 er étage, 75008 Paris, France",Paris,cliniques_esthetiques,https://www.esthetique-tremoille.com/tarifs?utm_source=google&utm_medium=organic&utm_campaign=gmb,+33140060796,,0,cliniques_esthetiques,web,1,5,no_favicon(+5),,,
6256,Centre médical Esthétique 16,"
50 Rue Copernic 4ème étage Gauche, 75116 Paris, France",Paris,cliniques_esthetiques,https://www.doctolib.fr/centre-laser-et-esthetique/paris/centre-medical-esthetique-16?pid=practice-119605&utm_source=google_appointment_redirect&utm_campaign=gmb&utm_medium=organic&rwg_token=AFd1xnEaxzmuu-YPOZJWx8_aSzzboKGqxxaZXgF88hSUNAYlw2eBTmDnA_J_tMejSeZNm9sPVao3LA6w8_IrJx89LzmiW6DaKA%3D%3D,+33147200006,,0,cliniques_esthetiques,web,2,,doctolib.fr = plateforme — pas de site propre,a_verifier,,
6257,Aesthetic Studio - Centre de Médecine Esthétique et de Laser Paris,"
89 Bd Beaumarchais, 75003 Paris, France",Paris,cliniques_esthetiques,https://www.doctolib.fr/centre-laser-et-esthetique/paris/centre-de-medecine-esthetique-et-laser-aesthetic-studio,+33142055999,,0,cliniques_esthetiques,web,2,,doctolib.fr = plateforme — pas de site propre,a_verifier,,
6258,CENTRAL GARAGE,"
330 Rue Francis de Pressensé, 69100 Villeurbanne, France",Lyon,concessionnaires_auto,https://www.centralgarage-lyon.com/,+33478682171,,0,concessionnaires_auto,web,1,5,no_og(+5),,,
6259,GARAGE CARROSSERIE RLE,"
3 Imp. du Lutin, 69003 Lyon, France",Lyon,concessionnaires_auto,,+33487615068,,0,concessionnaires_auto,web,5,,"Pas de site, telephone present - a contacter (creation)",a_contacter,,
6260,Garage St Gilbert,"
19 Rue Léo et Maurice Trouilhet, 69008 Lyon, France",Lyon,concessionnaires_auto,,+33478013858,,0,concessionnaires_auto,web,5,,"Pas de site, telephone present - a contacter (creation)",a_contacter,,
6261,ALR automobiles,"
85 Rue André Bollier, 69007 Lyon, France",Lyon,concessionnaires_auto,https://garage.garage-premier.fr/fr/france-FR/CUST-IN0483/alr-automobiles/details,+33611784139,infos.garage1er@allianceautomotive.fr,0,concessionnaires_auto,web,35,,garage.garage-premier.fr = réseau Garage Premier — grand compte,a_verifier,,
6262,Garage Gorge de Loup,"
1 Rue de la Fraternelle, 69009 Lyon, France",Lyon,concessionnaires_auto,,+33981752599,,0,concessionnaires_auto,web,5,,"Pas de site, telephone present - a contacter (creation)",a_contacter,,
6263,Point S - Lyon 3ème (Auto Pneus Armanet),"
19 Rue François Garcin, 69003 Lyon, France",Lyon,concessionnaires_auto,https://www.points.fr/centre/auto-pneus-armanet-lyon/?utm_source=google&utm_medium=organic&utm_campaign=gmb_Auto-Pneus-Armanet-Lyon,+33478952574,,0,concessionnaires_auto,web,35,,points.fr = réseau Point S — grand compte,a_verifier,,
6264,Garage Il Primo,"
161 Bd de Stalingrad, 69006 Lyon, France",Lyon,concessionnaires_auto,https://ilprimo.autofirst-france.fr/travail?utm_source=google&utm_medium=GBP-lien-rdv,+33437420990,reseau@autofirst-france.fr,0,concessionnaires_auto,web,35,,ilprimo.autofirst-france.fr = réseau Autofirst — grand compte,a_verifier,,
6265,Tout Autos Lyon 8 carrosserie / pneumatique / mécanique,"
106 Rue Pierre Delore, 69008 Lyon, France",Lyon,concessionnaires_auto,,+33437378557,,0,concessionnaires_auto,web,5,,"Pas de site, telephone present - a contacter (creation)",a_contacter,,
6266,Garage Lamure,"
36 Rue d'Ivry, 69004 Lyon, France",Lyon,concessionnaires_auto,,+33478301112,,0,concessionnaires_auto,web,5,,"Pas de site, telephone present - a contacter (creation)",a_contacter,,
6267,Garage Lyon Pneus Services,"
103 Rue Professeur Beauvisage, 69008 Lyon, France",Lyon,concessionnaires_auto,https://www.garagelyon.com/,+33478004691,,0,concessionnaires_auto,web,1,0,Site moderne,,,
6268,Garage Des Pins,"
147 Av. Lacassagne, 69003 Lyon, France",Lyon,concessionnaires_auto,http://www.garagedespinslyon.fr/,+33478549679,,0,concessionnaires_auto,web,1,15,pas_https(+15),,,
6269,Garage Minasi,"
18 Rue Jean Chevailler, 69008 Lyon, France",Lyon,concessionnaires_auto,,+33478759833,,0,concessionnaires_auto,web,5,,"Pas de site, telephone present - a contacter (creation)",a_contacter,,
6270,Garage municipal,"
41 Rue Bataille, 69008 Lyon, France",Lyon,concessionnaires_auto,,,,0,concessionnaires_auto,web,2,,"Pas de site, pas de telephone - a verifier",a_verifier,,
6271,Euromaster Lyon Berthelot,"
190 Av. Berthelot, 69007 Lyon, France",Lyon,concessionnaires_auto,https://www.euromaster.fr/prendre-rdv?fitterId=3205&utm_source=Google&utm_medium=organic&utm_campaign=Reserve_GMB&utm_term=3205&utm_content=I&rwg_token=AFd1xnH8Vo-K75xxPsUJz9UDAXPTE_Qupf3KS4lUeu6HjFxA4Y7lSFuUOzlkuO59TRlKV0RS_Jwiqo5EiW4Mkf4_MftU0pcb0Q%3D%3D,+33478724176,,0,concessionnaires_auto,web,35,,euromaster.fr = réseau Euromaster — grand compte,a_verifier,,
6272,Euromaster Lyon Vaise,"
48 Rue de Bourgogne, 69009 Lyon, France",Lyon,concessionnaires_auto,https://www.euromaster.fr/prendre-rdv?fitterId=3208&utm_source=Google&utm_medium=organic&utm_campaign=Reserve_GMB&utm_term=3208&utm_content=I&rwg_token=AFd1xnEs80NV1ZvpW9zgvT_5yXi9bL45WWs7aKfNbsVOB0Hsqh2kdFpZEYyT7L6gXijd7PphqIfiu-6bCQRIEDY1cO4IAwQ3AA%3D%3D,+33478837776,,0,concessionnaires_auto,web,35,,euromaster.fr = réseau Euromaster — grand compte,a_verifier,,
6273,ARNAUD,"
28 Rue Baraban, 69003 Lyon, France",Lyon,concessionnaires_auto,https://www.garage-arnaud-sports.com/,+33472369005,webmaster@lesannonces.fr,0,concessionnaires_auto,web,1,5,no_og(+5),,,
6274,Garage Jarrier,"
6 Pl. Puvis de Chavannes, 69006 Lyon, France",Lyon,concessionnaires_auto,,+33478932194,,0,concessionnaires_auto,web,5,,"Pas de site, telephone present - a contacter (creation)",a_contacter,,
6275,Genevois Lyon 9 Serenicar/Réparateur GPL,"
ou, 45 Rue de Bourgogne, 11 Rue de la Gare, 69009 Lyon, France",Lyon,concessionnaires_auto,https://www.groupe-faubourg.com/,+33478837120,contact@groupe-faubourg.com,0,concessionnaires_auto,web,35,,groupe-faubourg.com = groupe concessions automobiles - grand compte,a_verifier,,
6276,Garage automobile JURCO,"
131 Rue Joliot Curie, 69005 Lyon, France",Lyon,concessionnaires_auto,,+33478251885,,0,concessionnaires_auto,web,5,,"Pas de site, telephone present - a contacter (creation)",a_contacter,,
6277,Midas LYON GARIBALDI,"
382 Rue Garibaldi, 69007 Lyon, France",Lyon,concessionnaires_auto,https://www.midas.fr/centres-auto-midas/auvergne-rhone-alpes/rhone/lyon/lyon-garibaldi_1111,+33478725252,,0,concessionnaires_auto,web,35,,midas.fr = réseau Midas — grand compte,a_verifier,,
6278,QUINTIAO,"
186 Av. Paul Santy, 69008 Lyon, France",Lyon,concessionnaires_auto,https://www.vroomiz.fr/boutique/asm-auto,+33695483358,contact@vroomiz.fr,0,concessionnaires_auto,web,2,,vroomiz.fr = marketplace — pas de site propre,a_verifier,,
6279,Lyon’s Automobiles – Mandataire auto depuis 31 ans,"
95 Av. Franklin Roosevelt, 69150 Décines-Charpieu, France",Lyon,concessionnaires_auto,https://www.lyonsautomobiles.com/,+33472140150,,0,concessionnaires_auto,web,1,10,no_og(+5); no_webp(+5),,,
6280,MARKETING,"
10 Rue Louis Blanc, 69200 Vénissieux, France",Lyon,concessionnaires_auto,https://mobilite.jeanlain.com/concessions/mg-motor-lyon/,+33478671212,,0,concessionnaires_auto,web,35,,jeanlain.com = groupe Jean Lain (MG Motor) — grand compte,a_verifier,,
6281,KETIF,"
18 Rue Jean Chevailler, 69008 Lyon, France",Lyon,concessionnaires_auto,https://www.lyonsanspermis.fr/,+33478000555,contact@lyonsanspermis.fr,0,concessionnaires_auto,web,1,0,Site moderne,,,
6282,CHOPARD,"
89 Rue Marietton, 69009 Lyon, France",Lyon,concessionnaires_auto,https://www.groupechopard.com/aston-martin/contact/aston-martin-lyon/?utm_source=google&utm_medium=organic&utm_campaign=gmb&utm_content=concession-aston-martin-lyon,+33437480707,,0,concessionnaires_auto,web,35,,groupechopard.com = groupe Chopard — grand compte,a_verifier,,
6283,RENAULT,"
4-5 Rue Saint-Simon, 69009 Lyon, France",Lyon,concessionnaires_auto,https://www.retail-renault-group.fr/services-apres-vente/prenez-votre-rendez-vous-en-ligne?utm_source=google&utm_medium=gmb-organic&utm_campaign=google-gmb-organic-local-lyon-rrg-renault-lyon-nord-apv&utm_content=gmb-booking&partner=google-gmb-organic-local-lyon-rrg-renault-lyon-nord-apv-gmb-booking,+33472207220,,0,concessionnaires_auto,web,35,,retail-renault-group.fr = réseau Renault — grand compte,a_verifier,,
6284,SKODA BYmyCAR Lyon,"
65 Rue du Souvenir, 69009 Lyon, France",Lyon,concessionnaires_auto,https://www.bymycar.fr/concessions/skoda-lyon-vaise-bymycar?utm_campaign=bouton&utm_medium=organic&utm_source=GMB,+33437641670,,0,concessionnaires_auto,web,35,,bymycar.fr = groupe BYmyCAR — grand compte,a_verifier,,
6285,FORD BYmyCAR Lyon Sud,"
10 All. des Savoies, 69200 Vénissieux, France",Lyon,concessionnaires_auto,https://www.bymycar.fr/services/ford?utm_source=GMB&utm_medium=organic&utm_campaign=lien-apv,+33478783030,,0,concessionnaires_auto,web,35,,bymycar.fr = groupe BYmyCAR — grand compte,a_verifier,,
6286,RENAULT,"
27 Av. de l'Aqueduc de Beaunant, 69110 Sainte-Foy-lès-Lyon, France",Lyon,concessionnaires_auto,https://www.retail-renault-group.fr/services-apres-vente/prenez-votre-rendez-vous-en-ligne,+33472397676,,0,concessionnaires_auto,web,35,,retail-renault-group.fr = réseau Renault — grand compte,a_verifier,,
6287,Garage Mondon,"
31 Av. Barthélémy Buyer, 69005 Lyon, France",Lyon,concessionnaires_auto,,+33478252918,,0,concessionnaires_auto,web,5,,"Pas de site, telephone present - a contacter (creation)",a_contacter,,
6288,VOLKSWAGEN BYmyCAR Lyon Vaise,"
65 Rue du Souvenir, 69009 Lyon, France",Lyon,concessionnaires_auto,https://www.bymycar.fr/concessions/volkswagen-lyon-vaise-bymycar?utm_campaign=bouton&utm_medium=organic&utm_source=GMB,+33472854747,,0,concessionnaires_auto,web,35,,bymycar.fr = groupe BYmyCAR — grand compte,a_verifier,,
6289,SKODA BYmyCAR Lyon Sud,"
10 Rue des Frères Louis et Emile Bertrand, 69200 Vénissieux, France",Lyon,concessionnaires_auto,https://www.skoda.fr/services/prendre-rendez-vous,+33437235613,,0,concessionnaires_auto,web,35,,skoda.fr = réseau marque — grand compte,a_verifier,,
6290,PEUGEOT STELLANTIS &YOU LYON VENISSIEUX,"
26 Bd Irène Joliot Curie, 69200 Vénissieux, France",Lyon,concessionnaires_auto,https://www.stellantisandyou.com/fr/nos-concessionnaires/lyon/lyon-venissieux-etats-unis/acheter-neuf?utm_campaign=presence_management_ap&utm_medium=SM_NPP&utm_source=presence_management_menu_link,+33437901800,,0,concessionnaires_auto,web,35,,stellantisandyou.com = réseau Stellantis — grand compte,a_verifier,,
6291,MUSY,"
12 bis Av. des Gobelins, 75005 Paris, France",Paris,concessionnaires_auto,https://www.eurorepar.fr/garage-gobelins-automobiles-paris-3519.html,+33143313807,,0,concessionnaires_auto,web,35,,eurorepar.fr = réseau Eurorepar — grand compte,a_verifier,,
6292,Garage Republique,"
133 Rue Amelot, 75011 Paris, France",Paris,concessionnaires_auto,,+33984482716,,0,concessionnaires_auto,web,5,,"Pas de site, telephone present - a contacter (creation)",a_contacter,,
6293,Garage de l'Île Saint-Louis Mannes Paris,"
5 Bd Henri IV, 75004 Paris, France",Paris,concessionnaires_auto,https://www.mannes.fr/atelier/garage-de-lile-saint-louis/rdv-mannes-saint-louis/,+33143545564,contact@mannes.fr,0,concessionnaires_auto,web,35,,mannes.fr = réseau Mannes — grand compte,a_verifier,,
6294,CUPRA City Garage Paris,"
1 Bd de la Madeleine, 75001 Paris, France",Paris,concessionnaires_auto,https://cupracitygarageparis.fr/,+33170601718,cupracitygarageparis@vgrf.fr,0,concessionnaires_auto,web,35,,cupracitygarageparis.fr = VGRF Grand Paris réseau concessionnaire - grand compte,a_verifier,,
6295,ESSOULHI,"
53 Rue des Frères Flavien, 75020 Paris, France",Paris,concessionnaires_auto,https://ak-garage.com/,+33171759124,contact@ak-garage.com,0,concessionnaires_auto,web,1,5,no_favicon(+5),,,
6296,garage paris 20,"
4 Rue de la Mare, 75020 Paris, France",Paris,concessionnaires_auto,https://garage-menilmontant.com/,+33185532019,,0,concessionnaires_auto,web,4,100,pas de DNS (garage-menilmontant.com inexistant),a_contacter,,
6297,MOULIN,"
7 Rue Emile Lepeu, 75011 Paris, France",Paris,concessionnaires_auto,https://concessionnaire.renault.fr/garage-giamson.html,+33140091111,,0,concessionnaires_auto,web,35,,concessionnaire.renault.fr = réseau marque — grand compte,a_verifier,,
6298,YF Auto Paris,"
38 Rue Dunois, 75013 Paris, France",Paris,concessionnaires_auto,,+33751108093,,0,concessionnaires_auto,web,5,,"Pas de site, telephone present - a contacter (creation)",a_contacter,,
6299,MOULIN,"
20 Bd de l'Hôpital, 75005 Paris, France",Paris,concessionnaires_auto,https://concessionnaire.renault.fr/paris-garage-austerlitz.html,+33142781822,,0,concessionnaires_auto,web,35,,concessionnaire.renault.fr = réseau marque — grand compte,a_verifier,,
6300,Station Meca Voltaire,"
42 Bd Voltaire, 75011 Paris, France",Paris,concessionnaires_auto,,+33147006165,,0,concessionnaires_auto,web,5,,"Pas de site, telephone present - a contacter (creation)",a_contacter,,
6301,Garage Des Roses,"
23 Rue des Roses, 75018 Paris, France",Paris,concessionnaires_auto,,+33146071117,,0,concessionnaires_auto,web,5,,"Pas de site, telephone present - a contacter (creation)",a_contacter,,
6302,Garage Paris Shweyangyan,"
85 Rue Hoche, 94200 Ivry-sur-Seine, France",Paris,concessionnaires_auto,,+33156200805,,0,concessionnaires_auto,web,5,,"Pas de site, telephone present - a contacter (creation)",a_contacter,,
6303,Garage Claude Porte Doree.,"
4 Rue de l'Essai, 75005 Paris, France",Paris,concessionnaires_auto,,+33780993294,,0,concessionnaires_auto,web,5,,"Pas de site, telephone present - a contacter (creation)",a_contacter,,
6304,Garage A.G.P Paris 15,"
19 Rue Jean Maridor, 75015 Paris, France",Paris,concessionnaires_auto,https://www.idgarages.com/garage/paris/GA9659_sas-a-g-p-auto?rwg_token=AFd1xnFOVvilQl2vXweLQRc7zR5MtKw0PnwLuKRavcTwXIfR2xrXMr6rSqTr47tqRH-teKSZr2pee2_b3aNPaGYK7Djw5lcViw%3D%3D,+33145005181,,0,concessionnaires_auto,web,2,,idgarages.com = annuaire garages — pas de site propre,a_verifier,,
6305,GARAGE PARIS 15 AUTO REPARATION MECANIQUE CARROSSERIE PEINTURE PARE BRISE VIDANGE REPARATION BOITE AUTOMATIQUE TOUTES MARQUES,"
77 79 Rue de Lourmel, 75015 Paris, France",Paris,concessionnaires_auto,https://paris15auto.fr/,+33145797581,karimsah92@gmail.com,0,concessionnaires_auto,web,4,100,HTTP 503 persistant (site down),a_contacter,,
6306,Garage des Peupliers,"
19 Rue de l'Interne Loeb, 75013 Paris, France",Paris,concessionnaires_auto,https://carrosserie.five-star.fr/carrosseries/1058-garage-des-peupliers/,+33145894500,contact@wemadeya.fr,0,concessionnaires_auto,web,35,,carrosserie.five-star.fr = réseau Five Star — grand compte,a_verifier,,
6307,Garage du Maine,"
21 Av. du Maine, 75015 Paris, France",Paris,concessionnaires_auto,https://m.allopneus.com/montage-pneu/paris-75/paris-75015/garage-du-maine-916,+33145484352,,0,concessionnaires_auto,web,2,,allopneus.com = portail montage pneus — pas de site propre,a_verifier,,
6308,GARAGE PONIATOWSKI PARIS 12,"
57 Bd Poniatowski, 75012 Paris, France",Paris,concessionnaires_auto,https://parclick.com/parking-paris/garage_poniatowski?rwg_token=AFd1xnE9C8g1AHD5LwnVZS0m40dzwyKS6pLNgWnIm-HhMUZL8nhUAepgK4L4rEZhwDqgkMoRhCZlm9pJChpRz-5RobuEHdn3ng%3D%3D,+33143443732,,0,concessionnaires_auto,web,2,,parclick.com = portail parking — pas de site propre,a_verifier,,
6309,Garage Paris 12ème,"
159 Rue de Picpus, 75012 Paris, France",Paris,concessionnaires_auto,,+33143460544,,0,concessionnaires_auto,web,5,,"Pas de site, telephone present - a contacter (creation)",a_contacter,,
6310,[P] Parking Halles Garage - Parking - Station service,"
10 Rue Bailleul, 75001 Paris, France",Paris,concessionnaires_auto,,+33142603624,,0,concessionnaires_auto,web,5,,"Pas de site, telephone present - a contacter (creation)",a_contacter,,
6311,RENAULT,"
81 Bd Saint-Germain, 75006 Paris, France",Paris,concessionnaires_auto,https://www.retail-renault-group.fr/concessions-renault/147-paris-saint-germain?utm_source=google&utm_medium=gmb-organic&utm_campaign=google-gmb-organic-local-paris-rrg-rnlt-st-germain&utm_content=gmb-listing&partner=google-gmb-organic-local-paris-rrg-rnlt-st-germain-gmb-listing,+33170992200,,0,concessionnaires_auto,web,35,,retail-renault-group.fr = réseau Renault — grand compte,a_verifier,,
6312,SUZUKI PARIS - PYRENEES AUTOMOBILES,"
117 bis Rue des Pyrénées, 75020 Paris, France",Paris,concessionnaires_auto,https://www.suzuki-paris.fr/,+33143672066,contact@suzuki-paris.fr,0,concessionnaires_auto,web,1,0,Site moderne,,,
6313,T.R.D AUTOMOBILES,"
19 Rue de Wattignies, 75012 Paris, France",Paris,concessionnaires_auto,http://www.trdautomobile.fr/,+33189164616,,0,concessionnaires_auto,web,3,40,pas_https(+15); generator_Wix.com Website Builder(+20); no_og(+5),a_contacter,,
6314,LOCARSON PARIS 11 Concessionnaire Peugeot-Citroën,"
166 Rue de Charonne, 75011 Paris, France",Paris,concessionnaires_auto,https://concessions.peugeot.fr/locarson/?location=PARIS%7C0,+33140091010,,0,concessionnaires_auto,web,35,,concessions.peugeot.fr = réseau marque — grand compte,a_verifier,,
6315,BMW BYmyCAR PARIS,"
101 bis Av. du Général Michel Bizot, 75012 Paris, France",Paris,concessionnaires_auto,https://www.bymycar.fr/concessions/bmw-paris-bymycar?utm_campaign=bouton&utm_medium=organic&utm_source=GMB,+33140359292,,0,concessionnaires_auto,web,35,,bymycar.fr = groupe BYmyCAR — grand compte,a_verifier,,
6316,AUDI Paris 16 - VGRF Grand Paris,"
105 Bd Murat, 75016 Paris, France",Paris,concessionnaires_auto,https://audi-paris16.fr/occasion,+33140713530,audi.paris16@vgrf.fr,0,concessionnaires_auto,web,35,,audi-paris16.fr = VGRF Grand Paris réseau concessionnaire - grand compte,a_verifier,,
6317,Audi Paris 12 - VGRF Grand Paris,"
88 Cr de Vincennes, 75012 Paris, France",Paris,concessionnaires_auto,https://www.audi-paris12.com/,+33180058230,audi.paris12@vgrf.fr,0,concessionnaires_auto,web,35,,audi-paris12.com = VGRF Grand Paris réseau concessionnaire - grand compte,a_verifier,,
6318,MAURICE S AUTOMOBILES,"
38 Av. Claude Vellefaux, 75010 Paris, France",Paris,concessionnaires_auto,http://www.maurices-automobiles.fr/index.php?p=listing,+33142812021,,0,concessionnaires_auto,web,2,20,pas_https(+15); no_og(+5),a_verifier,,
6319,RENAULT,"
203 Rue Championnet, 75018 Paris, France",Paris,concessionnaires_auto,https://www.retail-renault-group.fr/services-apres-vente/prenez-votre-rendez-vous-en-ligne?utm_source=google&utm_medium=gmb-organic&utm_campaign=google-gmb-organic-local-paris-rrg-renault-paris-championnet-apv&utm_content=gmb-booking&partner=google-gmb-organic-local-paris-rrg-renault-paris-championnet-apv-gmb-booking,+33142283636,,0,concessionnaires_auto,web,35,,retail-renault-group.fr = réseau Renault — grand compte,a_verifier,,
6320,Volkswagen Paris 15 - VGRF Grand Paris,"
40 ter Av. de Suffren, 75015 Paris, France",Paris,concessionnaires_auto,https://rdv-atelier.sonauto.fr/bookingonce/services?country=FR&dealer=2678&locale=&site=1&tenant=standalonebookingonce,+33153581000,,0,concessionnaires_auto,web,35,,sonauto.fr = réseau VGRF/Sonauto — grand compte,a_verifier,,
6321,BMW Paris Beaugrenelle,"
58 Rue de Lourmel, 75015 Paris, France",Paris,concessionnaires_auto,https://www.bmw-paris.fr/prendre-rendez-vous/,+33156770000,bmwparis@bmw.fr,0,concessionnaires_auto,web,35,,bmw-paris.fr = réseau marque — grand compte,a_verifier,,
6322,RENAULT,"
97 Bd Lefebvre, 75015 Paris, France",Paris,concessionnaires_auto,https://www.retail-renault-group.fr/services-apres-vente/prenez-votre-rendez-vous-en-ligne?utm_source=google&utm_medium=gmb-organic&utm_campaign=google-gmb-organic-local-paris-rrg-renault-paris-lefebvre-apv&utm_content=gmb-booking&partner=google-gmb-organic-local-paris-rrg-renault-paris-lefebvre-apv-gmb-booking,+33144192100,,0,concessionnaires_auto,web,35,,retail-renault-group.fr = réseau Renault — grand compte,a_verifier,,
6323,RENAULT,"
55 Boulevard de Charonne, 75011 Paris, France",Paris,concessionnaires_auto,https://www.retail-renault-group.fr/services-apres-vente/prenez-votre-rendez-vous-en-ligne?utm_source=google&utm_medium=gmb-organic&utm_campaign=google-gmb-organic-local-paris-rrg-renault-paris-charonne-apv&utm_content=gmb-booking&partner=google-gmb-organic-local-paris-rrg-renault-paris-charonne-apv-gmb-booking,+33153276188,,0,concessionnaires_auto,web,35,,retail-renault-group.fr = réseau Renault — grand compte,a_verifier,,
6324,NOËL,"
20 Bd de l'Hôpital, 75005 Paris, France",Paris,concessionnaires_auto,https://www.sanspermis75.fr/,+33186900328,,0,concessionnaires_auto,web,1,0,Site moderne,,,
6325,Volkswagen Paris 13 - VGRF Grand Paris,"
176-180, Av. d'Italie, 75013 Paris, France",Paris,concessionnaires_auto,https://rdv-atelier.sonauto.fr/bookingonce/services?country=FR&dealer=7030&locale=&tenant=standalonebookingonce,+33145884500,,0,concessionnaires_auto,web,35,,sonauto.fr = réseau VGRF/Sonauto — grand compte,a_verifier,,
6326,CITROËN STELLANTIS &YOU PARIS PORTE DE VERSAILLES,"
75 Bd Lefebvre, 75015 Paris, France",Paris,concessionnaires_auto,https://www.stellantisandyou.com/fr/nos-concessionnaires/paris/paris-porte-de-versailles/acheter-neuf?utm_campaign=presence_management_ac&utm_medium=SM_NPP&utm_source=presence_management_menu_link,+33144192060,,0,concessionnaires_auto,web,35,,stellantisandyou.com = réseau Stellantis — grand compte,a_verifier,,
6327,Volkswagen Paris 20 - VGRF Grand Paris,"
105 Cr de Vincennes, 75020 Paris, France",Paris,concessionnaires_auto,https://www.vw-paris20.fr/,+33146594444,volkswagen.parisidf@vgrf.fr,0,concessionnaires_auto,web,35,,vw-paris20.fr = VGRF Grand Paris réseau concessionnaire - grand compte,a_verifier,,
6328,Mg Motor Paris,"
32 Av. de la République, 75011 Paris, France",Paris,concessionnaires_auto,https://www.careastfrance.fr/contact-fr-fr.htm,+33148070705,,0,concessionnaires_auto,web,35,,careastfrance.fr = réseau importateur MG — grand compte,a_verifier,,
6329,Garage Mécanique & Concession Auto Paris 12 NATION PICPUS - RENAULT DACIA Nissan & Toutes Marques Pare-Brise Rénovation,"
28 Av. de Saint-Mandé, 75012 Paris, France",Paris,concessionnaires_auto,https://www.iptransauto.fr/,+33143439397,f.renault.dacia@iptrans-fr.com,0,concessionnaires_auto,web,1,5,no_favicon(+5),,,
6330,FRENCH RIVIERA MOTORS PARIS,"
60 Rue François 1er, 75008 Paris, France",Paris,concessionnaires_auto,https://www.frenchrivieramotorsparis.com/,+33749418332,,0,concessionnaires_auto,web,4,100,pas de DNS (frenchrivieramotorsparis.com inexistant),a_contacter,,
6331,MAXIMILIEN,"
127 Av. Thiers, 69006 Lyon, France",Lyon,courtage,https://www.rci69.fr/,+33472720369,info@rci69.fr,0,courtage,web,55,0,"RCI69 / MAXIMILIEN - site moderne (WP Elementor, uploads 2025) mais activite reel = regie immobiliere (syndic/gestion/transaction), PAS du courtage -> a verifier. info@rci69.fr, 04 72 72 03 69.",a_verifier,,
6332,Ymanci Francheville - Crédit immobilier,"
28 Av. de la Table de Pierre, 69340 Francheville, France",Lyon,courtage,,+33487241922,,0,courtage,web,5,,"Pas de site, telephone present - a contacter (creation)",a_contacter,,
6333,JEAN-DIDIER,"
132 Av. Franklin Roosevelt, 69500 Bron, France",Lyon,courtage,https://www.plurifinances.fr/contact/,+33390229400,hello@madeincourtage.fr,0,courtage,web,35,,plurifinances.fr = réseau — grand compte,a_verifier,,
6334,AFR Financement Lyon,"
10 Rue de Bourgogne, 69009 Lyon, France",Lyon,courtage,https://afrfinancement.fr/agences/courtier-lyon-vaise/?utm_source=google&utm_medium=organic&utm_campaign=gbp-fiche,+33472597546,,0,courtage,web,35,,afrfinancement.fr = réseau AFR — grand compte,a_verifier,,
6335,ANDRÉ,"
119 Rue Pierre Corneille, 69003 Lyon, France",Lyon,courtage,https://atheka-courtage.com/,+33659103917,kevin.andre@perfectaux.fr,0,courtage,web,1,10,no_favicon(+5); no_og(+5),,,
6336,BREJON,"
82 Cr Gambetta, 69007 Lyon, France",Lyon,courtage,https://www.rachatcreditconseil.com/,+33472716868,etude@espacefinances.fr,0,courtage,web,1,0,Site moderne,,,
6337,MARKETING,"
91 Cr Charlemagne, 69002 Lyon, France",Lyon,courtage,http://www.greeniz.fr/,+33972149100,,0,courtage,web,2,25,pas_https(+15); no_og(+5); no_webp(+5),a_verifier,,
6338,Crédit Agricole Immobilier Lyon,"
1 rue Pierre de, Chem. du Truchis de Lays, 69410 Champagne-au-Mont-d'Or, France",Lyon,courtage,http://www.ca-immobilier.fr/,+33534401444,,0,courtage,web,35,,ca-immobilier.fr = réseau Crédit Agricole — grand compte,a_verifier,,
6339,Invefi Lyon,"
78 - 80 Rue Boileau, 69006 Lyon, France",Lyon,courtage,http://www.invefilyon.com/,+33661238737,,0,courtage,web,55,35,"Invefi Lyon - courtier assurance de pret (78-80 rue Boileau 69006). Site WP date : copyright 2020 (+25), pas de favicon (+5), images non webp (+5). Emails hwambergue@ / fgirardet@invefilyon.com, tel 06 61 23 87 37. Opportunite refonte.",a_contacter,,
6340,CreditLight,"
236 Rue Garibaldi, 69003 Lyon, France",Lyon,courtage,http://www.creditlight.com/,+33478271532,,0,courtage,web,70,45,"CreditLight - courtier en rachat/regroupement de credits (236 rue Garibaldi 69003 Lyon). Site Drupal nettement obsolete : copyright 2015 (+25), liens Viadeo/Google+ morts, pas de webp (+5). Plusieurs emails reels sur /contact : info@creditlight.com (dir. obriand@creditlight.com), tel 04 78 27 15 32. Opportunite refonte.",a_contacter,,
6341,Crédit Immobilier de France Developpement,"
91 Cr Charlemagne, 69002 Lyon, France",Lyon,courtage,https://www.credit-immobilier-de-france.fr/,+33969393251,,0,courtage,web,55,100,"URL grand compte CIF (Credit Immobilier de France Developpement) - pas le site du commerce scrape (a verifier). 403 anti-bot, PAS un site casse.",a_verifier,,
6342,Meilleurtaux Lyon Vaise courtier en crédit immobilier,"
41 Quai Hippolyte Jaÿr, 69009 Lyon, France",Lyon,courtage,http://www.meilleurtaux.com/a-propos-de-meilleurtaux/toutes-nos-agences-en-france/courtier-lyon-vaise.html,+33472530000,,0,courtage,web,35,,meilleurtaux.com = réseau Meilleurtaux — grand compte,a_verifier,,
6343,SOFIAP Lyon,"
Immeuble Le Britannia, 20 Bd Eugène Deruelle, 69003 Lyon, France",Lyon,courtage,https://www.sofiap.fr/,+33472778800,,0,courtage,web,35,,sofiap.fr = réseau SOFIAP courtage - grand compte,a_verifier,,
6344,Meilleurtaux Lyon Charpennes courtier en crédit immobilier,"
8 Rue des Émeraudes, 69006 Lyon, France",Lyon,courtage,http://www.meilleurtaux.com/a-propos-de-meilleurtaux/toutes-nos-agences-en-france/courtier-lyon-charpennes.html,+33437372931,,0,courtage,web,35,,meilleurtaux.com = réseau Meilleurtaux — grand compte,a_verifier,,
6345,Meilleurtaux Lyon Saxe courtier en crédit immobilier,"
144 Av. Maréchal de Saxe, 69003 Lyon, France",Lyon,courtage,https://www.meilleurtaux.com/a-propos-de-meilleurtaux/toutes-nos-agences-en-france/courtier-lyon-saxe.html,+33437371049,,0,courtage,web,35,,meilleurtaux.com = réseau Meilleurtaux — grand compte,a_verifier,,
6346,Avisofi Lyon - Courtier en prêts immobiliers,"
Avisofi, 1 Rue de la République, 69001 Lyon, France",Lyon,courtage,https://www.avisofi.fr/,+33472777777,contact@avisofi.fr,0,courtage,web,35,,avisofi.fr = réseau Avisofi courtage - grand compte,a_verifier,,
6347,Avicap - Courtier en crédit à Lyon,"
3 Cr Charlemagne, 69002 Lyon, France",Lyon,courtage,http://www.avicap.fr/courtier-credit-lyon-presquile.html,+33647516557,,0,courtage,web,2,20,pas_https(+15); no_og(+5),a_verifier,,
6348,BEUVELET,"
22 bis Av. Félix Faure, 69007 Lyon, France",Lyon,courtage,https://www.inandfi-credits.fr/credit-lyon-saxe/,+33603870970,,0,courtage,web,35,,inandfi-credits.fr = réseau In&Fi — grand compte,a_verifier,,
6349,MIGNÉ,"
6 Rue Cuvier, 69006 Lyon, France",Lyon,courtage,https://particuliers.financeconseil.fr/agences/courtier-lyon/,+33787246927,,0,courtage,web,35,,financeconseil.fr = réseau Finance Conseil — grand compte,a_verifier,,
6350,Courtier immobilier - Ashler & Manson - Lyon,"
53 Rue de la Charité, 69002 Lyon, France",Lyon,courtage,https://www.ashler-manson.com/fr/agence/courtier-lyon,+33684959479,contact@ashler-manson.com,0,courtage,web,35,,ashler-manson.com = réseau de courtage immo - grand compte,a_verifier,,
6351,Meilleurtaux Lyon Monplaisir courtier en crédit immobilier,"
9 Av. des Frères Lumière, 69008 Lyon, France",Lyon,courtage,http://www.meilleurtaux.com/a-propos-de-meilleurtaux/toutes-nos-agences-en-france/courtier-lyon-monplaisir.html,+33437575957,,0,courtage,web,35,,meilleurtaux.com = réseau Meilleurtaux — grand compte,a_verifier,,
6352,Meilleurtaux Lyon Bron courtier en crédit immobilier,"
139-141 Av. Franklin Roosevelt, 69500 Bron, France",Lyon,courtage,https://www.meilleurtaux.com/a-propos-de-meilleurtaux/toutes-nos-agences-en-france/courtier-lyon-bron.html,+33428291500,,0,courtage,web,35,,meilleurtaux.com = réseau Meilleurtaux — grand compte,a_verifier,,
6353,Vousfinancer Lyon 5 et 9,"
1 Rue Marietton, 69009 Lyon, France",Lyon,courtage,https://courtier.vousfinancer.com/lyon/vousfinancer-lyon-5-et-9-192,+33482913186,contact@vousfinancer.com,0,courtage,web,35,,vousfinancer.com = réseau Vousfinancer — grand compte,a_verifier,,
6354,Courtier en prêts hypothécaires MMPI Lyon - Saint-Didier-au-Mont-d'Or,"
11 Rue Voie Lactée, 69370 Saint-Didier-au-Mont-d'Or, France",Lyon,courtage,http://www.monmeilleurpretimmobilier.com/,+33660863684,,0,courtage,web,2,20,pas_https(+15); no_og(+5),a_verifier,,
6355,IMMOFINANCES Lyon | Courtier en prêt immobilier & assurance crédit à Lyon (69),"
10-12 Bd Marius Vivier Merle, 69003 Lyon, France",Lyon,courtage,,+33684986287,,0,courtage,web,5,,"Pas de site, telephone present - a contacter (creation)",a_contacter,,
6356,SALAH,"
88 Av. Maréchal de Saxe, 69003 Lyon, France",Lyon,courtage,https://www.immo-banques.fr/agence/lyon?utm_campaign=google_my_business_achat&utm_content=lyon&utm_medium=seo&utm_source=google,+33478820706,,0,courtage,web,35,,immo-banques.fr = réseau courtage immo - grand compte,a_verifier,,
6357,MISTER-FI,"
40 Av. Maréchal Foch, 69006 Lyon, France",Lyon,courtage,http://www.misterfi.com/,+33437440000,contact@mister-fi.com,0,courtage,web,2,20,pas_https(+15); no_favicon(+5),a_verifier,,
6358,FINANCEMENT,"
236 Rue Garibaldi, 69003 Lyon, France",Lyon,courtage,http://www.dynapret.fr/,+33668123561,fmaigrot@dynapret.fr,0,courtage,web,2,20,pas_https(+15); no_favicon(+5),a_verifier,,
6359,Presta Finance,"
57 Rue du Président Édouard Herriot, 69002 Lyon, France",Lyon,courtage,https://www.prestafinance.com/demande-de-pret-immobilier-presta-finance/,+33478286020,,0,courtage,web,4,100,erreur 500 persistante (site casse),a_contacter,,
6360,Negocial LYON - courtier prêt immo,"
103 Rue Vauban, 69006 Lyon, France",Lyon,courtage,https://negocialfinance.fr/ville/lyon/,+33472041515,contact@negocial.fr,0,courtage,web,35,,negocialfinance.fr = réseau Negocial — grand compte,a_verifier,,
6361,KARAM,"
160 Rue de la Pompe, 75116 Paris, France",Paris,courtage,https://www.lacentraledefinancement.fr/agences/pret-immobilier-paris-75016/,+33188338444,,0,courtage,web,35,,lacentraledefinancement.fr = réseau — grand compte,a_verifier,,
6362,RÈGLEMENT,"
16 Pl. de la Nation, 75012 Paris, France",Paris,courtage,https://www.immopret.fr/nos-agences/courtier-immobilier-paris-nation/,+33669205972,,0,courtage,web,35,,immopret.fr = réseau Immoprêt — grand compte,a_verifier,,
6363,DORARD,"
9 Rue de Téhéran, 75008 Paris, France",Paris,courtage,https://www.connect-credit.net/,+33184790505,contact@bewai.com,0,courtage,web,35,,connect-credit.net = réseau Connect Crédit — grand compte,a_verifier,,
6364,Meilleurtaux Paris 16 courtier en crédit immobilier,"
36 Av. Mozart, 75016 Paris, France",Paris,courtage,https://www.meilleurtaux.com/a-propos-de-meilleurtaux/toutes-nos-agences-en-france/courtier-paris-16.html,+33145201212,,0,courtage,web,35,,meilleurtaux.com = réseau Meilleurtaux — grand compte,a_verifier,,
6365,RÉCLAMATION,"
53 ter Bd de Picpus, 75012 Paris, France",Paris,courtage,https://www.empruntis.com/agences/courtier-immobilier-paris-12-nation-619.php,+33140214723,,0,courtage,web,35,,empruntis.com = réseau Empruntis — grand compte,a_verifier,,
6366,OBJECTIF TAUX courtier en prêt immobilier et assurance de prêt Paris,"
45/47 Rue Villiers de l'Isle Adam, 75020 Paris, France",Paris,courtage,http://objectiftaux.fr/,+33175438366,info@objectiftaux.fr,0,courtage,web,2,20,pas_https(+15); no_og(+5),a_verifier,,
6367,Emérite Financements & Assurances - Courtier en crédit immobilier et professionnel,"
14 Rue de Moscou, 75008 Paris, France",Paris,courtage,https://outlook.office.com/book/EmriteFinancementParisEurope@emerite-groupe.com/?ismsaljsauthenabled,+33182833160,,0,courtage,web,2,,"outlook.office.com/book = réservation, pas de site propre",a_verifier,,
6368,Credissimmo Paris Auteuil- prêt immobilier,"
82 Rue Chardon Lagache, 75016 Paris, France",Paris,courtage,http://www.credissimmo.fr/,+33188334188,,0,courtage,web,3,65,non_responsive(+40); pas_https(+15); no_favicon(+5); no_og(+5),a_contacter,,
6369,BEUVELET,"
51 Av. Franklin Delano Roosevelt, 75008 Paris, France",Paris,courtage,https://www.inandfi-credits.fr/courtier/paris-roosevelt,+33613264670,,0,courtage,web,35,,inandfi-credits.fr = réseau In&Fi — grand compte,a_verifier,,
6370,Meilleurtaux Paris 18 courtier en crédit immobilier,"
128 Rue Ordener, 75018 Paris, France",Paris,courtage,https://www.meilleurtaux.com/a-propos-de-meilleurtaux/toutes-nos-agences-en-france/courtier-paris-18.html,+33185810030,,0,courtage,web,35,,meilleurtaux.com = réseau Meilleurtaux — grand compte,a_verifier,,
6371,Meilleurtaux Paris 14 courtier en crédit immobilier,"
186 Av. du Maine, 75014 Paris, France",Paris,courtage,https://www.meilleurtaux.com/a-propos-de-meilleurtaux/toutes-nos-agences-en-france/courtier-paris-14.html,+33140528080,,0,courtage,web,35,,meilleurtaux.com = réseau Meilleurtaux — grand compte,a_verifier,,
6372,LESAGE,"
7 Rue Cels, 75014 Paris, France",Paris,courtage,http://www.credicim.com/credit-paris/,+33634111199,reclamation@credicim.fr,0,courtage,web,2,20,pas_https(+15); no_favicon(+5),a_verifier,,
6373,SOFIAP Paris,"
45 Rue de Pommard, 75012 Paris, France",Paris,courtage,https://www.socrif.fr/nous-contacter,+33144635060,,0,courtage,web,2,,temps dépassé (site injoignable),a_verifier,,
6374,Credit International,"
6 Av. du Général Détrie, 75007 Paris, France",Paris,courtage,http://www.credit-international.com/,+33158613830,,0,courtage,web,2,20,pas_https(+15); no_og(+5),a_verifier,,
6375,EDITEUR,"
5 Rue du Havre, 75008 Paris, France",Paris,courtage,http://www.impact-finances.fr/,+33156982299,,0,courtage,web,2,25,pas_https(+15); no_og(+5); no_webp(+5),a_verifier,,
6376,KARAM,"
4 Rue Mathurin Régnier, 75015 Paris, France",Paris,courtage,https://www.lacentraledefinancement.fr/agences/pret-immobilier-paris-75015/,+33140387515,,0,courtage,web,35,,lacentraledefinancement.fr = réseau — grand compte,a_verifier,,
6377,City and Co | Courtier en prêt immobilier,"
81 Rue Nollet, 75017 Paris, France",Paris,courtage,https://cityandco.fr/,+33142299533,,0,courtage,web,1,5,no_favicon(+5),,,
6378,Oradéa Vie,"
17 bis Pl. des Reflets, 92400 Courbevoie, France",Paris,courtage,https://www.oradeavie.fr/fr/nous-contacter/,+33238796700,,0,courtage,web,55,0,Oradea Vie - grand compte : assureur emprunteur du groupe Societe Generale (Courbevoie). URL scrapee = page contact. Site TYPO3 moderne. Pas le site du commerce scrape.,a_verifier,,
6379,Artémis courtage Paris - Courtier en crédit immobilier et assurance emprunteur,"
8-10 R. du Renard, 75004 Paris, France",Paris,courtage,https://www.artemiscourtage.com/simulateurs-de-credits/credit-immobilier/,+33185731777,hello@artemiscourtage.com,0,courtage,web,3,45,non_responsive(+40); no_favicon(+5),a_contacter,,
6380,EMMANUEL,"
1 Rue des Suisses, 75014 Paris, France",Paris,courtage,https://ec-finance-consulting.com/,+33665307506,cornu@ec-finance-consulting.com,0,courtage,web,1,5,no_favicon(+5),,,
6381,AFR financement - Paris,"
4 Bd Saint-Martin, 75010 Paris, France",Paris,courtage,https://afrfinancement.fr/agences/courtier-paris-sebastopol/,+33652623743,,0,courtage,web,35,,afrfinancement.fr = réseau AFR — grand compte,a_verifier,,
6382,IMMOFINANCES Paris 17 | Courtier en prêt immobilier & Assurance crédit à Paris 75017,"
8 Rue Lemercier, 75017 Paris, France",Paris,courtage,https://paris-17.immofinances.net/,+33777758543,contact@immofinances.net,0,courtage,web,1,5,no_webp(+5),,,
6383,LANGLADE,"
8 Rue de Ponthieu, 75008 Paris, France",Paris,courtage,https://www.cafpi.fr/agences/courtier-paris-08#prendre-rdv,+33142252525,cafpi@cafpi.fr,0,courtage,web,35,,cafpi.fr = réseau CAFPI courtage - grand compte,a_verifier,,
6384,Meilleurtaux Paris 11 courtier en crédit immobilier,"
64 Av. Philippe Auguste, 75011 Paris, France",Paris,courtage,https://www.meilleurtaux.com/a-propos-de-meilleurtaux/toutes-nos-agences-en-france/courtier-paris-11.html,+33140332725,,0,courtage,web,35,,meilleurtaux.com = réseau Meilleurtaux — grand compte,a_verifier,,
6385,Meilleurtaux Paris 17 courtier en crédit immobilier,"
35 Rue Brunel, 75017 Paris, France",Paris,courtage,http://www.meilleurtaux.com/a-propos-de-meilleurtaux/toutes-nos-agences-en-france/courtier-paris-17.html,+33144091010,,0,courtage,web,35,,meilleurtaux.com = réseau Meilleurtaux — grand compte,a_verifier,,
6386,Patrimoine et Financement - Courtier en prêts immobiliers,"
4 Rue de Franche Comté, 75003 Paris, France",Paris,courtage,https://www.patrimoinefinancement.fr/votre-courtier-en-credit-immobilier-a-paris/,+33142746530,,0,courtage,web,1,5,no_og(+5),,,
6387,KARAM,"
55 Rue la Bruyère, 75009 Paris, France",Paris,courtage,https://www.lacentraledefinancement.fr/agences/pret-immobilier-paris-75009/,+33185084008,,0,courtage,web,35,,lacentraledefinancement.fr = réseau — grand compte,a_verifier,,
6388,Manuel Bardoz Courtier en prêt immobilier à Paris,"
4 Pl. Louis Armand, 75012 Paris, France",Paris,courtage,http://www.mbcourtagepatrimoine.com/,+33613906334,admin@mbcourtage-patrimoine.com,0,courtage,web,1,15,pas_https(+15),,,
6389,CREDIT ADVISOR,"
104 Bd Auguste Blanqui, 75013 Paris, France",Paris,courtage,https://www.creditadvisor.fr/,+33140246094,contact@creditadvisor.fr,0,courtage,web,1,0,Site moderne,,,
6390,COURTAGE,"
198 Av. de France, 75013 Paris, France",Paris,courtage,https://www.finaway.fr/,+33698419454,contact@finaway.fr,0,courtage,web,1,5,no_favicon(+5),,,
6391,CREDIXIA - Courtier en prêts immobiliers,"
35 39 Bd Romain Rolland, 75014 Paris, France",Paris,courtage,https://www.credixia.com/credit-immobilier/demande-de-pret,+33185562234,,0,courtage,web,35,,credixia.com = réseau CREDIXIA courtage - grand compte,a_verifier,,
6392,Meilleurtaux Paris 8 courtier en crédit immobilier,"
40 Rue de Saint-Pétersbourg, 75008 Paris, France",Paris,courtage,https://www.meilleurtaux.com/a-propos-de-meilleurtaux/toutes-nos-agences-en-france/courtier-paris-8.html,+33185091700,,0,courtage,web,35,,meilleurtaux.com = réseau Meilleurtaux — grand compte,a_verifier,,
6393,PERNELLE,"
202 Rue André Philip, 69003 Lyon, France",Lyon,immobilier,http://www.5eme-element-immo.com/,+33632664653,,0,immobilier,web,1,15,pas_https(+15),,,
6394,Croix Rousse Immobilier,"
101 Gd Rue de la Croix-Rousse, 69004 Lyon, France",Lyon,immobilier,http://www.croixrousse-immobilier.com/,+33478399400,,0,immobilier,web,2,,"403 anti-bot (site réel, non analysable)",a_verifier,,
6395,CHAPOLARD,"
14 Quai Victor Augagneur, 69003 Lyon, France",Lyon,immobilier,https://lyon3.pietrapolis.fr/,+33472853200,,0,immobilier,web,35,,pietrapolis.fr = réseau PietraPolis — grand compte,a_verifier,,
6396,GUILLAUME,"
109 Rue Vendôme, 69006 Lyon, France",Lyon,immobilier,https://www.orpi.com/agencetronel/nous-contacter/,+33478241442,orpifrance@orpi.com,0,immobilier,web,35,,orpi.com = réseau Orpi — grand compte,a_verifier,,
6397,RICHARD,"
8 Quai Jules Courmont, 69002 Lyon, France",Lyon,immobilier,https://viagimmo.fr/contact-viagimmo-lyon/,+33437575108,contact@viagimmo.fr,0,immobilier,web,35,,viagimmo.fr = réseau ViagImmo — grand compte,a_verifier,,
6398,DÉPLOIE,"
130 Rue Pierre Corneille, 69003 Lyon, France",Lyon,immobilier,http://www.lc-immobilier.fr/,+33988501184,contact@la-boite-immo.com,0,immobilier,web,1,15,pas_https(+15),,,
6399,HOQUET,"
58 Cours Dr Long, 69003 Lyon, France",Lyon,immobilier,https://lyon-3-montchat.guy-hoquet.com/,+33437567807,,0,immobilier,web,35,,guy-hoquet.com = réseau Guy Hoquet — grand compte,a_verifier,,
6400,Agence immobilière Guy Hoquet - L'unique agence Guy Hoquet sur Lyon 7 depuis 1998,"
20 Av. Jean Jaurès, 69007 Lyon, France",Lyon,immobilier,https://lyon-7.guy-hoquet.com/,+33472767080,accueilweb@guy-hoquet.com,0,immobilier,web,35,,guy-hoquet.com = réseau Guy Hoquet — grand compte,a_verifier,,
6401,BERTHET,"
25 Rue du Plat, 69002 Lyon, France",Lyon,immobilier,http://omnium1947.com/,+33478425317,accueil@omnium1947.com,0,immobilier,web,3,65,non_responsive(+40); pas_https(+15); no_favicon(+5); no_og(+5),a_contacter,,
6402,JÉHANNO,"
37 Gd Rue de la Croix-Rousse, 69004 Lyon, France",Lyon,immobilier,https://www.laforet.com/agence-immobiliere/lyon4?utm_source=google&utm_medium=mybusiness,+33472000030,contact-laforet@laforet.com,0,immobilier,web,35,,laforet.com = réseau Laforêt — grand compte,a_verifier,,
6403,Immobilière de l'Est,"
16 Rue Saint-Firmin, 69008 Lyon, France",Lyon,immobilier,https://www.immobilieredelest.fr/nous-contacter.htm?utm_source=gmb&utm_medium=contact&utm_campaign=ie-lyon,+33478781560,,0,immobilier,web,1,10,no_og(+5); no_webp(+5),,,
6404,ERWAN,"
51 Av. du Point du Jour, 69005 Lyon, France",Lyon,immobilier,https://www.lamy-immobilier.fr/nos-agences-immobilieres/rhone-69/lyon-69005/lamy-lyon-point-du-jour,+33472743214,,0,immobilier,web,35,,lamy-immobilier.fr = réseau Lamy — grand compte,a_verifier,,
6405,IMMOBILIER,"
108 Cours Dr Long, 69003 Lyon, France",Lyon,immobilier,http://www.victoire-immo.fr/,+33437912777,contact@victoire-immo.fr,0,immobilier,web,1,15,pas_https(+15),,,
6406,GAGNON,"
10 Pl. Carnot, 69002 Lyon, France",Lyon,immobilier,http://www.eraimmobilier.com/agence-immobiliere-lyon-2-316,+33426493838,,0,immobilier,web,35,,eraimmobilier.com = réseau ERA — grand compte,a_verifier,,
6407,Agence Immobilière Lyon - Citya Vendôme Lumière,"
107 Rue Servient, 69003 Lyon, France",Lyon,immobilier,https://www.citya.com/nous-contacter/324?,+33472757275,contact@citya.com,0,immobilier,web,35,,citya.com = réseau Citya — grand compte,a_verifier,,
6408,HOQUET,"
14 Rue du Mont d'Or, 69009 Lyon, France",Lyon,immobilier,https://lyon-9.guy-hoquet.com/,+33472200205,,0,immobilier,web,35,,guy-hoquet.com = réseau Guy Hoquet — grand compte,a_verifier,,
6409,BRUN,"
30 Quai Victor Augagneur, 69003 Lyon, France",Lyon,immobilier,http://www.bic-immo.com/,+33478600606,,0,immobilier,web,1,15,pas_https(+15),,,
6410,SABATINI,"
345 Rue Garibaldi, 69007 Lyon, France",Lyon,immobilier,http://purpleimmobilier.fr/?utm_source=google&utm_medium=wix_google_business_profile&utm_campaign=8884529070710478926,+33981317267,,0,immobilier,web,2,20,pas_https(+15); no_favicon(+5),a_verifier,,
6411,RAFFOUX,"
49 Av. Maréchal de Saxe, 69003 Lyon, France",Lyon,immobilier,http://www.essentiel-gestionlocative.fr/,+33437573278,,0,immobilier,web,1,15,pas_https(+15),,,
6412,KLABA,"
14 Quai du Général Sarrail, 69006 Lyon, France",Lyon,immobilier,https://www.barnes-lyon.com/,+33478159090,lyon@barnes-international.com,0,immobilier,web,35,,barnes-lyon.com = réseau Barnes — grand compte,a_verifier,,
6413,SALAH,"
219 Av. Jean Jaurès, 69007 Gerland, France",Lyon,immobilier,https://www.human-immobilier.fr/lyon-7-gerland?utm_campaign=google_my_business_achat&utm_medium=seo&utm_source=google,+33472713361,dpo@human-immobilier.fr,0,immobilier,web,35,,human-immobilier.fr = réseau Human Immobilier — grand compte,a_verifier,,
6414,Alexandre SCHMIDT consultant immobilier We Invest DHG Conseil,"
35 Av. Lacassagne, 69003 Lyon, France",Lyon,immobilier,https://weinvest.fr/agence/we-invest-dhg-conseil-82,+33671030495,,0,immobilier,web,35,,weinvest.fr = réseau WeInvest — grand compte,a_verifier,,
6415,SUITHOME immobilier Lyon,"
34 Bd des Brotteaux, 69006 Lyon, France",Lyon,immobilier,https://www.suithome.fr/contact.html,+33437240889,,0,immobilier,web,1,5,no_favicon(+5),,,
6416,BRENIERE,"
7 Rue Sainte-Clotilde, 69001 Lyon, France",Lyon,immobilier,http://www.novea-immobilier.fr/,+33472080027,,0,immobilier,web,1,15,pas_https(+15),,,
6417,Patrick Almeida - Consultant Efficity Lyon,"
6 Pl. des Tapis, 69004 Lyon, France",Lyon,immobilier,https://www.efficity.com/palmeida/,+33682052824,,0,immobilier,web,35,,efficity.com = réseau Efficity — grand compte,a_verifier,,
6418,DJEN,"
49 Rue de Maubeuge, 75009 Paris, France",Paris,immobilier,https://providenceimmobilier.com/,+33140362386,contact@providenceimmobilier.com,0,immobilier,web,3,45,non_responsive(+40); no_favicon(+5),a_contacter,,
6419,Agence immobilière l'Adresse Paris 11 Oberkampf,"
124 Bd Richard-Lenoir, 75011 Paris, France",Paris,immobilier,https://www.ladresse-paris-oberkampf.com/,+33181697650,,0,immobilier,web,35,,réseau LAdresse (ladresse) — grand compte,a_verifier,,
6420,HELBER,"
196 Rue de Tolbiac, 75013 Paris, France",Paris,immobilier,https://www.ladresse.com/agence/l-adresse-butte-aux-cailles/49?utm_source=gmb,+33183755210,,0,immobilier,web,35,,ladresse.com = réseau L'Adresse - grand compte,a_verifier,,
6421,CHARLES-MARIE,"
2 Rue Vavin, 75006 Paris, France",Paris,immobilier,https://danielfeau.com/fr/detail-agence-immobiliere/11554,+33184796810,,0,immobilier,web,35,,danielfeau.com = réseau Daniel Féau — grand compte,a_verifier,,
6422,Frimmobilier.,"
12 Rue de Paris, 78560 Le Port-Marly, France",Paris,immobilier,http://www.frimmobilier.fr/,+33139584042,,0,immobilier,web,2,20,pas_https(+15); no_webp(+5),a_verifier,,
6423,KUPERFIS,"
62 R. des Martyrs, 75009 Paris, France",Paris,immobilier,https://www.junot.fr/fr/agence-immobiliere-junot-9-eme-arrondissement-paris,+33187533578,webmaster@junot.fr,0,immobilier,web,35,,junot.fr = réseau Junot — grand compte,a_verifier,,
6424,HOQUET,"
30 Rue Faidherbe, 75011 Paris, France",Paris,immobilier,https://paris-11-charonne-faidherbe.guy-hoquet.com/,+33143700394,,0,immobilier,web,35,,guy-hoquet.com = réseau Guy Hoquet — grand compte,a_verifier,,
6425,Agence immobilière Paris 11 - L'immobilier sur Mesure,"
Arrondissement FR, 188 Bd Voltaire, 75011 Paris, France",Paris,immobilier,http://www.immobilier-surmesure.com/contact/,+33184251818,agence@twinbi.com,0,immobilier,web,2,25,pas_https(+15); no_favicon(+5); no_og(+5),a_verifier,,
6426,La Maison de l'Immobilier,"
angle, 112 rue Réaumur, Rue de Cléry, 75002 Paris, France",Paris,immobilier,http://www.lamaisonimmo.fr/,+33140390909,mdi@lamaisonimmo.fr,0,immobilier,web,1,15,pas_https(+15),,,
6427,Agence immobilière FREDeLION – Paris 8 Europe,"
26 Rue de Turin, 75008 Paris, France",Paris,immobilier,https://www.fredelion.com/agences/paris-8-europe/,+33144909017,a.daiu@fredelion.com,0,immobilier,web,35,,fredelion.com = réseau Fredelion — grand compte,a_verifier,,
6428,HOQUET,"
178 Rue Saint-Maur, 75010 Paris, France",Paris,immobilier,https://paris-10-saint-louis.guy-hoquet.com/,+33140823600,,0,immobilier,web,35,,guy-hoquet.com = réseau Guy Hoquet — grand compte,a_verifier,,
6429,HOQUET,"
189 Rue du Faubourg Saint-Martin, 75010 Paris, France",Paris,immobilier,https://paris-10-saint-martin.guy-hoquet.com/estimer/estimation-immobiliere-en-visio-maison-appartement,+33140051818,,0,immobilier,web,35,,guy-hoquet.com = réseau Guy Hoquet — grand compte,a_verifier,,
6430,DÉPLOIE,"
37 Rue des Blancs Manteaux, 75004 Paris, France",Paris,immobilier,http://www.arc-en-ciel-immo.com/,+33171182860,consommation@cmap.fr,0,immobilier,web,1,15,pas_https(+15),,,
6431,SEPTEMBER — Agence immobilière Paris,"
10 Rue Cambon, 75001 Paris, France",Paris,immobilier,http://www.september.immo/,+33142337698,,0,immobilier,web,2,20,pas_https(+15); no_webp(+5),a_verifier,,
6432,VERDON,"
38 Av. Jean Jaurès, 75019 Paris, France",Paris,immobilier,https://agences19.fr/,+33182280898,,0,immobilier,web,1,5,no_favicon(+5),,,
6433,THOMAS,"
17 Rue des Moines, 75017 Paris, France",Paris,immobilier,https://immobilier-paris-17.nestenn.com/,+33147709617,,0,immobilier,web,35,,nestenn.com = réseau Nestenn — grand compte,a_verifier,,
6434,CHARLES-MARIE,"
1 Pl. Victor Hugo, 75016 Paris, France",Paris,immobilier,https://danielfeau.com/fr/detail-agence-immobiliere/3191,+33184797843,,0,immobilier,web,35,,danielfeau.com = réseau Daniel Féau — grand compte,a_verifier,,
6435,"Prestige Investissement - Agence Immobilière Paris 17 - Gestion Locative, Achat, Vente & Location","
47 Av. de Villiers, 75017 Paris, France",Paris,immobilier,https://www.prestigeinvest.fr/,+33140360263,,0,immobilier,web,2,,308 redirect loop (site injoignable),a_verifier,,
6436,Agence immobilière Paris 11 Orpi Nouallet,"
15 Ave Parmentier, 75011 Paris, France",Paris,immobilier,https://calendly.com/nouallet-ambroise-immobilier/,+33155252050,,0,immobilier,web,2,,calendly.com = plateforme RDV — pas de site propre,a_verifier,,
6437,JÉHANNO,"
72 Rue Raymond Losserand, 75014 Paris, France",Paris,immobilier,http://www.laforet.com/agence-immobiliere/paris14losserand?utm_source=google&utm_medium=mybusiness&utm_campaign=Laforet-paris14losserand,+33140528040,,0,immobilier,web,35,,laforet.com = réseau Laforêt — grand compte,a_verifier,,
6438,HAUSSY,"
13 Rue de Turenne, 75004 Paris, France",Paris,immobilier,https://www.espaces-atypiques.com/paris-rive-droite/?utm_campaign=GoogleMyBusiness&utm_medium=Local&utm_source=Google,+33142710384,,0,immobilier,web,35,,espaces-atypiques.com = réseau Espaces Atypiques — grand compte,a_verifier,,
6439,DÉPLOIE,"
4 Av. Philippe Auguste, 75011 Paris, France",Paris,immobilier,https://www.dome-immobilier.fr/,+33143736051,contact@amn-conso.com,0,immobilier,web,1,0,Site moderne,,,
6440,L'Agence Bac Saint Germain Immo Paris 7eme,"
7 Bd Raspail, 75007 Paris, France",Paris,Agence,,+33142223030,,0,Agence,web,5,,"Pas de site, telephone present - a contacter (creation)",a_contacter,,
6441,M. Armani Plombier Paris 13,"
40 Rue des Terres au Curé, 75013 Paris, France",Paris,plomberie_chauffage,https://www.plombier24-7.com/plombier-paris-13-m-armani-plombier,+33186267269,,,plomberie_chauffage,web,2,25,generator_Wix.com Website Builder(+20); no_og(+5),a_verifier,,
6442,VASILE Plombier Paris 15,"
70 Rue Castagnary, 75015 Paris, France",Paris,plomberie_chauffage,,+33187588884,,,plomberie_chauffage,web,5,,"Pas de site, telephone present - a contacter (creation)",a_contacter,,
6443,LG. PLOMBERIE Paris 13,"
38 Rue Dunois, 75013 Paris, France",Paris,plomberie_chauffage,,+33140307890,,,plomberie_chauffage,web,5,,"Pas de site, telephone present - a contacter (creation)",a_contacter,,
6444,Cabinet Céline Zocchetto Avocat Paris,,Paris,avocat,,,,,avocat,web,2,,"Pas de site, pas de telephone - a verifier",a_verifier,,
6445,MARILOU,"
2 Rue des Deux Ponts, 75004 Paris, France",Paris,avocat,https://www.mariloulepage.fr/contact,+33602085379,contact@webflow.com,,avocat,web,1,5,no_webp(+5),,,
6446,Maître Jason ETELBERT | Avocat pénaliste | Barreau de Paris | Paris 9,"
43 Rue Condorcet, 75009 Paris, France",Paris,avocat,https://www.etb-avocats.com/,+33745100000,contact@etb-avocats.com,,avocat,web,1,5,no_favicon(+5),,,
6447,Cabinet A-P,"
41 Rue Réaumur, 75003 Paris, France",Paris,avocat,http://www.cabinet-ap.fr/,+33142771350,contact@cabinet-ap.fr,,avocat,web,3,65,non_responsive(+40); pas_https(+15); no_og(+5); no_webp(+5),a_contacter,,
6448,CABINET D'AVOCATS MAHBOULI PARIS,,Paris,avocat,,,,,avocat,web,2,,"Pas de site, pas de telephone - a verifier",a_verifier,,
6449,LILA,"
61 Bd de Sébastopol, 75001 Paris, France",Paris,avocat,https://www.cabinet-benane-paris.fr/,+33177320990,,,avocat,web,1,5,no_og(+5),,,
6450,AVNER,"
75 Rue de Miromesnil, 75008 Paris, France",Paris,avocat,https://www.doukhan-avocat.fr/,+33188336738,ad@doukhan-avocat.fr,,avocat,web,1,0,Site moderne,,,
6451,BOUGET,"
18 Rue Saint-Marc, 75002 Paris, France",Paris,avocat,https://cabinetbouget.fr/?utm_source=gmb,+33631138542,,,avocat,web,1,15,no_favicon(+5); no_og(+5); no_webp(+5),,,
6452,Kamel DEROUICHE - Avocat pénaliste Paris,"
3 Bd de Sébastopol, 75001 Paris, France",Paris,avocat,https://consultation.avocat.fr/avocat-paris/kamel-derouiche-57001.html,+33634122157,,,avocat,web,35,,consultation.avocat.fr = portail annuaire des avocats — pas le site du cabinet,a_verifier,,
6453,Anne Mileo | Avocat en droit des étrangers | Paris,"
12 Bd de Strasbourg, 75010 Paris, France",Paris,avocat,http://www.annemileoavocat.com/,+33624254072,amileoavocat@gmail.com,,avocat,web,2,20,pas_https(+15); no_webp(+5); WordPress 4.7,a_verifier,,
6454,"Y2G - Expert comptable, Paris 13","
198 Av. de France, 75013 Paris, France",Paris,expertise_comptable,https://calendly.com/ygal-y2gexpertise/prendre-rdv,+33665442158,,,expertise_comptable,web,2,,calendly.com = plateforme RDV — pas de site propre,a_verifier,,
6455,CABINET,"
38 Av. de Wagram, 75008 Paris, France",Paris,expertise_comptable,https://www.fiduciaire-yadan.fr/,+33175444908,y.yadan@fiduciaireyadan.fr,,expertise_comptable,web,1,5,no_favicon(+5),,,
6456,Expert-comptable Paris - EXPERTYM,,Paris,expertise_comptable,,,,,expertise_comptable,web,2,,"Pas de site, pas de telephone - a verifier",a_verifier,,
6457,SECOFI Expert-Comptable Paris,"
24 Rue Godot de Mauroy, 75009 Paris, France",Paris,expertise_comptable,https://www.secofi.fr/,+33142665672,contact@groupe-secofi.fr,,expertise_comptable,web,1,10,no_favicon(+5); no_og(+5),,,
6458,Nexco - Expert Comptable Paris,"
29 Rue du Colisée, 75008 Paris, France",Paris,expertise_comptable,https://calendly.com/raphael-nexco/,+33159133579,,,expertise_comptable,web,2,,calendly.com = plateforme RDV — pas de site propre,a_verifier,,
6459,Expert Comptable Paris Conseil Audit & Expertises | Expert Comptable Paris 17 Nouvelle Génération,"
25 Bd Berthier, 75017 Paris, France",Paris,expertise_comptable,https://calendly.com/ariel-zini/15min,+33973037308,,,expertise_comptable,web,2,,calendly.com = plateforme RDV — pas de site propre,a_verifier,,
6460,DA Expertise Expert Comptable Paris,"
13 Rue Chaudron, 75010 Paris, France",Paris,expertise_comptable,https://calendly.com/daexpertise/15min,+33179733573,,,expertise_comptable,web,2,,calendly.com = plateforme RDV — pas de site propre,a_verifier,,
6461,France expertise Comptable,"
11 Rue Ampère, 75017 Paris, France",Paris,expertise_comptable,http://www.france-expertise.fr/,+33148781347,secretariat@fec-fac.com,,expertise_comptable,web,2,25,pas_https(+15); no_og(+5); no_webp(+5); Drupal 7,a_verifier,,
6462,Expert-comptable à Paris - Numbr,"
15 Rue Auber, 75009 Paris, France",Paris,expertise_comptable,https://numbr.co/rendez-vous-activite-paris/,+33153837830,hello@numbr.co,,expertise_comptable,web,1,0,Site moderne,,,
6463,Expert comptable Paris - Audit-experts,"
24 Av. de Messine, 75008 Paris, France",Paris,expertise_comptable,https://calendly.com/frederic-janvier,+33158222020,,,expertise_comptable,web,2,,calendly.com = plateforme RDV — pas de site propre,a_verifier,,
6464,abkalit peintre en bâtiment Paris,"
201 Rue Lecourbe, 75015 Paris, France",Paris,batiment,http://abkalit-peintre-en-batiment-paris.com/,+33185420652,,,batiment,web,2,15,"403 anti-bot sur toutes variantes (site réel, non analysable); pas_https(+15)",a_verifier,,
6465,"Rénovation SRD MOISE - Peintre Paris, carreleur Paris",,Paris,Peintre,,,,0,Peintre,web,2,,"Pas de site, pas de telephone - a verifier",a_verifier,,
6466,MB DECO,,Paris,Peintre,,,,0,Peintre,web,2,,"Pas de site, pas de telephone - a verifier",a_verifier,,
6467,SERGE,"
103 Av. Philippe Auguste, 75011 Paris, France",Paris,batiment,https://tpr-peinture.com/,+33660492945,,,batiment,web,1,5,no_favicon(+5),,,
6468,PEINTRE TOUPIN PARIS 15,"
75 Rue de Lourmel, 75015 Paris, France",Paris,batiment,https://www.peintre-toupin.fr/,+33623120391,,,batiment,web,1,5,no_favicon(+5),,,
6469,Avenir Rénovations Saint-Germain-en-Laye,"
48 Rue de la Procession, 78600 Maisons-Laffitte, France",Paris,batiment,https://www.avenir-renovations.fr/agence/avenir-renovations-78-saint-germain-en-laye/,+33159300870,,,batiment,web,35,5,avenir-renovations.fr = site réseau/franchise (agence d'un réseau national) — grand compte réseau,a_verifier,,
6470,Entreprise EDOUARD,"
12 Imp. Boutron, 75010 Paris, France",Paris,batiment,http://www.abc-edouard-peinture.fr/?utm_source=gmb,+33140051515,,,batiment,web,2,20,pas_https(+15); no_og(+5),a_verifier,,
6471,Monsieur Peinture,"
137 Rue d'Aboukir, 75002 Paris, France",Paris,batiment,https://calendly.com/monsieur-peinture/telephone,+33757902927,,,batiment,web,2,,calendly.com = plateforme RDV — pas de site propre,a_verifier,,
6472,LEDOLICA (entreprise de peinture Paris),"
99 B Av. du Général Leclerc, 75014 Paris, France",Paris,batiment,http://www.ledolica-peintres-paris.fr/,+33145145263,devis@ledolica.fr,,batiment,web,2,20,pas_https(+15); no_webp(+5); IONOS MyWebsite,a_verifier,,
6473,EXPERT BATIMENT 94,"
54 Av. Rouget de Lisle, 94400 Vitry-sur-Seine, France",Paris,batiment,http://www.vitry-batiment.fr/,+33698820405,,,batiment,web,3,40,pas_https(+15); generator_Wix(+20); no_og(+5),a_contacter,,
6474,Centre des Ostéopathes de Garibaldi,"
302 Rue Garibaldi Rez de chaussée derrière la pharmacie, 69007 Lyon, France",Lyon,sante,https://www.doctolib.fr/cabinet-osteopathie/lyon/centre-des-osteopathes-de-garibaldi-lyon-osteo?pid=practice-164024&utm_source=google_appointment_redirect&utm_campaign=gmb&utm_medium=organic&rwg_token=AFd1xnGS1N_1RlsnuDloY2WHEhZnYiXtu1F8beBp4H0tlv6BkLwcidtNo9k184lxi6WEYPR9QmRifO-uIC_OyisIeUuZA7Cs1A%3D%3D,+33788290667,,,sante,web,2,,doctolib.fr = plateforme — pas de site propre,a_verifier,,
6475,Sébastien Brotel Osteopathe D.O Lyon 3,"
255 Rue Garibaldi, 69003 Lyon, France",Lyon,sante,https://www.doctolib.fr/osteopathe/lyon/sebastien-brotel?pid=practice-11161&utm_source=google_appointment_redirect&utm_campaign=gmb&utm_medium=organic&rwg_token=AFd1xnEfm9k_V6CHmNKoZ4LdTgnYph_bLlvvYFv3-hrcIJ76GbF8RN5O_5q33Y-Y_rB6KmQVhYqCAlU7IRiYYw1OTAJMfn-Z5Q%3D%3D,+33426186250,,,sante,web,2,,doctolib.fr = plateforme — pas de site propre,a_verifier,,
6476,Centre des Ostéopathes de Lyon Ostéo,"
26 Rue Tronchet, 69006 Lyon, France",Lyon,sante,https://www.doctolib.fr/cabinet-osteopathie/lyon/centre-des-osteopathes-foch-lyon-6-lyonosteo?pid=practice-209004&utm_source=google_appointment_redirect&utm_campaign=gmb&utm_medium=organic&rwg_token=AFd1xnEKgoRTyAQ0fdkvlZnkh3Gzosod_86PVdQsPbvaae_xmEIeT0vnbZRxxM3i4UJwRKhxafhb8gnw4EdTfZy9ZbBTubQnYg%3D%3D,+33769981134,,,sante,web,2,,doctolib.fr = plateforme — pas de site propre,a_verifier,,
6477,Cabinet d’ostéopathie Pôle Équilibre et santé Lyon,"
18 Cr Eugénie, 69003 Lyon, France",Lyon,sante,http://www.osteopathe-lyon3.com/,+33472363491,info@osteopathe-lyon3.com,,sante,web,2,25,pas_https(+15); no_favicon(+5); no_webp(+5),a_verifier,,
6478,Cabinet Lyon 2 BELLECOUR - Yllan Lecoq-Zastera OSTEOPATHE D.O,"
14 Rue de la Barre, 69002 Lyon, France",Lyon,sante,https://www.doctolib.fr/osteopathe/lyon/yllan-lecoq-zastera?pid=practice-616732&utm_source=google_appointment_redirect&utm_campaign=gmb&utm_medium=organic&rwg_token=AFd1xnFSiB-6Q4qNBu9PJb-7-sjZBQ9YKUpVcFGYX9uQSZ9h8JPpy4sdJ3lFTYlubGQeZBk5_ixYBIWedGxJGfY5bGnqJpQlkg%3D%3D,+33775723782,,,sante,web,2,,doctolib.fr = plateforme — pas de site propre,a_verifier,,
6479,Ostéopathe Lyon 1 - Loïc Rochand,,Lyon,sante,,,,,sante,web,2,,"Pas de site, pas de telephone - a verifier",a_verifier,,
6480,Marie-Laure Velin Ostéopathe Lyon 3 & Nicolette Pessina,"
2 Rue de l'Humilité, 69003 Lyon, France",Lyon,sante,https://www.doctolib.fr/osteopathe/lyon-/marie-laure-velin?pid=practice-140998&utm_source=google_appointment_redirect&utm_campaign=gmb&utm_medium=organic&rwg_token=AFd1xnGeQJQybX2bw_10Q50-AnBR6GVfJH3zJni_P8j2yaMq09fOsKK9yG8kb6URAXpK0G9zNpEDtvi6TyZYOZaPMcNJ0XocOw%3D%3D,+33611412732,,,sante,web,2,,doctolib.fr = plateforme — pas de site propre,a_verifier,,
6481,Ostéopathe entre Lyon 1er et 4ème - Francis Nyock,"
90 Mnt de la Grande-Côte, 69001 Lyon, France",Lyon,sante,https://www.doctolib.fr/osteopathe/lyon/francis-nyock?pid=practice-110372&utm_source=google_appointment_redirect&utm_campaign=gmb&utm_medium=organic&rwg_token=AFd1xnGTiWv24xplvZa9WCYfSkHutlnzOnjXxWv08jobbHPmuY5e0Ylw32kBZXiMUvHWq6T5G9DVyIWkZAr2C55E1M-7Fdt8JQ%3D%3D,+33981017269,,,sante,web,2,,doctolib.fr = plateforme — pas de site propre,a_verifier,,
6482,Ostéopathe Lyon 1 | Salma Saadallah,"
Coream - Espace santé & bien-être, 22 Rue Pizay, 69001 Lyon, France",Lyon,sante,https://www.doctolib.fr/osteopathe/lyon/salma-saadallah?pid=practice-204027&utm_source=google_appointment_redirect&utm_campaign=gmb&utm_medium=organic&rwg_token=AFd1xnGi8epLn0fVFordYtTmUnSMiffF7KOPChAmRYFv-evLoXeniNtVdzpeCMZ5HHxPrN7u8W74dfSLhOGVRQW6OOoe02KhaQ%3D%3D,+33768067239,,,sante,web,2,,doctolib.fr = plateforme — pas de site propre,a_verifier,,
6483,Guillaume Thevenon - Ostéopathe Lyon 8 Monplaisir,"
9 Rue Saint-Hippolyte, 69008 Lyon, France",Lyon,sante,https://www.doctolib.fr/osteopathe/lyon/guillaume-thevenon?pid=practice-622244&utm_source=google_appointment_redirect&utm_campaign=gmb&utm_medium=organic&rwg_token=AFd1xnEL0-3uIhZiBOqMaYupzFMrrAeGu2SW3z2ksznkRN_TUV8eImbCKv-2clFtiW6KSuHCa3zsZQ5gVRKg6ssLmh3FppEabQ%3D%3D,+33625505023,,,sante,web,2,,doctolib.fr = plateforme — pas de site propre,a_verifier,,
6484,Centre dentaire Paris 13 Château des Rentiers,"
38 Rue du Château des Rentiers, 75013 Paris, France",Paris,sante,https://centre-dentaire-paris-13-chateau-des-rentiers.fr/,+33188614925,,,sante,web,1,5,no_og(+5),,,
6485,Centre Dentaire Paris Voltaire - GranDental,"
206 Bd Voltaire, 75011 Paris, France",Paris,sante,https://www.doctolib.fr/centre-dentaire/paris/centre-dentaire-paris-voltaire-grandental,+33188832222,,,sante,web,2,,doctolib.fr = plateforme — pas de site propre,a_verifier,,
6486,Cabinet dentaire de l’Avenue,"
139 Av. de France, 75013 Paris, France",Paris,sante,https://www.doctolib.fr/dentiste/paris/louise-gotas?pid=practice-73539&utm_source=google_appointment_redirect&utm_campaign=gmb&utm_medium=organic&rwg_token=AFd1xnHzsiyLn7ewfBulbvLz3nSWHBcLpjUwU8cJ5st3hHc88MQBPyqRDRkk28201-mi4b8FSunI3WQRHjzXGlj2eQaSrdBOzw%3D%3D,+33188334941,,,sante,web,2,,doctolib.fr = plateforme — pas de site propre,a_verifier,,
6487,DENTYLIS,"
108 Rue La Fayette, 75010 Paris, France",Paris,sante,https://dentylis.fr/paris/dentistes-paris-10-lafayette/,+33183759045,,,sante,web,35,,dentylis.fr = réseau de centres dentaires — grand compte,a_verifier,,
6488,Dentiste Paris 8 - Dr Laura Zeitoun Saal - Fluorose Dentaire - Implant Dentaire - Facettes dentaires,"
45 Av. George V, 75008 Paris, France",Paris,sante,https://www.doctolib.fr/dentiste/paris/laura-zeitoun-saal,+33140709626,,,sante,web,2,,doctolib.fr = plateforme — pas de site propre,a_verifier,,
6489,Centre Dentaire Paris 12 Gare de Lyon : Dentiste et Cabinet d'orthodontie Paris - Dentego,"
5 Rue de Lyon, 75012 Paris, France",Paris,sante,https://dentego.fr/nos-centres/ile-de-france/centre-dentaire-paris/centre-dentaire-paris-12/,+33189200929,,,sante,web,35,,dentego.fr = réseau de centres dentaires — grand compte,a_verifier,,
6490,Centre dentaire Bastille Paris 4,"
3 Rue Saint-Antoine, 75004 Paris, France",Paris,sante,https://www.doctolib.fr/centre-dentaire/paris/centre-dentaire-bastille?pid=practice-282271&utm_source=google_appointment_redirect&utm_campaign=gmb&utm_medium=organic&rwg_token=AFd1xnHIBezcZYIweVCAB3629qgY_lKU8uVjhImFLuH4WDH-aD-imjUHNf-h2g6xGdUZCUXkCmgiLFOg5h0GsTRzWaYZLB-LhQ%3D%3D,+33184793330,,,sante,web,2,,doctolib.fr = plateforme — pas de site propre,a_verifier,,
6491,Place dentaire Barbès - Centre dentaire paris 18,"
23 Bd Barbès, 75018 Paris, France",Paris,sante,http://centre-dentaire-barbes-75018.fr/,+33142554255,,,sante,web,2,30,pas_https(+15); no_favicon(+5); no_og(+5); no_webp(+5),a_verifier,,
6492,Centre Dentaire Paris 10 Gare du Nord : Dentiste et Cabinet d'orthodontie Paris - Dentego,,Paris,sante,,,,,sante,web,2,,"Pas de site, pas de telephone - a verifier",a_verifier,,
6493,Dentimad - Centre dentaire Chatelet Rivoli Paris 1er,,Paris,sante,,,,,sante,web,2,,"Pas de site, pas de telephone - a verifier",a_verifier,,
6494,Dentimad centre dentaire Paris 8,,Paris,sante,,,,,sante,web,2,,"Pas de site, pas de telephone - a verifier",a_verifier,,
6495,Centre Dentaire Paris 15 Lecourbe : Dentiste Paris - Dentego,"
42 Rue Lecourbe, 75015 Paris, France",Paris,sante,https://dentego.fr/nos-centres/ile-de-france/paris-15/,+33183353060,,,sante,web,35,,dentego.fr = réseau de centres dentaires — grand compte,a_verifier,,
6496,Centre de santé dentaire et médical Paris 11 Richard Lenoir - Dentiste Paris,"
48 Rue Saint-Sébastien, 75011 Paris, France",Paris,sante,https://www.doctolib.fr/centre-dentaire/paris/centre-dentaire-paris-11-richard-lenoir,+33143385555,,,sante,web,2,,doctolib.fr = plateforme — pas de site propre,a_verifier,,
6497,Centre Dentaire Paris Opéra Pyramides,"
13 Av. de l'Opéra, 75001 Paris, France",Paris,sante,https://www.centre-dentaire-opera-paris.fr/,+33153300101,,,sante,web,1,5,no_favicon(+5),,,
6498,SALHI,"
73 Cr Albert Thomas, 69003 Lyon, France",Lyon,plomberie_chauffage,https://chauffageo.fr/,+33613666761,contact@chauffageo.fr,,plomberie_chauffage,web,3,40,non_responsive(+40),a_contacter,,
6499,Thermocom Plomberie,"
33 Quai Arloing CS 10306, 69009 Lyon, France",Lyon,plomberie_chauffage,https://thermocom.fr/,+33638980630,office@thermocom.fr,,plomberie_chauffage,web,1,0,Site moderne,,,
6500,BC Plomberie,"
63 Rue André Bollier, 69007 Lyon, France",Lyon,plomberie_chauffage,,+33658181476,,,plomberie_chauffage,web,5,,"Pas de site, telephone present - a contacter (creation)",a_contacter,,
6501,Qualit'Energies,"
60 Cr Suchet, 69002 Lyon, France",Lyon,plomberie_chauffage,https://www.qualit-energies.fr/,+33613874203,qualitenergies@outlook.fr,,plomberie_chauffage,web,1,10,no_favicon(+5); no_og(+5),,,
6502,GOLBERY,"
21 Av. Lacassagne, 69003 Lyon, France",Lyon,plomberie_chauffage,https://lyon.plomberie-roche.fr/contact-plombier-a-lyon/,+33472070707,etsroche@live.fr,,plomberie_chauffage,web,1,5,no_favicon(+5),,,
6503,Techniciens Lyonnais Plombier & Débouchage Lyon,"
2 Rue d'Algérie, 69001 Lyon, France",Lyon,plomberie_chauffage,http://www.technicienlyonnais.fr/,+33652286815,,,plomberie_chauffage,web,2,20,pas_https(+15); no_webp(+5),a_verifier,,
6504,Dépannage 24 - plomberie chauffage lyon,,Lyon,plomberie_chauffage,,,,,plomberie_chauffage,web,2,,"Pas de site, pas de telephone - a verifier",a_verifier,,
6505,Résoconfort Adag-caladoise,"
19 Rue Bely, 69004 Lyon, France",Lyon,plomberie_chauffage,https://resoconfort.fr/contact/,+33478397616,service.communication@groupeiserba.fr,,plomberie_chauffage,web,35,,resoconfort.fr = groupe Iseba — grand compte,a_verifier,,
6506,ABADOM,"
103 Rue d'Anvers, 69007 Lyon, France",Lyon,plomberie_chauffage,http://www.abadom-plomberie.fr/,+33472720606,,,plomberie_chauffage,web,1,15,pas_https(+15),,,
6507,APAMS,"
46 Rue de la Madeleine, 69007 Lyon, France",Lyon,plomberie_chauffage,https://www.apams-plomberie.fr/,+33684454667,apams-plomberie@hotmail.fr,,plomberie_chauffage,web,1,10,no_og(+5); no_webp(+5),,,
6508,Plombier Paris – PCA BAT | Dépannage 24h/24,"
234 Rue de Crimée, 75019 Paris, France",Paris,plomberie_chauffage,https://www.pcabat.fr/,+33759997625,contactpro.pcabat@gmail.com,,plomberie_chauffage,web,1,5,no_favicon(+5),,,
6509,Plombier André Paris 18,"
39 bis Rue Championnet, 75018 Paris, France",Paris,plomberie_chauffage,https://www.plombier-paris18.fr/,+33185092343,artandredepannage@gmail.com,,plomberie_chauffage,web,1,10,no_og(+5); no_webp(+5),,,
6510,Plombier Atelier Albert Paris 17,"
21 Rue Descombes, 75017 Paris, France",Paris,plomberie_chauffage,https://www.atelieralbert-plombier-paris17.fr/,+33142279514,,,plomberie_chauffage,web,1,5,no_og(+5),,,
6511,PLOMBIER S.R PARIS,"
20 All. Darius Milhaud, 75019 Paris, France",Paris,plomberie_chauffage,https://plombier-sr-paris.fr/,+33780977703,artisan.2909@gmail.com,,plomberie_chauffage,web,1,0,Site moderne,,,
6512,BTM PRO - Plomberie Chauffage et Clim,"
10 Rue Greneta, 75003 Paris, France",Paris,plomberie_chauffage,https://btm-pro.fr/plombier-paris/,+33780972526,,,plomberie_chauffage,web,1,5,no_favicon(+5),,,
6513,ANDRÉ,"
21 Rue Davy, 75017 Paris, France",Paris,plomberie_chauffage,https://www.plombierparis.fr/,+33188325693,,,plomberie_chauffage,web,1,0,Site moderne,,,
6514,Fontaine Plomberie Paris 3,"
Rue de Turenne, 75003 Paris, France",Paris,plomberie_chauffage,https://fontaineplombierparis3.fr/,+33189473812,,,plomberie_chauffage,web,1,0,Site moderne,,,
6515,Plombier André,"
65 Rue Blomet, 75015 Paris, France",Paris,plomberie_chauffage,http://plombierparis15pascher.fr/,+33144720849,,,plomberie_chauffage,web,2,20,pas_https(+15); no_webp(+5),a_verifier,,
6516,L'Atelier du Plombier Paris,"
100 Rue Alexandre Dumas, 75020 Paris, France",Paris,plomberie_chauffage,https://atelierduplombier.com/,+33188273976,services@atelier-du-plombier.com,,plomberie_chauffage,web,1,0,Site moderne,,,
6517,BENISTY,"
95 rue Sedaine, 3 Ave Parmentier, 75011 Paris, France",Paris,plomberie_chauffage,https://artisan-emmanuel.fr/demande-de-devis/,+33185083034,,,plomberie_chauffage,web,2,40,non_responsive(+40),a_verifier,,
6518,Leroy plombier Paris 16,,Paris,plomberie_chauffage,,,,,plomberie_chauffage,web,2,,"Pas de site, pas de telephone - a verifier",a_verifier,,
6519,Arti-Pro Plombier,"
1 Rue de l'Assomption, 75016 Paris, France",Paris,plomberie_chauffage,https://artipro-plomberie.fr/,+33140502626,,,plomberie_chauffage,web,1,10,no_favicon(+5); no_og(+5),,,
6520,La Plomberie du Ruisseau - Plombier Paris 18,"
35 Rue du Ruisseau, 75018 Paris, France",Paris,plomberie_chauffage,http://www.laplomberieduruisseau.fr/,+33142230540,,,plomberie_chauffage,web,2,65,non_responsive(+40); pas_https(+15); no_og(+5); no_webp(+5),a_verifier,,
6521,Artisan Bernard Paris 9 - Plombier et Chauffagiste,"
9 Rue Notre Dame des Victoires, 75002 Paris, France",Paris,plomberie_chauffage,https://artisan-bernard-paris-9.fr/,+33186619162,,,plomberie_chauffage,web,2,,"403 anti-bot (site réel, non analysable)",a_verifier,,
6522,MUSY,"
26 - 28 Rue du Mail, 69004 Lyon, France",Lyon,concessionnaires_auto,http://www.eurorepar.fr/garage-garage_du_mail-823.html,+33478295314,,0,concessionnaires_auto,web,35,,eurorepar.fr = réseau Eurorepar — grand compte,a_verifier,,
6523,GARAGE PIEGAY,"
9 Rue Duhamel, 69002 Lyon, France",Lyon,concessionnaires_auto,,+33472770970,,0,concessionnaires_auto,web,5,,"Pas de site, telephone present - a contacter (creation)",a_contacter,,
6524,Midas LYON TETE D'OR,"
115-117 Rue Sully, 69006 Lyon, France",Lyon,concessionnaires_auto,https://www.midas.fr/centres-auto-midas/auvergne-rhone-alpes/rhone/lyon/lyon-tete-dor_1614,+33428012120,,0,concessionnaires_auto,web,35,,midas.fr = réseau Midas — grand compte,a_verifier,,
6525,LukasAutos,"
111 Rue André Bollier, 69007 Lyon, France",Lyon,concessionnaires_auto,https://lukasautos69.wixsite.com/garage,+33478613268,,0,concessionnaires_auto,web,2,25,generator_Wix.com Website Builder(+20); no_og(+5); site hébergé sur wixsite.com (gratuit),a_verifier,,
6526,Auto Lyon Reparation,"
32 Chem. de Chantegrillet, 69110 Sainte-Foy-lès-Lyon, France",Lyon,concessionnaires_auto,,+33472570786,,0,concessionnaires_auto,web,5,,"Pas de site, telephone present - a contacter (creation)",a_contacter,,
6527,Garage Cabias - Motrio,"
2 Av. Cabias, 69004 Lyon, France",Lyon,concessionnaires_auto,https://motrio.fr/shop/GARAGE%20CABIAS/ESTFRA22.03C2F7,+33478270075,,0,concessionnaires_auto,web,35,,motrio.fr = réseau Motrio — grand compte,a_verifier,,
6528,CHOPELIN,"
18 TER, 20 Rue Jean Chevailler, 69008 Lyon, France",Lyon,concessionnaires_auto,https://reseau.garage-premier.fr/5695-fred-auto,+33478758893,,0,concessionnaires_auto,web,35,,reseau.garage-premier.fr = réseau Garage Premier — grand compte,a_verifier,,
6529,BORSA,"
14 Rue du Général de Miribel, 69007 Lyon, France",Lyon,concessionnaires_auto,https://www.idgarages.com/garage/lyon/GB32789_garage-doct-auto?rwg_token=AFd1xnGsqvJdE99o1Ef2WMl_5k9tQbAZs9sKhvvFFtSLe7t7wqqAbOK4PQ4619LzY8nmX5o-5HUcHu4tKnnlZGqbOUQoMebUnw%3D%3D,+33658186006,,0,concessionnaires_auto,web,2,,idgarages.com = annuaire garages — pas de site propre,a_verifier,,
6530,Garage Auto Alliance,"
106 Rue André Bollier, 69007 Lyon, France",Lyon,concessionnaires_auto,,+33472718631,,0,concessionnaires_auto,web,5,,"Pas de site, telephone present - a contacter (creation)",a_contacter,,
6531,CHOPELIN,"
15 Rue de la Rize, 69003 Lyon, France",Lyon,concessionnaires_auto,https://www.garage-premier.fr/rendez-vous/?rdv=CUST-IN0546&mtm_campaign=rdv-google&mtm_kwd=garage-premier,+33478953930,,0,concessionnaires_auto,web,35,,garage-premier.fr = réseau — grand compte,a_verifier,,
6532,Garage Saint-Antoine,"
51 Rue Saint-Antoine, 69003 Lyon, France",Lyon,concessionnaires_auto,,+33660666969,,0,concessionnaires_auto,web,5,,"Pas de site, telephone present - a contacter (creation)",a_contacter,,
6533,GARIBALDI,"
3 Rue de l'Abbé-Boisard, 69007 Lyon, France",Lyon,concessionnaires_auto,https://www.prestigegaribaldi.fr/,+33478611350,prestigegaribaldi@gmail.com,0,concessionnaires_auto,web,1,0,Site moderne,,,
6534,Motrio - Garage Saint Michel,"
50 Rue Saint-Michel, 69007 Lyon, France",Lyon,concessionnaires_auto,https://www.motrio.fr/garage-reparateur/garage-saint-michel-3408,+33478723086,,0,concessionnaires_auto,web,35,,motrio.fr = réseau Motrio — grand compte,a_verifier,,
6535,Garage L'Automobile,"
6 Av. Leclerc, 69007 Lyon, France",Lyon,concessionnaires_auto,,+33478586261,,0,concessionnaires_auto,web,5,,"Pas de site, telephone present - a contacter (creation)",a_contacter,,
6536,DEGUILLIEN,"
208 Gd Rue de la Guillotière, 69007 Lyon, France",Lyon,concessionnaires_auto,http://www.garage-deguillien.fr/,+33478692035,,0,concessionnaires_auto,web,3,65,non_responsive(+40); pas_https(+15); no_og(+5); no_webp(+5),a_contacter,,
6537,F2TAG PARIS,"
210 Av. de Versailles, 75016 Paris, France",Paris,concessionnaires_auto,http://www.f2tag.com/,+33788226861,,0,concessionnaires_auto,web,2,30,pas_https(+15); no_favicon(+5); no_og(+5); no_webp(+5),a_verifier,,
6538,MOTORS,"
200 Rue de la Croix Nivert, 75015 Paris, France",Paris,concessionnaires_auto,http://www.cash-auto-france.fr/,+33688048846,noorimotors75@gmail.com,0,concessionnaires_auto,web,1,15,pas_https(+15),,,
6539,Paris Luxury Automobiles,,Paris,concessionnaires_auto,,,,0,concessionnaires_auto,web,2,,"Pas de site, pas de telephone - a verifier",a_verifier,,
6540,Edouard Automobiles,"
28 Av. de Saint-Mandé Parking Iptrans, 75012 Paris, France",Paris,concessionnaires_auto,https://www.leboncoin.fr/boutique/53427/edouard_automobiles.htm/,+33750442781,,0,concessionnaires_auto,web,2,,leboncoin.fr = marketplace annonces — pas de site propre,a_verifier,,
6541,Auto Switch Paris 16,"
16 Rue Vital, 75116 Paris, France",Paris,concessionnaires_auto,https://autoswitchparis.com/,+33763246439,,0,concessionnaires_auto,web,1,10,no_favicon(+5); no_og(+5),,,
6542,Automotive.fr - Achat vente de véhicules,"
3-5 Rue Edouard Robert, 75012 Paris, France",Paris,concessionnaires_auto,https://automotive.fr/,+33772239456,,0,concessionnaires_auto,web,4,100,timeout + connexion fermée (site injoignable),a_contacter,,
6543,Williamson Automobiles,"
11-13 Av. de Friedland, 75008 Paris, France",Paris,concessionnaires_auto,https://www.williamson-automobiles.com/,+33186042856,contact@williamson-automobiles.com,0,concessionnaires_auto,web,1,5,no_og(+5),,,
6544,BK Luxury Paris,"
10 Pl. Vendôme, 75001 Paris, France",Paris,concessionnaires_auto,http://bkluxury.fr/,+33173024997,contact@bkluxury.com,0,concessionnaires_auto,web,2,25,pas_https(+15); no_favicon(+5); no_og(+5),a_verifier,,
6545,SPOTICAR STELLANTIS &YOU PARIS PORTE DE VERSAILLES,,Paris,concessionnaires_auto,,,,0,concessionnaires_auto,web,2,,"Pas de site, pas de telephone - a verifier",a_verifier,,
6546,SELLING CAR,"
32 Rue du Laos, 75015 Paris, France",Paris,concessionnaires_auto,https://sellingcarparis.fr/fr,+33142508088,,0,concessionnaires_auto,web,1,0,Site moderne,,,
6547,CASTING AUTOMOBILES PARIS 16 - MURAT,"
58 Bd Murat, 75016 Paris, France",Paris,concessionnaires_auto,http://castingautomobiles.com/,+33146511000,,0,concessionnaires_auto,web,2,,403 + erreur connexion (anti-bot) — non analysable,a_verifier,,
6548,AUTOMOBILES,"
42 Rue Laugier, 75017 Paris, France",Paris,concessionnaires_auto,https://www.laugierautomobiles.com/,+33145775667,contact@laugierautomobiles.com,0,concessionnaires_auto,web,1,5,no_og(+5),,,
6549,Toyota Paris 5 - Groupe Autosphere,"
58 Bd Saint-Marcel, 75005 Paris, France",Paris,concessionnaires_auto,https://www.mon-entretien.com/sivam/toyotasivambyautosphereparis5/,+33155435500,,0,concessionnaires_auto,web,35,,mon-entretien.com = groupe Autosphere — grand compte,a_verifier,,
6550,Paris espace automobile,"
37 Rue Letort, 75018 Paris, France",Paris,concessionnaires_auto,http://www.parisespaceautomobile.fr/,+33951559689,,0,concessionnaires_auto,web,2,20,pas_https(+15); no_favicon(+5),a_verifier,,
6551,Paris Prestige Cars,"
79 Av. Marceau, 75116 Paris, France",Paris,concessionnaires_auto,http://www.parisprestigecars.fr/,+33147209090,contact@parisprestigecars.fr,0,concessionnaires_auto,web,4,100,HTTP 503 persistant (site down),a_contacter,,
6552,KeepSchool - Formation Professionnelle,"
40 Rue du Louvre, 75001 Paris, France",Paris,ecoles_formation,https://calendly.com/formation-keepschool/15min,+33963566090,,0,ecoles_formation,web,2,,calendly.com = plateforme RDV — pas de site propre,a_verifier,,
6553,Archipel Formation Professionnelle,"
11 Rue Tronchet, 75008 Paris, France",Paris,ecoles_formation,https://www.archipel-formation.com/,+33142650042,42direction@archipel-formation.com,0,ecoles_formation,web,1,10,no_favicon(+5); no_og(+5),,,
6554,Centre de Formation Professionnelle Continue en Ostéopathie et Thérapies Manuelles,"
11 Rue de la Vistule, 75013 Paris, France",Paris,ecoles_formation,https://www.cfpco.fr/,+33628337093,,0,ecoles_formation,web,2,25,tables_x10(+20); no_webp(+5),a_verifier,,
6555,Centre de Formation agrée CSE - Paris,"
3 B Rue Taylor, 75010 Paris, France",Paris,ecoles_formation,https://www.centre-agree-cse.fr/formation-cse-75,+33185480028,contact@centre-agree-cse.fr,0,ecoles_formation,web,1,5,no_favicon(+5),,,
6556,PEYRARD,"
47 Rue de la Chau. d'Antin, 75009 Paris, France",Paris,ecoles_formation,https://etoiles.academy/,+33782864830,eric@etoiles.academy,0,ecoles_formation,web,1,0,Site moderne,,,
6557,ÉRIC,"
46 Rue du Faubourg Saint-Martin, 75010 Paris, France",Paris,ecoles_formation,https://www.belformation.fr/contact/,+33177378024,contact@upweb-agency.fr,0,ecoles_formation,web,1,0,Site moderne,,,
6558,RIOCHE,"
22 Pl. de Catalogne, 75014 Paris, France",Paris,ecoles_formation,https://www.gereso.com/,+33800400460,dpo@gereso.fr,0,ecoles_formation,web,35,,gereso.com = grand compte,a_verifier,,
6559,CONFORMÉMENT,"
100 Rue La Fayette, 75010 Paris, France",Paris,ecoles_formation,http://www.softec.fr/centre-formation-paris,+33241433822,info@softec.fr,0,ecoles_formation,web,1,15,pas_https(+15),,,
6560,Aprentiv' | Conseil et Formation Professionnelle,"
47 Rue Vivienne, 75002 Paris, France",Paris,ecoles_formation,https://www.aprentiv.com/,+33140419271,,0,ecoles_formation,web,2,,"403 anti-bot (site réel, non analysable)",a_verifier,,
6561,Dr Romain Aimard Chirurgie Esthétique Lyon - Saint Etienne,"
46 Cr Franklin Roosevelt, 69006 Lyon, France",Lyon,cliniques_esthetiques,https://www.doctolib.fr/chirurgien-plastique/lyon/romain-aimard?pid=practice-139159&utm_source=google_appointment_redirect&utm_campaign=gmb&utm_medium=organic&rwg_token=AFd1xnFEuzddqTh1D9heYob7dPx4iUcimZAM7F7BNHq-cqI9S66m44ClmUD_PxgMvWuczhiWg49XYahghQHb0azu0-AtCB2buw%3D%3D,+33786298044,,0,cliniques_esthetiques,web,2,,doctolib.fr = plateforme — pas de site propre,a_verifier,,
6562,"Dr Rana DBOUK, Médecine Esthétique & Epilation Laser","
60 Cr Franklin Roosevelt, 69006 Lyon, France",Lyon,cliniques_esthetiques,https://www.doctolib.fr/medecin-generaliste/lyon/rana-dbouk?pid=practice-608530&utm_source=google_appointment_redirect&utm_campaign=gmb&utm_medium=organic&rwg_token=AFd1xnGHObEJ5zu47dubxhbQVi1-I_QAQsu6tORLn1VIZNBdj7N8EreYZD0E7eHGQoRkXxtcRvjkrcdlTM6oz6UFAog7Wn3WQQ%3D%3D,+33472752623,,0,cliniques_esthetiques,web,2,,doctolib.fr = plateforme — pas de site propre,a_verifier,,
6563,Dr BELFKIRA Fouad,,Lyon,cliniques_esthetiques,,,,0,cliniques_esthetiques,web,2,,"Pas de site, pas de telephone - a verifier",a_verifier,,
6564,Dr Dlimi - Chirurgien esthétique à Lyon et Genève,"
38 Rue Malesherbes, 69006 Lyon, France",Lyon,cliniques_esthetiques,https://www.doctolib.fr/chirurgien-plastique/lyon/chrif-dlimi?pid=practice-636428&utm_source=google_appointment_redirect&utm_campaign=gmb&utm_medium=organic&rwg_token=AFd1xnH3sMp8B77_4angHHmQZGOES6ftDTHI7C9nK0SJHHlzXyiGqDOCpXqjeVpUP5E6c6FyS997S_Te_b-7WLgZ-8QBOlSqEA%3D%3D,+33482756889,,0,cliniques_esthetiques,web,2,,doctolib.fr = plateforme — pas de site propre,a_verifier,,
6565,Clinique des Champs Elysées Lyon - Médecine esthétique,,Lyon,cliniques_esthetiques,,,,0,cliniques_esthetiques,web,2,,"Pas de site, pas de telephone - a verifier",a_verifier,,
6566,BERTRAND,"
36 Cr Franklin Roosevelt, 69006 Lyon, France",Lyon,cliniques_esthetiques,https://www.dr-durantet.com/contact/prise-de-rendez-vous/,+33437425380,,0,cliniques_esthetiques,web,2,0,Site moderne — doublon avec liste_57/6943 (dr-durantet),a_verifier,,
6567,Dr Gérard Rivalier - Médecin morphologue et anti-âge,"
4 Rue d'Enghien, 69002 Lyon, France",Lyon,cliniques_esthetiques,https://www.doctolib.fr/medecine-morphologique-et-anti-age/eaubonne/gerard-rivalier?pid=practice-69991&utm_source=google_appointment_redirect&utm_campaign=gmb&utm_medium=organic&rwg_token=AFd1xnFcTFwT-zcObpzANdO1RlkyXfokfFDwOiL7vzBvZpaGM4SL-EhGViKMrWLtDDbH638sjkvBTb99elTdXC2rgW3JPVmAtQ%3D%3D,+33478598679,,0,cliniques_esthetiques,web,2,,doctolib.fr = plateforme — pas de site propre,a_verifier,,
6568,Dr Victor NGUYEN - Médecine Esthétique LYON,"
4 Rue Auguste Comte, 69002 Lyon, France",Lyon,cliniques_esthetiques,https://www.doctolib.fr/medecin-generaliste/lyon/victor-nguyen?pid=practice-368608&utm_source=google_appointment_redirect&utm_campaign=gmb&utm_medium=organic&rwg_token=AFd1xnGfseTlGejcBY-MRxw6SYup1dmfbMeB-BnGrJu9SLVsR8wMnhfFlOkb98xngja2j080ftoXIZ7lzB3X8Qji4GfHZhVAdA%3D%3D,+33982451111,,0,cliniques_esthetiques,web,2,,doctolib.fr = plateforme — pas de site propre,a_verifier,,
6569,"Le Studio du Drainage | Drainage lymphatique Méthode Renata França®, Paris 4e | Gautier FRANÇOIS","
11 Bd Morland, 75004 Paris, France",Paris,cliniques_esthetiques,https://www.studio-du-drainage.com/?utm_source=google&utm_medium=wix_google_business_profile&utm_campaign=15702616812981968009,+33686423737,,0,cliniques_esthetiques,web,2,25,Wix generator(+20); no_og(+5),a_verifier,,
6570,Clinique Esthétique Paris Etoile,"
12 bis Rue Beaujon, 75008 Paris, France",Paris,cliniques_esthetiques,https://www.cliniqueesthetiqueparisetoile.fr/,+33156640304,cliniqueesthetiqueparisetoile@gmail.com,0,cliniques_esthetiques,web,4,100,"DNS fail — site mort, email=gmail",a_contacter,,
6571,Dr Vincent Nguyen - Chirurgien esthétique à Paris,,Paris,cliniques_esthetiques,,,,0,cliniques_esthetiques,web,2,,"Pas de site, pas de telephone - a verifier",a_verifier,,
6572,EstheClinic Paris 2e - Sentier,"
21 Rue des Jeuneurs, 75002 Paris, France",Paris,cliniques_esthetiques,https://rdv.estheclinic.fr/webstoreNew/services/77a3504c-a621-40b8-baf5-5eb84f566386?merchantId=77a3504c-a621-40b8-baf5-5eb84f566386&booking_source=booknow&booking_medium=google&rwg_token=AFd1xnHBncAc94Qmty-lI93_rUYTl_1GvZhTv9c7Wgtf6c0owEEZQ9RRXji2TfqtUeXiINSFu79FZOQvs0hjERtQGKne4AQy1A%3D%3D,+33142332114,,0,cliniques_esthetiques,web,35,,"Plateforme de réservation EstheClinic (réseau de centres esthétiques) — pas le site propre du centre, grand compte réseau",a_verifier,,
6573,CENTRE DU CHAMP DE MARS - EIFFEL Médecine esthétique et laser,,Paris,cliniques_esthetiques,,,,0,cliniques_esthetiques,web,2,,"Pas de site, pas de telephone - a verifier",a_verifier,,
6574,CLINICA,"
19 Rue de Bassano, 75116 Paris, France",Paris,cliniques_esthetiques,https://clinica.fr/,+33145511000,,0,cliniques_esthetiques,web,1,5,no_favicon(+5),,,
6575,Clinique des Champs Elysées Paris 12ème Reuilly - Médecine esthétique,,Paris,cliniques_esthetiques,,,,0,cliniques_esthetiques,web,2,,"Pas de site, pas de telephone - a verifier",a_verifier,,
6576,Clinique Eiffel Paris - Chirurgie et médecine esthétique près du Trocadéro,,Paris,cliniques_esthetiques,,,,0,cliniques_esthetiques,web,2,,"Pas de site, pas de telephone - a verifier",a_verifier,,
6577,Clinique des Champs Elysées Paris 3ème Sébastopol - Médecine esthétique,,Paris,cliniques_esthetiques,,,,0,cliniques_esthetiques,web,2,,"Pas de site, pas de telephone - a verifier",a_verifier,,
6578,Clinique des Champs Elysées Paris - Chirurgie et médecine esthétique,,Paris,cliniques_esthetiques,,,,0,cliniques_esthetiques,web,2,,"Pas de site, pas de telephone - a verifier",a_verifier,,
6579,CONSEIL PRET IMMO,"
51 Cr de la Liberté, 69003 Lyon, France",Lyon,courtage,https://www.conseilpretimmo.fr/,+33975442378,,0,courtage,web,1,0,Site moderne,,,
6580,CAP CREDIT Groupe Artémis Courtage LYON,"
15 Rue des Archers, 69002 Lyon, France",Lyon,courtage,http://capcredit.fr/,+33412053322,,0,courtage,web,3,40,pas_https(+15); generator_Wix.com Website Builder(+20); no_og(+5),a_contacter,,
6581,BEUVELET,"
4 Rue Bossuet, 69006 Lyon, France",Lyon,courtage,https://www.inandfi-credits.fr/credit-lyon-6/,+33687219722,,0,courtage,web,35,,inandfi-credits.fr = réseau In&Fi — grand compte,a_verifier,,
6582,Empruntis Lyon Ouest courtier en crédit immobilier,,Lyon,courtage,,,,0,courtage,web,2,,"Pas de site, pas de telephone - a verifier",a_verifier,,
6583,KARAM,"
24 Rue de la République, 69002 Lyon, France",Lyon,courtage,https://www.lacentraledefinancement.fr/agences/pret-immobilier-lyon-69000/,+33482535222,,0,courtage,web,35,,lacentraledefinancement.fr = réseau — grand compte,a_verifier,,
6584,BEUVELET,"
6 bis Rue Masaryk, 69009 Lyon, France",Lyon,courtage,https://www.inandfi-credits.fr/courtier/lyon-ouest,+33478354617,,0,courtage,web,35,,inandfi-credits.fr = réseau In&Fi — grand compte,a_verifier,,
6585,Immoprêt Paris Le Marais - République (ex Ace Crédit) - Courtier en prêt immobilier,,Paris,Agence immobilière,,,,0,Agence immobilière,web,2,,"Pas de site, pas de telephone - a verifier",a_verifier,,
6586,Immoprêt Paris Centre - courtier en prêt immobilier,"
2 Rue Jean Lantier, 75001 Paris, France",Paris,courtage,https://www.immopret.fr/nos-agences/courtier-immobilier-paris-11/,+33185099149,,0,courtage,web,35,,immopret.fr = réseau Immoprêt — grand compte,a_verifier,,
6587,RÉCLAMATION,"
112 Av. Ledru Rollin, 75011 Paris, France",Paris,courtage,https://www.empruntis.com/agences/courtier-immobilier-paris-11-bastille-1049.php,+33184796059,,0,courtage,web,35,,empruntis.com = réseau Empruntis — grand compte,a_verifier,,
6588,YMANCI PARIS 09 COURTIER EN CREDIT IMMOBILIER,"
88 Rue de Provence, 75009 Paris, France",Paris,courtage,https://ymanci.fr/agences/courtier-paris-9,+33623919143,,0,courtage,web,35,,ymanci.fr = réseau Ymanci — grand compte,a_verifier,,
6589,Meilleurtaux Paris 1 courtier en crédit immobilier,"
49 Rue Saint-Roch, 75001 Paris, France",Paris,courtage,https://www.meilleurtaux.com/a-propos-de-meilleurtaux/toutes-nos-agences-en-france/courtier-paris-1.html,+33140139999,,0,courtage,web,35,,meilleurtaux.com = réseau Meilleurtaux — grand compte,a_verifier,,
6590,"Prelys Courtage, Courtier immobilier à Paris","
44 Rue des Entrepreneurs, 75015 Paris, France",Paris,courtage,https://www.courtier-immobilier.paris/,+33980800401,,0,courtage,web,1,0,Site moderne,,,
6591,ZEPRET courtier en crédit immobilier,"
24 Rue Visconti, 75006 Paris, France",Paris,courtage,http://www.zepret.fr/,+33667498858,,0,courtage,web,2,20,pas_https(+15); no_favicon(+5),a_verifier,,
6592,PIERRE,"
11 Rue de la Chine, 75020 Paris, France",Paris,courtage,"https://www.empruntis-agence.com/nos-agences/informations-courtage-immobilier-paris-20-est,549",+33142236610,,0,courtage,web,35,,empruntis-agence.com = réseau Empruntis — grand compte,a_verifier,,
6593,HelloPrêt,"
9 Rue Scribe, 75009 Paris, France",Paris,courtage,https://www.doctolib.fr/osteopathe/paris/camille-rustant?pid=practice-760258&utm_source=google_appointment_redirect&utm_campaign=gmb&utm_medium=organic&rwg_token=AFd1xnGVY9nYGJJx8ZYmw4XLxET2ytuu2X2_MiGfrGScNoxFcbXpQ6VLby1-B5GG_OzWVzZxOCCJRFibBOZqHSetoMxmGtASXw%3D%3D,,,0,courtage,web,2,,doctolib.fr = plateforme — pas de site propre,a_verifier,,
6594,DZIRI,"
12 Rue François Miron, 75004 Paris, France",Paris,courtage,https://hellocourtier.fr/,+33184250050,hello@hellocourtier.fr,0,courtage,web,1,5,no_favicon(+5),,,
6595,"ERA IMMOBILIER MARSEILLE NORD- SYNDIC, GESTION LOCATIVE et TRANSACTION","
62 Av. de Boisbaudran, 13015 Marseille, France",Marseille,immobilier,https://www.erafrance.com/groupes/era-etang-de-berre-43,+33465010662,,0,immobilier,web,35,,erafrance.com = réseau ERA - grand compte,a_verifier,,
6596,AIXTY Marseille Immobilier - Agence immobilière pour la Transaction ( Vente - Achat ) - Gestion - Investissement immobilier,"
7 Rue Pascal Ruinat, 13005 Marseille, France",Marseille,immobilier,https://aixty.com/,+33491588003,contact@aixty.com,0,immobilier,web,1,5,no_webp(+5),,,
6597,https://estimation-immobiliere-marseille.fr/,,Marseille,immobilier,https://estimation-immobiliere-marseille.fr/,+33782402998,contact@estimation-immobiliere-marseille.fr,0,immobilier,web,1,0,Site moderne,,,
6598,IMMOBILIER,"
241 Cor Président John Fitzgerald Kennedy, 13007 Marseille, France",Marseille,immobilier,https://gabastonimmobilier.fr/fr/,+33766283263,,0,immobilier,web,1,5,no_webp(+5),,,
6599,Café de l'immo,"
100 Bd Vauban, 13006 Marseille, France",Marseille,immobilier,https://www.cafedelimmo.com/,+33652910106,,0,immobilier,web,35,,cafedelimmo.com = réseau Café de limmo — grand compte,a_verifier,,
6600,ART DE L'IMMOBILIER - agence immobilière Marseille 13013 Allauch Plan de Cuques,"
28 Bd Bara, 13013 Marseille, France",Marseille,immobilier,http://www.art-de-immobilier.com/,+33611759651,coralinebetta@live.fr,0,immobilier,web,1,15,pas_https(+15),,,
6601,KLEIN,"
22 Av. Pasteur, 13007 Marseille, France",Marseille,immobilier,http://www.homeshop.fr/,+33496179096,,0,immobilier,web,35,,homeshop.fr = réseau Homeshop — grand compte,a_verifier,,
6602,ERA Immo du Parc,"
19 Rue Maréchal Fayolle, 13004 Marseille, France",Marseille,immobilier,https://www.erafrance.com/agence-immobiliere-marseille-04-4-2337,+33484888404,,0,immobilier,web,35,,erafrance.com = réseau ERA - grand compte,a_verifier,,
6603,Connexion Immobilier - Belle de Mai (Marseille 3ème),"
115 Rue Belle de Mai, 13003 Marseille, France",Marseille,immobilier,http://www.connexion-immobilier.com/,+33496122474,,0,immobilier,web,2,20,pas_https(+15); no_favicon(+5),a_verifier,,
6604,CAMPUZAN,"
35 Rue Saint-Jacques, 13006 Marseille, France",Marseille,immobilier,http://www.mymarseille.com/,+33484251325,,0,immobilier,web,2,25,pas_https(+15); no_favicon(+5); no_og(+5),a_verifier,,
6605,Green Home Immobilier Cinq Avenues - Agence Immobilière Marseille 4,"
1 Rue Fondère, 13004 Marseille, France",Marseille,immobilier,http://www.greenhomeimmobilier.fr/,0496124845,contact@greenhomeimmobilier.fr,0,immobilier,web,2,25,pas_https(+15); no_og(+5); no_webp(+5),a_verifier,,
6606,Reina Immobilier,"
15 Av. de Saint-Julien, 13012 Marseille, France",Marseille,immobilier,http://www.reinaimmo.com/,+33491432585,contact@reinaimmo.com,0,immobilier,web,2,20,pas_https(+15); no_webp(+5),a_verifier,,
6607,AMAR,,Marseille,immobilier,https://www.xn--estimation-immobilire-marseille-wzc.fr/,+33664019789,benjamin.amar23@gmail.com,0,immobilier,web,1,5,no_favicon(+5),,,
6608,L'AGENCE | Agence Immobilière Lyon,"
119 Rue Garibaldi, 69006 Lyon, France",Lyon,immobilier,https://www.lagencell.fr/,+33478656510,,0,immobilier,web,1,0,Site moderne,,,
6609,NOVEA Immobilier Lyon 6,"
108 rue de créqui, 54 Rue Cuvier, 69006 Lyon, France",Lyon,immobilier,https://noveaimmobilier.simplybook.it/v2/#book,+33437729536,,0,immobilier,web,2,,noveaimmobilier.simplybook.it = plateforme de réservation — pas de site propre,a_verifier,,
6610,BRENIERE,"
5 Quai Romain Rolland, 69005 Lyon, France",Lyon,immobilier,https://www.novea-immobilier.fr/,+33426071096,,0,immobilier,web,1,0,Site moderne,,,
6611,STANISLAS,"
4 Pl. Amédée Bonnet, 69002 Lyon, France",Lyon,immobilier,https://www.hosman.co/l/agence-immobiliere-lyon,+33465842695,contact@hosman.co,0,immobilier,web,35,,hosman.co = réseau Hosman — grand compte,a_verifier,,
6612,HOQUET,"
72 Rue Tronchet, 69006 Lyon, France",Lyon,immobilier,https://lyon-6-rhone.guy-hoquet.com/,+33487918959,,0,immobilier,web,35,,guy-hoquet.com = réseau Guy Hoquet — grand compte,a_verifier,,
6613,Pierre de Lune Immobilier,"
50 Quai Saint-Vincent, 69001 Lyon, France",Lyon,immobilier,https://pierre-de-lune-immobilier.fr/contact/,+33982580680,,0,immobilier,web,2,,"403 anti-bot (site réel, non analysable)",a_verifier,,
6614,Grand Lyon Immobilier,"
25 Rue Vauban, 69006 Lyon, France",Lyon,immobilier,http://www.grand-lyon-immobilier.fr/,+33981689689,,0,immobilier,web,2,20,pas_https(+15); no_og(+5),a_verifier,,
6615,Agence immobilière Laforêt Lyon 2Eme,"
24 bis Pl. Bellecour, 69002 Lyon, France",Lyon,immobilier,https://www.laforet.com/agence-immobiliere/lyon2?utm_source=google&utm_medium=mybusiness,+33478422525,,0,immobilier,web,35,,laforet.com = réseau Laforêt — grand compte,a_verifier,,
6616,LUXURY PROPERTIES | The French Luxury Real Estate Society,"
179 Bd Haussmann, 75008 Paris, France",Paris,immobilier,http://www.luxuryproperties.fr/,+33156881515,contact@luxuryproperties.fr,0,immobilier,web,2,20,pas_https(+15); no_favicon(+5),a_verifier,,
6617,Agence immobilière FREDeLION – Paris 3 Haut-Marais,"
75 R. de Turbigo, 75003 Paris, France",Paris,immobilier,https://calendly.com/haut-marais-fredelion/30min,+33148875563,,0,immobilier,web,2,,calendly.com = plateforme RDV — pas de site propre,a_verifier,,
6618,Agence immobilière Laforêt Paris 10eme (Rue Du Fbg Saint-Denis),"
50 Rue du Faubourg Saint-Denis, 75010 Paris, France",Paris,immobilier,https://www.laforet.com/agence-immobiliere/paris10saintdenis?utm_source=google&utm_medium=mybusiness,+33184253615,,0,immobilier,web,35,,laforet.com = réseau Laforêt — grand compte,a_verifier,,
6619,ROY,"
26 Rue Monge, 75005 Paris, France",Paris,immobilier,http://www.delachaiseimmobilier.fr/,+33176219036,contact@delachaiseimmo.fr,0,immobilier,web,2,20,pas_https(+15); no_webp(+5),a_verifier,,
6620,Benoît Foucher - Conseiller immobilier Paris - Expertimo,"
8 Bd de Bonne Nouvelle, 75010 Paris, France",Paris,immobilier,https://www.reseau-expertimo.fr/1857-mandataire/1,+33613555732,,0,immobilier,web,35,,reseau-expertimo.fr = réseau Expertimo — grand compte,a_verifier,,
6621,SABOURET,"
105 Bd de Sébastopol, 75002 Paris, France",Paris,immobilier,https://www.imop.fr/,+33184258081,laurent@imop.fr,0,immobilier,web,35,,imop.fr = réseau Imop (agence en ligne) — grand compte,a_verifier,,
6622,Agence immobilière Laforêt Paris 5Eme,"
44 Rue Monge, 75005 Paris, France",Paris,immobilier,https://www.laforet.com/agence-immobiliere/paris5-monge?utm_source=google&utm_medium=mybusiness,+33155268156,,0,immobilier,web,35,,laforet.com = réseau Laforêt — grand compte,a_verifier,,
6623,Agence immobilière Laforêt Paris 15Eme,"
42 Bd Pasteur, 75015 Paris, France",Paris,immobilier,https://www.laforet.com/agence-immobiliere/paris15pasteur,+33156541400,,0,immobilier,web,35,,laforet.com = réseau Laforêt — grand compte,a_verifier,,
6624,Agence immobilière Laforêt Paris 1Er - ACHAT - VENTE - LOCATION - GESTION LOCATIVE - SYNDIC,"
41 Rue de Richelieu, 75001 Paris, France",Paris,immobilier,https://www.laforet.com/agence-immobiliere/paris1,+33177377411,,0,immobilier,web,35,,laforet.com = réseau Laforêt — grand compte,a_verifier,,
6625,SAKOUN,"
4 Rue Berthollet, 75005 Paris, France",Paris,immobilier,https://www.vie-immobiliere.fr/,+33143362083,contact@mcpmediation.org,0,immobilier,web,1,0,Site moderne,,,
6626,MOLINET,"
108 Bd Voltaire, 75011 Paris, France",Paris,immobilier,https://www.laparisienneimmobiliere.fr/,0662375324,contact@laparisienneimmobiliere.fr,0,immobilier,web,3,50,non_responsive(+40); no_favicon(+5); no_og(+5),a_contacter,,
6627,JÉHANNO,"
148 Bd Voltaire, 75011 Paris, France",Paris,immobilier,https://www.laforet.com/agence-immobiliere/paris11voltaire,0932139913,,0,immobilier,web,35,,laforet.com = réseau Laforêt — grand compte,a_verifier,,
6628,J.E.S.,,44 - Nantes,Signal RH — developpeur web,https://taleez.com,0772508984,contact@taleez.com,0,Signal RH — developpeur web,web,50,5,"Le site pointé (taleez.com) est l'éditeur ATS Taleez (SaaS RH), PAS le site de J.E.S. Email/tél scrapés = contact de l'éditeur. Vrai site et vrai contact à retrouver — donnée non fiable.",a_verifier,,
6629,AK RECRUTEMENT,,69 - LYON,Signal RH — developpeur web,https://jobaffinity.fr,0145260873,contact@jobaffinity.fr,0,Signal RH — developpeur web,web,50,15,"Le site pointé (jobaffinity.fr) est la page de connexion du SaaS ATS JobAffinity, PAS le site vitrine d'AK Recrutement. Email/tél scrapés = contact de l'éditeur. Vrai site et vrai contact à retrouver — donnée non fiable.",a_verifier,,
6630,PIANTE,"148 Rue du Temple, 75003 Paris, France",parisien,Restaurant,https://lebanquet.paris/,+33 6 70 30 84 53,onvousrepond@bonaloi.fr,0,Restaurant,web,1,5,no_webp(+5),,,
6631,Qasti,"205 Rue Saint-Martin, 75003 Paris, France",parisien,Restaurant libanais,https://www.qasti.fr/,0145303163,contact@qasti.fr,46,Restaurant libanais,web,1,5,no_og(+5),,,
6632,Le Chef Thaï,"59 Rue des Gravilliers, 75003 Paris, France",parisien,Restaurant thaï,http://www.chef-thai.com/,+33 1 71 70 29 30,contact@chef-thai.com,0,Restaurant thaï,web,2,25,pas_https(+15); no_og(+5); no_webp(+5),a_verifier,,
6633,Donna,"157 Rue Saint-Martin, 75003 Paris, France",parisien,Bar à vin,https://www.donna-paris.com/,0660194828,contact@zenchef.com,41,Bar à vin,web,1,5,no_webp(+5),,,
6634,CHEZ HAKI,"43 Rue des Gravilliers, 75003 Paris, France",parisien,Restaurant de nouilles,https://chezhaki.fr/fr/,0987362943,,93,Restaurant de nouilles,web,1,10,no_favicon(+5); no_og(+5),,,
6635,LELUC,"57 Rue de Bretagne, 75003 Paris, France",parisien,Restaurant,https://bontemps.paris/jardin-secret/,0142741155,contact@bontemps.paris,28.999999999999996,Restaurant,web,1,5,no_favicon(+5),,,
6636,NOBISAN - Marais,"58 Rue de Turenne, 75003 Paris, France",parisien,Restaurant japonais,http://www.nobisan-temaki.com/,+33 9 86 13 43 11,contact@nobisan-temaki.com,0,Restaurant japonais,web,1,15,pas_https(+15),,,
6637,Les Vitelloni,"4 Rue Dupetit-Thouars, 75003 Paris, France",parisien,Restaurant italien,http://www.lesvitelloni.com/,+33 1 48 87 38 45,lesvitelloni@lesvitelloni.com,0,Restaurant italien,web,2,20,pas_https(+15); no_webp(+5),a_verifier,,
6638,Il Pomod'oro Paris 3,"57 Rue Notre Dame de Nazareth, 75003 Paris, France",parisien,Restaurant italien,,+33 9 87 49 31 49,,0,Restaurant italien,web,5,,"Pas de site, telephone present - a contacter (creation)",a_contacter,,
6639,Le Carreau,"5 Rue de la Corderie, 75003 Paris, France",parisien,Restaurant,http://www.bistrolecarreau.fr/menu,+33 9 52 33 24 26,bistro.lecarreau@gmail.com,0,Restaurant,web,3,50,non_responsive(+40); no_favicon(+5); no_og(+5),a_contacter,,
6640,Horiz,"8 rue au maire, 4 Rue Volta, 75003 Paris, France",parisien,Restaurant de cuisine fusion asiatique,https://horizparis.com/,0143319840,contact@horizparis.com,57.99999999999999,Restaurant de cuisine fusion asiatique,web,3,45,non_responsive(+40); no_favicon(+5),a_contacter,,
6641,Balou Paris 3,"9-11 Rue aux Ours, 75003 Paris, France",parisien,Bar à tapas,https://www.brasseriebalou.fr/,0223337494,contact@brasseriebalou.fr,82,Bar à tapas,web,2,25,generator_Wix.com Website Builder(+20); no_og(+5),a_verifier,,
6642,Lucky Paris 3ème - 人间烟火,"47 Rue au Maire, 75003 Paris, France",parisien,Restaurant asiatique,https://www.luckyparis.fr/,0145324198,605a7baede844d278b89dc95ae0a9123@sentry-next.wixpress.com,70,Restaurant asiatique,web,2,25,generator_Wix.com Website Builder(+20); no_og(+5),a_verifier,,
6643,Restaurant L'Oyat,"11 Rue Notre Dame de Nazareth, 75003 Paris, France",parisien,Restaurant français,https://restaurantloyat.fr/,+33 1 42 72 51 77,restaurantloyat@gmail.com,0,Restaurant français,web,1,0,Site moderne,,,
6644,JEAN-EUDES,"58 Bd de Sébastopol, 75003 Paris, France",parisien,Restaurant français,https://www.sacrefrenchy.com/,+33 1 42 74 55 63,bonjour@sacrefrenchy.com,14.000000000000002,Restaurant français,web,1,0,Site moderne,,,
6645,Joon,"13 Rue Commines, 75003 Paris, France",parisien,hotellerie_restauration,https://www.restaurantjoon.com/,+33 9 88 55 37 04,,56.00000000000001,hotellerie_restauration,web,2,,"403 anti-bot (site réel, non analysable)",a_verifier,,
6646,Le Colimaçon marais,"44 Rue Vieille du Temple, 75004 Paris, France",parisien,Restaurant français,https://le-colimacon.fr/,0993317495,contactcolimacon@gmail.com,0,Restaurant français,web,1,5,no_favicon(+5),,,
6647,MEILLEUR LIBANAIS À PARIS 3E Rannouch City,"44 R. de Turbigo, 75003 Paris, France",parisien,Restaurant libanais,,+33 9 84 15 64 19,,0,Restaurant libanais,web,5,,"Pas de site, telephone present - a contacter (creation)",a_contacter,,
6648,Da Melo Cucina Italiana,"73 Rue des Archives, 75003 Paris, France",parisien,Restaurant italien,,+33 9 84 14 27 09,,0,Restaurant italien,web,5,,"Pas de site, telephone present - a contacter (creation)",a_contacter,,
6649,Bonnard - Restaurant végétarien à Paris 3,"18 Rue des Gravilliers, 75003 Paris, France",parisien,Restaurant végétarien,https://www.bonnard-marais.com/,0913755825,contact@bonnard-marais.com,35,Restaurant végétarien,web,2,20,pas_https(+15); no_favicon(+5),a_verifier,,
6650,OPINION,"9 Rue de Beauce, 75003 Paris, France",parisien,Cuisine française moderne,https://les-enfants-rouges-paris.fr/fr,0148878061,developer@udevweb.co,67,Cuisine française moderne,web,1,5,no_og(+5),,,
6651,Dessance,"74 Rue des Archives, 75003 Paris, France",parisien,Restaurant gastronomique,http://www.dessance.com/,+33 1 42 77 23 62,contact@dessance.com,0,Restaurant gastronomique,web,3,60,non_responsive(+40); pas_https(+15); no_favicon(+5),a_contacter,,
6652,ORTO PARIS,"75 Rue des Gravilliers, 75003 Paris, France",parisien,Restaurant italien,http://www.orto.fr/,0999999999,contact@orto.fr,72,Restaurant italien,web,3,40,pas_https(+15); generator_Wix.com Website Builder(+20); no_og(+5),a_contacter,,
6653,Salōn Marais,"3 Rue du Roi Doré, 75003 Paris, France",parisien,Restaurant méditerranéen,https://bookings.zenchef.com/results?rid=351957,+331 40 27 85 31,dcp@buffalo-grill.fr,35,Restaurant méditerranéen,web,2,,bookings.zenchef.com = plateforme Zenchef - pas de site propre,a_verifier,,
6654,Yansai,"88 Rue des Gravilliers, 75003 Paris, France",parisien,Restaurant de cuisine fusion asiatique,https://yansai.fr/,+33 1 42 77 80 88,yansai.asian.food@gmail.com,56.99999999999999,Restaurant de cuisine fusion asiatique,web,1,0,Site moderne,,,
6655,Bouillon République,"39 Bd du Temple, 75003 Paris, France",parisien,Restaurant français,https://bouillonlesite.com/bouillon-republique,+33 1 42 59 69 31,reservation@bouillonlesite.com,42,Restaurant français,web,1,5,no_favicon(+5),,,
6656,Nessia Marais,"6 Rue Charles-François Dupuis, 75003 Paris, France",parisien,Restaurant,https://www.restaurantnessia.com/,0973896017,contact@restaurantnessia.com,65,Restaurant,web,2,25,generator_Wix.com Website Builder(+20); no_og(+5),a_verifier,,
6657,Le Marais Restaurant Paris,"47 R. de Turbigo, 75003 Paris, France",parisien,Restaurant méditerranéen,https://www.privateaser.com/lieu/44897-le-marais-restaurant,+33 9 87 36 09 13,contact@privateaser.com,46,Restaurant méditerranéen,web,2,,privateaser.com = plateforme — pas de site propre,a_verifier,,
6658,MÛRE,"6 Rue Saint-Marc, 75002 Paris, France",parisien,Restaurant biologique,https://www.mure.family/,0223337494,contact@mure.family,72,Restaurant biologique,web,2,25,generator_Wix.com Website Builder(+20); no_og(+5),a_verifier,,
6659,A. Noste,"6 bis Rue du 4 septembre, 75002 Paris, France",parisien,Restaurant de tapas,https://www.a-noste.com/,+33 1 47 03 91 91,aurelie.dartiguelongue@a-noste.com,72,Restaurant de tapas,web,4,100,site 404 (cassé/injoignable),a_contacter,,
6660,Le Compas,"62 Rue Montorgueil, 75002 Paris, France",parisien,Restaurant français,http://www.lecompas-restaurant.com/,+33 1 42 33 94 73,lecompas.paris@gmail.com,,Restaurant français,web,4,100,connexion SSL impossible (site cassé),a_contacter,,
6661,Yoummah,"33 Rue Vivienne, 75002 Paris, France",parisien,Restaurant de spécialités du Moyen-Orient,http://yoummah.fr/,+33 1 72 60 89 79,,,Restaurant de spécialités du Moyen-Orient,web,2,,"403 anti-bot (site réel, non analysable)",a_verifier,,
6662,"CHOUKRAN – Restaurant Marocain, Paris 2","69 Rue d'Aboukir, 75002 Paris, France",parisien,Restaurant marocain,https://www.choukran.fr/,0148745457,contact@choukran.fr,,Restaurant marocain,web,2,,308 redirect loop (site injoignable),a_verifier,,
6663,Astair,"19 Pass. des Panoramas, 75002 Paris, France",parisien,Restaurant français,http://www.astair.paris/,0981295095,info@astair.paris,,Restaurant français,web,1,15,pas_https(+15),,,
6664,L’Empire Brasserie,"108 Rue Réaumur, 75002 Paris, France",parisien,Brasserie,https://www.lempirebrasserie.com/,+33 1 42 36 11 12,,,Brasserie,web,2,,"403 anti-bot (site réel, non analysable)",a_verifier,,
6665,Dalmata Paris 2,"8 Rue Tiquetonne, 75002 Paris, France",parisien,Pizzeria,https://www.gruppodalmata.com/,+33 7 56 79 93 79,contact@dalmata.co,,Pizzeria,web,35,,gruppodalmata.com = réseau Dalmata — grand compte,a_verifier,,
6666,Shana,"14 Rue Saint-Sauveur, 75002 Paris, France",parisien,Restaurant,https://www.shosh-shana.com/,0769624236,contact@shosh-shana.com,,Restaurant,web,2,25,generator_Wix.com Website Builder(+20); no_og(+5),a_verifier,,
6667,Big Black Cook,"5 Rue Tiquetonne, 75002 Paris, France",parisien,Restaurant caribéen,,+33 1 42 33 74 92,,,Restaurant caribéen,web,5,,"Pas de site, telephone present - a contacter (creation)",a_contacter,,
6668,Mugung,"168 Rue St Denis, 75002 Paris, France",parisien,Restaurant coréen,http://mugung.fr/,+33 9 84 01 19 51,contact.mugung@gmail.com,0,Restaurant coréen,web,1,15,pas_https(+15),,,
6669,MARCHAND,"5 Rue du Nil, 75002 Paris, France",parisien,Restaurant français,http://www.frenchie-ruedunil.com/,+33 1 40 39 96 19,reservations@frenchie-restaurant.com,0,Restaurant français,web,2,20,pas_https(+15); no_favicon(+5),a_verifier,,
6670,Zinqué,"34 Rue Étienne Marcel, 75002 Paris, France",parisien,Restaurant,https://lezinque.fr/,+33 9 74 73 54 13,,,Restaurant,web,1,0,Site moderne,,,
6671,Echo | All-Day Breakfast & Brunch | Coffee,"95 Rue d'Aboukir, 75002 Paris, France",parisien,Restaurant servant le petit-déjeuner,http://www.echo-paris.com/,+33 1 40 26 53 21,info@echo-paris.com,,Restaurant servant le petit-déjeuner,web,1,15,pas_https(+15),,,
6672,Club Cochon,"38 Pass. des Panoramas, 75002 Paris, France",parisien,Restaurant,https://clubcochon.com/,+33 1 88 61 15 75,logo-club-cochon-black@4x-982x1024.png,0,Restaurant,web,1,0,Site moderne,,,
6673,IMMATRICULÉE,"22 Rue du 4 septembre, 75002 Paris, France",parisien,Restaurant,https://chimere-4septembre.fr/,+33 1 44 90 91 94,contact@chimere-4septembre.fr,,Restaurant,web,4,100,erreur 503 persistante (site cassé),a_contacter,,
6674,Le Macareux,"15 Rue du Croissant, 75002 Paris, France",parisien,Restaurant,https://lemacareux.fr/,+33 9 74 64 08 10,contact@lemacareux.fr,,Restaurant,web,1,0,Site moderne,,,
6675,Restaurant Bachaumont,"18 Rue Bachaumont, 75002 Paris, France",parisien,Restaurant français,https://www.hotelbachaumont.com/fr/page/restaurant-branche-paris.5859.html,+33 1 81 66 47 48,contact@hotelbachaumont.com,,Restaurant français,web,35,,hotelbachaumont.com = hôtel — grand compte,a_verifier,,
6676,Nomás Paris 2 - Mexican Street Food,"141 Rue St Denis, 75002 Paris, France",parisien,Restaurant mexicain,https://www.nomas-tacos.com/,0397893469,contact@nomas-tacos.com,,Restaurant mexicain,web,35,,nomas-tacos.com = réseau — grand compte,a_verifier,,
6677,Les Cariatides - Restaurant Paris,"3 Rue de Palestro, 75002 Paris, France",parisien,Restaurant français,,+33 1 42 36 19 72,,,Restaurant français,web,5,,"Pas de site, telephone present - a contacter (creation)",a_contacter,,
6678,Tekés,"4 bis Rue Saint-Sauveur, 75002 Paris, France",parisien,Restaurant végétarien,http://www.tekesrestaurant.com/,+33 7 81 42 54 74,,,Restaurant végétarien,web,2,40,pas_https(+15); generator_Wix.com Website Builder(+20); no_og(+5),a_verifier,,
6679,La Noceria,"58 Rue d'Aboukir, 75002 Paris, France",parisien,Restaurant de tapas,https://www.lanoceria.com/,+33 1 53 40 81 67,,,Restaurant de tapas,web,1,5,no_webp(+5),,,
6680,CRISPY SOUL Paris 2,"289 Rue St Denis, 75002 Paris, France",parisien,Restaurant de hamburgers,https://restaurants.crispysoul.fr/paris-2/?utm_source=google&utm_medium=organic&utm_campaign=mybusiness-website,+33 1 84 60 50 90,contact@crispysoul.fr,,Restaurant de hamburgers,web,35,,crispysoul.fr = réseau — grand compte,a_verifier,,
6681,GROUP,"1 Rue de la Michodière, 75002 Paris, France",parisien,Restaurant français,https://www.fitz-group.fr/fontaine-gaillon-paris,+33 1 83 64 82 94,contact@fitz-group.fr,,Restaurant français,web,35,,fitz-group.fr = groupe Fitz — grand compte,a_verifier,,
6682,Keshu Paris,"141 Rue St Denis, 75002 Paris, France",parisien,Restaurant,http://www.keshu.fr/,+33 1 42 60 09 29,keshu.yan@keshu.fr,,Restaurant,web,4,100,site 404 (cassé/injoignable),a_contacter,,
6683,Armelle Crêperie - Bourse Paris 2,"7 Rue Saint-Marc, 75002 Paris, France",parisien,Crêperie,https://www.creperiearmelle.fr/,0343676589,paul.ruello@armellecrepes.com,,Crêperie,web,1,0,Site moderne,,,
6684,"Apapacho Café - Coffee shop, café, barista, Librairie, Paris 2","25 Bd Poissonnière, 75002 Paris, France",parisien,Café,https://apapachocafeparis.fr/fr,+33 6 29 62 26 90,,,Café,web,1,10,no_favicon(+5); no_og(+5),,,
6685,Restaurant Panurge,"24 Rue du Sentier, 75002 Paris, France",parisien,Restaurant français,https://www.restaurant-panurge.com/,+33 1 73 74 77 28,g@p.kv,,Restaurant français,web,2,25,generator_Wix.com Website Builder(+20); no_og(+5),a_verifier,,
6686,Chez Georges,"1 Rue du Mail, 75002 Paris, France",parisien,Restaurant français,,+33 1 42 60 07 11,,,Restaurant français,web,5,,"Pas de site, telephone present - a contacter (creation)",a_contacter,,
6687,Fenouil Paris 2,"8 Rue Poissonnière, 75002 Paris, France",parisien,Restaurant,https://fenouil-paris.fr/,+33 6 33 33 37 36,contact@fenouil-paris.fr,,Restaurant,web,1,10,no_favicon(+5); no_og(+5),,,
6688,Pratolina,"11 Bd de Bonne Nouvelle, 75002 Paris, France",parisien,Restaurant italien,http://www.pratolina.fr/,0142360130,contact@pratolina.fr,,Restaurant italien,web,2,20,pas_https(+15); no_og(+5),a_verifier,,
6689,SPRITZ,"14 Rue d'Alexandrie, 75002 Paris, France",parisien,Restaurant italien,http://www.barettoparis.fr/,0967404023,privacy@zenchef.com,,Restaurant italien,web,2,20,pas_https(+15); no_favicon(+5),a_verifier,,
6690,BÂB,"24 Rue de la Banque, 75002 Paris, France",parisien,Restauration rapide,https://www.babrestaurants.com/,0930232558,agence@virtuosa.fr,,Restauration rapide,web,1,0,Site moderne,,,
6691,Zakuro,"4 Rue de Port-Mahon, 75002 Paris, France",parisien,Restaurant japonais authentique,,+33 9 81 13 27 72,,,Restaurant japonais authentique,web,5,,"Pas de site, telephone present - a contacter (creation)",a_contacter,,
6692,LITTLE SUYA - Restaurant Paris 2,"10 Rue Mandar, 75002 Paris, France",parisien,Restaurant,http://www.suya.fr/,0144580778,david@suya.fr,,Restaurant,web,2,20,pas_https(+15); no_og(+5),a_verifier,,
6693,Mian Fan Dumpling Factory Paris 2,"15 Bd Montmartre, 75002 Paris, France",parisien,Restaurant asiatique,https://mianfan.fr/restaurant-asiatique-grands-boulevards/,0688012133,contact@mianfan.fr,,Restaurant asiatique,web,1,5,no_og(+5),,,
6694,Brique Machine - Paris 2,"161 Rue Montmartre, 75002 Paris, France",parisien,Restaurant de type buffet,https://briquehouse.com/taprooms/brique-machine-6,+33 1 42 36 63 33,hello@briquehouse.fr,,Restaurant de type buffet,web,35,,briquehouse.com = réseau — grand compte,a_verifier,,
6695,Petit Bao - Étienne Marcel,"116 Rue St Denis, 75002 Paris, France",parisien,Restaurant chinois,https://www.baofamily.co/petitbao,0682164022,888@baofamily.co,,Restaurant chinois,web,35,,baofamily.co = réseau Bao Family — grand compte,a_verifier,,
6696,Un jour à Peyrassol,"13 Rue Vivienne, 75002 Paris, France",parisien,Restaurant,,+33 1 42 60 12 92,,,Restaurant,web,5,,"Pas de site, telephone present - a contacter (creation)",a_contacter,,
6697,Empreinte,"3 Rue Saint-Augustin, 75002 Paris, France",parisien,Restaurant gastronomique,https://www.empreinte-paris.com/,0223337494,contact@empreinte-paris.com,,Restaurant gastronomique,web,2,25,generator_Wix.com Website Builder(+20); no_og(+5),a_verifier,,
6698,La Brigade - Réaumur - Restaurant Paris,"108 Rue Réaumur, 75002 Paris, France",parisien,Restaurant de viande,https://www.la-brigade.fr/,0275385201,contact@la-brigade.fr,,Restaurant de viande,web,35,,la-brigade.fr = réseau La Brigade — grand compte,a_verifier,,
6699,Baguette - Restaurant,"16 Rue Marie Stuart, 75002 Paris, France",parisien,Restaurant,https://baguette-restaurant-paris.com/,0675284992,restaurantbaguette.paris@gmail.com,,Restaurant,web,1,0,Site moderne,,,
6700,ACCENTS table bourse,"24 Rue Feydeau, 75002 Paris, France",parisien,Restaurant gastronomique,https://accents-restaurant.com/,0435736889,contact@accents-restaurant.com,,Restaurant gastronomique,web,1,0,Site moderne,,,
6701,Fleur de pavé,"5 Rue Paul Lelong, 75002 Paris, France",parisien,Restaurant gastronomique,http://www.fleurdepave.com/,+33 1 40 26 38 87,contact@fleurdepave.com,,Restaurant gastronomique,web,1,15,pas_https(+15),,,
6702,L'Apibo,"31 Rue Tiquetonne, 75002 Paris, France",parisien,Restaurant français,http://www.restaurant-lapibo.fr/,0155349450,,,Restaurant français,web,2,20,pas_https(+15); no_webp(+5),a_verifier,,
6703,Little Havana - Street Food Paris 02,"67 Rue d'Argout, 75002 Paris, France",parisien,Restaurant cubain,https://little-havana.site.bykomdab.com/,0994317136,,,Restaurant cubain,web,2,,site sur domaine plateforme (bykomdab) — pas de site propre,a_verifier,,
6704,GRUPPOMIMO - Paris 2,"157 Rue Montmartre, 75002 Paris, France",parisien,Restaurant italien,https://www.gruppomimo.com/nos-restaurants,0905736012,contact@gruppomimo.com,,Restaurant italien,web,35,,gruppomimo.com = réseau — grand compte,a_verifier,,
6705,Aux Crus de Bourgogne,"3 Rue Bachaumont, 75002 Paris, France",parisien,Restaurant français,http://auxcrusdebourgogne.com/,+33 1 42 33 48 24,reservations@auxcrusdebourgogne.com,,Restaurant français,web,2,20,pas_https(+15); no_favicon(+5),a_verifier,,
6706,Le Mesturet,"77 Rue de Richelieu, 75002 Paris, France",parisien,Restaurant français,https://www.lemesturet.com/?utm_source=gmb,0142974068,contact@lemesturet.com,,Restaurant français,web,1,5,no_favicon(+5),,,
6707,Dalia,"93 Rue Montmartre, 75002 Paris, France",parisien,Restaurant méditerranéen,https://www.daliagroup.com/dalia-paris,+33 1 53 40 88 13,hellodalia@daliagroup.com,,Restaurant méditerranéen,web,35,,daliagroup.com = groupe Dalia — grand compte,a_verifier,,
6708,Brasserie Dubillot,"222 Rue St Denis, 75002 Paris, France",parisien,Restaurant français,https://nouvellegardegroupe.com/,+33 1 88 61 51 24,ondiscute@lanouvellegarde.com,,Restaurant français,web,35,,nouvellegardegroupe.com = groupe — grand compte,a_verifier,,
6709,Le Galibot,"17 Rue Paul Lelong, 75002 Paris, France",parisien,Restaurant,,+33 1 42 60 30 25,,,Restaurant,web,5,,"Pas de site, telephone present - a contacter (creation)",a_contacter,,
6710,YOULIN,"11 Rue Tiquetonne, 75002 Paris, France",parisien,Restaurant gastronomique,http://www.restaurant-erh.com/,0145084937,contact@restaurant-erh.com,,Restaurant gastronomique,web,2,,308 redirect loop (site injoignable),a_verifier,,
6711,Pomelo Bistrot - Restaurant à Paris 2e,"153 Rue Montmartre, 75002 Paris, France",parisien,Bistro,https://pomelobistrot.com/,0140130731,pomelo.bistrot@gmail.com,,Bistro,web,4,100,DNS introuvable (site cassé),a_contacter,,
6712,Brasserie Rosie Lou,"31 Bd de Bonne Nouvelle, 75002 Paris, France",parisien,Brasserie,https://brasseriesalamode.com/brasserie-rosie-lou,0401381810,contact@brasseriesalamode.com,,Brasserie,web,35,,brasseriesalamode.com = réseau — grand compte,a_verifier,,
6713,JEAN-BAPTISTE,"12 Rue de Richelieu, 75001 Paris, France",parisien,Restaurant de nouilles (ramen),https://kodawari-ramen.com/,0143293767,contact@kodawari-ramen.com,,Restaurant de nouilles (ramen),web,1,0,Site moderne,,,
6714,Restaurant Kei,"5 Rue Coq Héron, 75001 Paris, France",parisien,Restaurant français,http://www.restaurant-kei.fr/,0855001069,recrutement.restaurantkei@gmail.com,,Restaurant français,web,35,,restaurant-kei.fr = table étoilée — grand compte,a_verifier,,
6715,Uno,"37 Rue Berger, 75001 Paris, France",parisien,Restaurant italien,https://unoparis.com/,+33 1 42 36 20 47,,,Restaurant italien,web,2,50,non_responsive(+40); no_favicon(+5); no_og(+5),a_verifier,,
6716,COME PRIMA by OSKIAN Restaurant Italien Paris 1,"139 Rue Saint-Honoré, 75001 Paris, France",parisien,Restaurant italien,https://come-prima.webflow.io/,0142602380,reservationcomeprima@gmail.com,,Restaurant italien,web,2,,site sur domaine plateforme (webflow.io) — pas de domaine propre,a_verifier,,
6717,Le Bistrot des Halles,"15 Rue des Halles, 75001 Paris, France",parisien,Bistro,,+33 1 42 36 91 69,,,Bistro,web,5,,"Pas de site, telephone present - a contacter (creation)",a_contacter,,
6718,HALLE,"2 Rue de Viarmes, 75001 Paris, France",parisien,Restaurant,https://www.halleauxgrains.bras.fr/,0447202012,halleauxgrains.paris@bras.fr,,Restaurant,web,35,,halleauxgrains.bras.fr = table renommée (Bras) — grand compte,a_verifier,,
6719,Les Cartes Postales,"7 Rue Gomboust, 75001 Paris, France",parisien,Restaurant français,,+33 1 42 61 23 40,,,Restaurant français,web,5,,"Pas de site, telephone present - a contacter (creation)",a_contacter,,
6720,EnYaa - Saké & Champagne,"37 Gal de Montpensier, 75001 Paris, France",parisien,Restaurant gastronomique japonais (kaiseki),https://www.enyaa-paris.fr/,0418178786,contact@enyaa-paris.com,,Restaurant gastronomique japonais (kaiseki),web,1,5,no_favicon(+5),,,
6721,La Corte,"320 Rue Saint-Honoré, 75001 Paris, France",parisien,Restaurant italien,,+33 1 42 60 45 27,,,Restaurant italien,web,5,,"Pas de site, telephone present - a contacter (creation)",a_contacter,,
6722,Le Nelson's - Louvre,"16 Rue Coquillière, 75001 Paris, France",parisien,Restaurant,https://nelsons.fr/,0485308767,nelsons.paris@gmail.com,,Restaurant,web,1,0,Site moderne,,,
6723,Brasserie de la Bourse,"27 Rue Jean-Jacques Rousseau, 75001 Paris, France",parisien,Brasserie,http://www.brasseriedelabourseparis.com/,0999999999,brasseriedelabourse@gmail.com,,Brasserie,web,3,40,pas_https(+15); generator_Wix.com Website Builder(+20); no_og(+5),a_contacter,,
6724,MARANG,"4 Rue de Valois, 75001 Paris, France",parisien,Restaurant,https://www.grandhoteldupalaisroyal.com/fr/page/restaurant-paris-1er.12401.html,+33 1 42 96 72 20,contact@ghprparis.com,,Restaurant,web,35,,grandhoteldupalaisroyal.com = hôtel 5* — grand compte,a_verifier,,
6725,PATRICK,"1 Rue Perrault, 75001 Paris, France",parisien,Bistro,http://www.louvre-ripaille.com/reservation/,+33 1 42 97 49 91,restaurant@louvre-ripaille.com,,Bistro,web,4,100,DNS introuvable (site cassé),a_contacter,,
6726,Gawa,"21 Rue du Roule, 75001 Paris, France",parisien,Restaurant japonais,https://restogawa.com/,+33 9 56 35 68 42,restogawa@gmail.com,0,Restaurant japonais,web,3,65,non_responsive(+40); pas_https(+15); no_favicon(+5); no_og(+5),a_contacter,,
6727,MARQUES,"21 Rue des Halles, 75001 Paris, France",parisien,Restaurant,https://carpediem-cafe-paris.fr/,0142210201,,,Restaurant,web,1,0,Site moderne,,,
6728,FICO,"31 Rue Coquillière, 75001 Paris, France",parisien,Restaurant italien,http://www.ilficoparis.com/,+33 1 44 82 55 23,reservations@ilficoparis.com,,Restaurant italien,web,2,25,pas_https(+15); no_favicon(+5); no_og(+5),a_verifier,,
6729,PHOTOGRAPHIE,"6-8 Rue Duphot, 75001 Paris, France",parisien,Restaurant gastronomique,https://www.leburgundy.com/fr/restaurant-le-baudelaire.html,+33 1 71 19 49 11,contact@leburgundy.com,,Restaurant gastronomique,web,35,,leburgundy.com = hôtel 5* — grand compte,a_verifier,,
6730,Le Relais Du Vin - Paris,"85 Rue St Denis, 75001 Paris, France",parisien,Restaurant français,https://lerelaisduvin.com/,0924124006,,,Restaurant français,web,1,5,no_og(+5),,,
6731,La Maison du Daya,"53 Rue de Richelieu, 75001 Paris, France",parisien,Restaurant,,+33 1 47 03 93 68,,,Restaurant,web,5,,"Pas de site, telephone present - a contacter (creation)",a_contacter,,
6732,Rarita Paris,"100 Rue Saint-Honoré, 75001 Paris, France",parisien,Restaurant italien,https://raritaparis1.com/,0838685771,raritaparis@gmail.com,,Restaurant italien,web,1,5,no_favicon(+5),,,
6733,1er Art,"42 Rue Coquillière, 75001 Paris, France",parisien,Bistro,,+33 1 42 36 69 11,,,Bistro,web,5,,"Pas de site, telephone present - a contacter (creation)",a_contacter,,
6734,Café de la Régence,"167 Rue Saint-Honoré, 75001 Paris, France",parisien,Restaurant français,https://menuonline.fr/cafedelaregencebis/coordonnees,0183811610,bruno.bourboulon@menuonline.fr,,Restaurant français,web,2,,menuonline.fr = plateforme — pas de site propre,a_verifier,,
6735,Bistrot Victoires,"6 Rue de la Vrillière, 75001 Paris, France",parisien,Bistro,http://www.paris-bistro.com/choisir/paris1/bistrot-des-victoires,+33 1 42 61 43 78,contact@paris-bistro.com,0,Bistro,web,35,,paris-bistro.com = groupe — grand compte,a_verifier,,
6736,Mystery Cuisine,"37 bis Rue de Montpensier, 75001 Paris, France",parisien,Restaurant gastronomique,https://mysterycuisine.fr/,+33 1 40 20 03 02,mysterycuisine@gmail.com,,Restaurant gastronomique,web,1,0,Site moderne,,,
6737,DAVID,"20 Rue du Louvre, 75001 Paris, France",parisien,Restaurant gastronomique,https://www.anne-sophie-pic.com/paris/#damedepic,+33 1 42 60 40 40,presse@groupe-pic.com,,Restaurant gastronomique,web,35,,anne-sophie-pic.com = groupe Anne-Sophie Pic — grand compte,a_verifier,,
6738,Alfred,"8 Rue du Mont Thabor, 75001 Paris, France",parisien,Restaurant français,http://alfred-paris.com/,0140264627,contact@alfred-paris.com,,Restaurant français,web,3,40,pas_https(+15); generator_Wix.com Website Builder(+20); no_og(+5),a_contacter,,
6739,Le Louis,"31 Rue Coquillière, 75001 Paris, France",parisien,Restaurant français,https://le-louis.fr/,+33 1 42 33 56 17,reservation@le-louis.fr,,Restaurant français,web,1,10,no_favicon(+5); no_webp(+5),,,
6740,CAFE SAINT HONORÉ,"194 Rue Saint-Honoré, 75001 Paris, France",parisien,Restaurant,https://www.cafesainthonore.fr/,0142614931,,,Restaurant,web,2,20,pas_https(+15); no_favicon(+5),a_verifier,,
6741,NHOME,"41 Rue de Montpensier, 75001 Paris, France",parisien,Restaurant gastronomique,https://nhomeparis.com/,+33 1 89 33 48 43,booking@nhomeparis.com,,Restaurant gastronomique,web,1,0,Site moderne,,,
6742,Louise,"8 Rue Croix des Petits Champs, 75001 Paris, France",parisien,Brasserie,http://www.cafelouisepalaisroyal.com/,+33 1 83 96 07 87,contact@cafelouisepalaisroyal.com,,Brasserie,web,2,25,pas_https(+15); no_favicon(+5); no_og(+5),a_verifier,,
6743,LA RÉGALADE,"106 Rue Saint-Honoré, 75001 Paris, France",parisien,Restaurant français,http://www.laregalade.paris/,0802007273,contactstho@laregalade.paris,,Restaurant français,web,3,65,non_responsive(+40); pas_https(+15); no_favicon(+5); no_og(+5),a_contacter,,
6744,Le Relais du Louvre,"3 Rue du Louvre, 75001 Paris, France",parisien,Restaurant,http://lerelaisdulouvre.com/,0215981602,contact@lerelaisdulouvre.com,,Restaurant,web,2,20,pas_https(+15); no_og(+5),a_verifier,,
6745,Restaurant Café Joséphine Paris 1,"3 Pl. des Deux Ecus, 75001 Paris, France",parisien,Restaurant,http://www.cafe-josephineparis.fr/,+33 1 89 19 59 89,,,Restaurant,web,2,40,pas_https(+15); generator_Wix.com Website Builder(+20); no_og(+5),a_verifier,,
6746,Le Florentin,"10 Rue Saint-Florentin, 75001 Paris, France",parisien,Restaurant français,https://www.leflorentinbistrot.com/,0142601342,,,Restaurant français,web,1,5,no_favicon(+5),,,
6747,Restaurant Omar Dhiab,"23 Rue Hérold, 75001 Paris, France",parisien,Restaurant gastronomique,https://omardhiab.com/,0560751334,restaurant@omardhiab.com,,Restaurant gastronomique,web,1,0,Site moderne,,,
6748,ECLORE,"6 Rue Bailleul, 75001 Paris, France",parisien,Restaurant gastronomique,https://granite.paris/,+33 1 40 13 64 06,reservation@granite.paris,,Restaurant gastronomique,web,1,5,no_webp(+5),,,
6749,CLEMENT,"17 Rue des Lavandières Sainte-Opportune, 75001 Paris, France",parisien,Restaurant français,https://www.au-vieux-comptoir.com/,0145085308,contact@au-vieux-comptoir.com,,Restaurant français,web,2,25,generator_Wix.com Website Builder(+20); no_og(+5),a_verifier,,
6750,Campelli,"36 Rue Croix des Petits Champs, 75001 Paris, France",parisien,Restaurant gastronomique,https://campelli.paris/,0364779881,maxime.bensimhon@campelli.paris,,Restaurant gastronomique,web,1,0,Site moderne,,,
6751,SHAHIR,"23 Bd de Sébastopol, 75001 Paris, France",parisien,Restaurant français,http://www.restaurantchouchouparis.fr/,+33 1 45 08 02 03,restauchouchou@gmail.com,,Restaurant français,web,2,25,pas_https(+15); no_og(+5); no_webp(+5),a_verifier,,
6752,La Scène par Stéphanie Le Quellec,"32 Av. Matignon, 75008 Paris, France",parisien,Restaurant gastronomique,https://www.la-scene.paris/,+33 1 42 65 05 61,contact@la-scene.paris,0,Restaurant gastronomique,web,35,,la-scene.paris = table étoilée (Le Quellec) — grand compte,a_verifier,,
6753,AT,"4bis Rue du Cardinal Lemoine, 75005 Paris, France",parisien,Restaurant gastronomique,http://www.atsushitanaka.com/,+33 1 56 81 94 08,info@atsushitanaka.com,,Restaurant gastronomique,web,35,,atsushitanaka.com = table étoilée — grand compte,a_verifier,,
6754,JOYEUX,"5 Rue de Poissy, 75005 Paris, France",parisien,Restaurant gastronomique,https://www.restaurant-alliance.fr/fr/?utm_source=mybusiness&utm_medium=organic&utm_id=mybusinessorganic,+33 1 75 51 57 54,contact@restaurant-alliance.fr,0,Restaurant gastronomique,web,2,25,copyright 2012(+25),a_verifier,,
6755,Le Petit Bouillon Pharamond,"24 Rue de la Grande Truanderie, 75001 Paris, France",parisien,Restaurant,http://www.petitbouillonpharamond.com/,0879905487,,0,Restaurant,web,1,15,pas_https(+15),,,
6756,La Pie Noir,"5 Rue de la Montagne Ste Geneviève, 75005 Paris, France",parisien,Restaurant français,http://lapienoir.com/,0143540899,,,Restaurant français,web,1,15,pas_https(+15),,,
6757,HEBE restaurant - Paris,"15 Rue Frédéric Sauton, 75005 Paris, France",parisien,Restaurant,https://www.heberestaurant.com/,0569498572,admin@heberestaurant.com,,Restaurant,web,1,5,no_og(+5),,,
6758,L'Arlequin - Restaurant,"33 Rue du Faubourg Saint-Martin, 75010 Paris, France",parisien,Restaurant,https://larlequinparis.fr/,+33 1 40 18 45 53,,,Restaurant,web,2,25,pas_https(+15); no_favicon(+5); no_og(+5),a_verifier,,
6759,La Propriété Française,"84 Rue Saint-Martin, 75004 Paris, France",parisien,Restaurant,https://lpf-paris.fr/,+33 7 67 67 80 18,laproprietefrancaise@gmail.com,0,Restaurant,web,1,0,Site moderne,,,
6760,Le Petit Pontoise,"9 Rue de Pontoise, 75005 Paris, France",parisien,Restaurant français,,+33 1 43 29 25 20,,,Restaurant français,web,5,,"Pas de site, telephone present - a contacter (creation)",a_contacter,,
6761,Le Paris Paris,"8 Rue de Montfaucon, 75006 Paris, France",parisien,Restaurant,http://www.leparisparis.fr/,+33 1 43 26 50 56,,,Restaurant,web,2,65,non_responsive(+40); pas_https(+15); no_favicon(+5); no_og(+5),a_verifier,,
6762,Le P'tit Bistrot,"8 Rue Saint-Martin, 75004 Paris, France",parisien,Bistro,,+33 1 42 78 55 80,,,Bistro,web,5,,"Pas de site, telephone present - a contacter (creation)",a_contacter,,
6763,Le Tout-Paris,"8 Quai du Louvre, 75001 Paris, France",parisien,Restaurant français,http://letoutparis.fr/?y_source=1_MjM2NzUwMDEtNzE1LWxvY2F0aW9uLndlYnNpdGU%3D,+33 1 79 35 50 22,,,Restaurant français,web,35,,letoutparis.fr = groupe Cheval Blanc — grand compte,a_verifier,,
6764,Bistrot Instinct,"19 Rue de Picardie, 75003 Paris, France",parisien,Restaurant français,https://bistrotinstinctparis3.fr/,+33 1 42 78 93 06,bistrot.instinct@gmail.com,,Restaurant français,web,1,0,Site moderne,,,
6765,Le Café Parisien,"111 Rue Monge, 75005 Paris, France",parisien,Restaurant français,,+33 1 43 31 45 75,,,Restaurant français,web,5,,"Pas de site, telephone present - a contacter (creation)",a_contacter,,
6766,DUCREUX,"50 Rue de Clignancourt, 75018 Paris, France",parisien,Restaurant français,http://www.sacreefleur.fr/,0142516618,restosacreefleur@gmail.com,,Restaurant français,web,3,40,pas_https(+15); generator_Wix.com Website Builder(+20); no_og(+5),a_contacter,,
6767,Le Parisien,"54 Rue du Four, 75006 Paris, France",parisien,Brasserie,,+33 1 58 90 14 09,,,Brasserie,web,5,,"Pas de site, telephone present - a contacter (creation)",a_contacter,,
6768,Le Parisien Saint-Martin,"337 Rue Saint-Martin, 75003 Paris, France",parisien,Restaurant,https://leparisiensaintmartin.com/,+33 1 42 72 11 33,contact@leparisien.fr,,Restaurant,web,2,,"temps depasse - site injoignable - site reel, non analysable",a_verifier,,
6769,JACQUIOT,"1 Rue du Pré aux Clercs, 75007 Paris, France",parisien,Restaurant,https://www.pavillon-faubourg-saint-germain.com/restaurant-les-parisiens,+33 1 42 96 65 43,lesparisiens@pfsg.fr,0,Restaurant,web,35,,pavillon-faubourg-saint-germain.com = hôtel 5* — grand compte,a_verifier,,
6770,Canopé,"42 Rue de Londres, 75008 Paris, France",parisien,Restaurant,https://www.canopeparis.fr/,0143870507,contact@canopeparis.fr,,Restaurant,web,1,5,no_og(+5),,,
6771,Madame Pampa,"64 Rue du Montparnasse, 75014 Paris, France",parisien,Restaurant,https://madame-pampa.fr/?utm_source=Google-Map&utm_medium=Fiche,0153719520,lecafepampa@gmail.com,,Restaurant,web,1,0,Site moderne,,,
6772,MEILLEUR LIBANAIS À PARIS 3E Rannouch City,"44 R. de Turbigo, 75003 Paris, France",paris,Restaurant libanais,,+33 9 84 15 64 19,,,Restaurant libanais,web,5,,"Pas de site, telephone present - a contacter (creation)",a_contacter,,
6773,Tekés,"4 bis Rue Saint-Sauveur, 75002 Paris, France",paris,Restaurant végétarien,http://www.tekesrestaurant.com/,0654734802,contact@tekesrestaurant.com,,Restaurant végétarien,web,2,40,pas_https(+15); generator_Wix.com Website Builder(+20); no_og(+5),a_verifier,,
6774,Les Cariatides - Restaurant Paris,"3 Rue de Palestro, 75002 Paris, France",paris,Restaurant français,,+33 1 42 36 19 72,,,Restaurant français,web,5,,"Pas de site, telephone present - a contacter (creation)",a_contacter,,
6775,L’Empire Brasserie,"108 Rue Réaumur, 75002 Paris, France",paris,Brasserie,https://www.lempirebrasserie.com/,+33 1 42 36 11 12,,,Brasserie,web,2,,"403 anti-bot (site réel, non analysable)",a_verifier,,
6776,Chez Georges,"1 Rue du Mail, 75002 Paris, France",paris,Restaurant français,,+33 1 42 60 07 11,,,Restaurant français,web,5,,"Pas de site, telephone present - a contacter (creation)",a_contacter,,
6777,Big Black Cook,"5 Rue Tiquetonne, 75002 Paris, France",paris,Restaurant caribéen,,+33 1 42 33 74 92,,,Restaurant caribéen,web,5,,"Pas de site, telephone present - a contacter (creation)",a_contacter,,
6778,"Apapacho Café - Coffee shop, café, barista, Librairie, Paris 2","25 Bd Poissonnière, 75002 Paris, France",paris,Café,https://apapachocafeparis.fr/fr,+33 6 29 62 26 90,,,Café,web,1,10,no_favicon(+5); no_og(+5),,,
6779,Zinqué,"34 Rue Étienne Marcel, 75002 Paris, France",paris,Restaurant,https://lezinque.fr/,+33 9 74 73 54 13,,0,Restaurant,web,1,0,Site moderne,,,
6780,Zakuro,"4 Rue de Port-Mahon, 75002 Paris, France",paris,Restaurant japonais authentique,,+33 9 81 13 27 72,,,Restaurant japonais authentique,web,5,,"Pas de site, telephone present - a contacter (creation)",a_contacter,,
6781,MELIKOV,"77 Rue d'Aboukir, 75002 Paris, France",paris,Restaurant latino-américain,https://tigermilkrestaurants.com/fr/restaurants/sentier-iie/,03 22.9289 11,hello@tigermilkgroup.com,,Restaurant latino-américain,web,35,,tigermilkrestaurants.com = réseau — grand compte,a_verifier,,
6782,Kuisinistan - Restaurant Paris 2,"37 Rue de Palestro, 75002 Paris, France",paris,Restaurant méditerranéen,https://www.kuisinistan.com/fr,0741802269,contact@kuisinistan.fr,,Restaurant méditerranéen,web,1,5,no_webp(+5),,,
6783,Les Bascules,"3 Rue de la Bourse, 75002 Paris, France",paris,Restaurant,https://lesbascules.fr/,+33 1 40 15 01 54,contact@lesbascules.fr,0,Restaurant,web,1,5,no_favicon(+5),,,
6784,Little Havana - Street Food Paris 02,"67 Rue d'Argout, 75002 Paris, France",paris,Restaurant cubain,https://little-havana.site.bykomdab.com/,0994317136,,,Restaurant cubain,web,2,,site sur domaine plateforme (bykomdab) — pas de site propre,a_verifier,,
6785,Le Galibot,"17 Rue Paul Lelong, 75002 Paris, France",paris,Restaurant,,+33 1 42 60 30 25,,,Restaurant,web,5,,"Pas de site, telephone present - a contacter (creation)",a_contacter,,
6786,SALVATORE,"14 Rue Mandar, 75002 Paris, France",paris,Restaurant italien,http://www.osteriadegliamici.fr/,0223337494,osteriadegliamiciparis@gmail.com,,Restaurant italien,web,3,40,pas_https(+15); generator_Wix.com Website Builder(+20); no_og(+5),a_contacter,,
6787,POPPY,"10 Rue Coquillière, 75001 Paris, France",paris,Restaurant,http://poppy-cafe.fr/,0189402728,,,Restaurant,web,2,20,pas_https(+15); no_webp(+5),a_verifier,,
6788,Benihana Paris,"163 Rue Saint-Honoré, 75001 Paris, France",paris,Restaurant japonais,https://www.benihana.fr/,+33 1 86 04 06 44,reservations@benihana.fr,0,Restaurant japonais,web,35,,benihana.fr = réseau international — grand compte,a_verifier,,
6789,Sam Sun 삼순 – Korean Traditional Cuisine,"41 Rue de Richelieu, 75001 Paris, France",paris,Restaurant coréen,https://samsunrestaurant.fr/,0724477532,reserv.restaurantsamsun@gmail.com,,Restaurant coréen,web,1,10,no_favicon(+5); no_og(+5),,,
6790,La Tour Montlhéry - Chez Denise,"5 Rue des Prouvaires, 75001 Paris, France",paris,Restaurant français,,+33 1 42 36 21 82,,,Restaurant français,web,5,,"Pas de site, telephone present - a contacter (creation)",a_contacter,,
6791,L'Amazonial,"3 Rue des Lavandières Sainte-Opportune, 75001 Paris, France",paris,Restaurant,http://www.lamazonial.fr/?utm_source=gmb,0277849420,contact.amazonial@gmail.com,,Restaurant,web,3,40,pas_https(+15); generator_Wix.com Website Builder(+20); no_og(+5),a_contacter,,
6792,Le Baltard,"9 Rue Coquillière, 75001 Paris, France",paris,Restaurant français,https://lebaltard.com/,0140266620,,,Restaurant français,web,1,5,no_favicon(+5),,,
6793,Les Cartes Postales,"7 Rue Gomboust, 75001 Paris, France",paris,Restaurant français,,+33 1 42 61 23 40,,,Restaurant français,web,5,,"Pas de site, telephone present - a contacter (creation)",a_contacter,,
6794,La Corte,"320 Rue Saint-Honoré, 75001 Paris, France",paris,Restaurant italien,,+33 1 42 60 45 27,,,Restaurant italien,web,5,,"Pas de site, telephone present - a contacter (creation)",a_contacter,,
6795,Liberta,"32 Rue du Pont Neuf, 75001 Paris, France",paris,Restaurant italien,http://www.leliberta.fr/,0144829307,contact@leliberta.fr,,Restaurant italien,web,3,40,pas_https(+15); generator_Wix.com Website Builder(+20); no_og(+5),a_contacter,,
6796,ICH,"9 Rue des Petits Champs, 75001 Paris, France",paris,Restaurant vietnamien,http://comrestoviet.com/,0635351646,,,Restaurant vietnamien,web,1,15,pas_https(+15),,,
6797,CHARLY SAINT-HONORÉ,"36 Pl. du Marché Saint-Honoré, 75001 Paris, France",paris,Restaurant,http://charlybunsparis.com/,+33 1 42 60 36 67,charlybuns@gmail.com,0,Restaurant,web,4,100,DNS introuvable (site cassé),a_contacter,,
6798,Happy Caffé,"214 Rue de Rivoli, 75001 Paris, France",paris,Crêperie,,+33 9 53 52 96 91,,,Crêperie,web,5,,"Pas de site, telephone present - a contacter (creation)",a_contacter,,
6799,La Maison du Daya,"53 Rue de Richelieu, 75001 Paris, France",paris,Restaurant,,+33 1 47 03 93 68,,,Restaurant,web,5,,"Pas de site, telephone present - a contacter (creation)",a_contacter,,
6800,Loulou,"107 Rue de Rivoli, 75001 Paris, France",paris,Restaurant italien,http://loulou-paris.com/,+33 1 42 60 41 96,20event@loulou-paris.com,0,Restaurant italien,web,2,20,pas_https(+15); no_webp(+5),a_verifier,,
6801,Uno,"37 Rue Berger, 75001 Paris, France",paris,Restaurant italien,https://unoparis.com/,+33 1 42 36 20 47,,,Restaurant italien,web,2,50,non_responsive(+40); no_favicon(+5); no_og(+5),a_verifier,,
6802,Mannie,"32 Rue Coquillière, 75001 Paris, France",paris,Restaurant,https://www.manniegroupe.com/,0813768467,contact@manniegroupe.com,0,Restaurant,web,1,5,no_og(+5),,,
6803,Raffiné 🥩,"194B Rue de Rivoli, 75001 Paris, France",paris,Restaurant de viande,https://www.raffine-paris.com/,+33 1 88 61 35 61,raffine.rivoli@hotmail.com,0,Restaurant de viande,web,1,0,Site moderne,,,
6804,Le Bistrot des Halles,"15 Rue des Halles, 75001 Paris, France",paris,Bistro,,+33 1 42 36 91 69,,,Bistro,web,5,,"Pas de site, telephone present - a contacter (creation)",a_contacter,,
6805,Le Relais Du Vin - Paris,"85 Rue St Denis, 75001 Paris, France",paris,Restaurant français,https://lerelaisduvin.com/,0924124006,,,Restaurant français,web,1,5,no_og(+5),,,
6806,Restaurant Tracé,"15 Rue de Richelieu, 75001 Paris, France",paris,Restaurant gastronomique,,+33 1 71 60 91 30,,,Restaurant gastronomique,web,5,,"Pas de site, telephone present - a contacter (creation)",a_contacter,,
6807,1er Art,"42 Rue Coquillière, 75001 Paris, France",paris,Bistro,,+33 1 42 36 69 11,,,Bistro,web,5,,"Pas de site, telephone present - a contacter (creation)",a_contacter,,
6808,HOLDING,"226 Rue de Rivoli, 75001 Paris, France",paris,hotellerie_restauration,https://www.angelina-paris.fr/adresses/paris-rivoli,0753502271,m.poleluxe@groupe-bertrand.com,,hotellerie_restauration,web,35,,angelina-paris.fr = groupe Bertrand — grand compte,a_verifier,,
6809,CAFE SAINT HONORÉ,"194 Rue Saint-Honoré, 75001 Paris, France",paris,Restaurant,https://www.cafesainthonore.fr/,0142614931,,,Restaurant,web,2,20,pas_https(+15); no_favicon(+5),a_verifier,,
6810,Restaurant Café Joséphine Paris 1,"3 Pl. des Deux Ecus, 75001 Paris, France",paris,Restaurant,http://www.cafe-josephineparis.fr/,+33 1 89 19 59 89,,,Restaurant,web,2,40,pas_https(+15); generator_Wix.com Website Builder(+20); no_og(+5),a_verifier,,
6811,Le Tout-Paris,"8 Quai du Louvre, 75001 Paris, France",paris,Restaurant français,http://letoutparis.fr/?y_source=1_MjM2NzUwMDEtNzE1LWxvY2F0aW9uLndlYnNpdGU%3D,+33 1 79 35 50 22,,,Restaurant français,web,35,,letoutparis.fr = groupe Cheval Blanc — grand compte,a_verifier,,
6812,24 Le restaurant,"24 Rue Jean Mermoz, 75008 Paris, France",paris,Restaurant français,http://24lerestaurant.fr/,0142252424,reservation@24lerestaurant.fr,,Restaurant français,web,3,40,pas_https(+15); generator_Helix Ultimate Joomla(+20); no_og(+5),a_contacter,,
6813,SYLVAIN,"42 Bd Pereire, 75017 Paris, France",paris,Restaurant,https://www.restaurant-lecompositeur.fr/,0171734644,sylvain.maupou@sfr.fr,,Restaurant,web,4,100,erreur 500 persistante (site cassé),a_contacter,,
6814,Le Petit Châtelet,"39 Rue de la Bûcherie, 75005 Paris, France",paris,Restaurant français,https://restaurantlepetitchatelet.com/,0146335340,,,Restaurant français,web,1,15,no_favicon(+5); no_og(+5); no_webp(+5),,,
6815,Restaurant Musa Oberkampf - Paris 11,"117 Rue Saint-Maur, 75011 Paris, France",paris,Restaurant de tapas,https://www.musa.paris/,0399999999,contact@musa.paris,,Restaurant de tapas,web,2,25,generator_Wix.com Website Builder(+20); no_og(+5),a_verifier,,
6816,IKA - Restaurant Curry Japonais Paris 10,"26 Rue de Chabrol, 75010 Paris, France",paris,Restaurant japonais,,+33 9 83 30 13 01,,,Restaurant japonais,web,5,,"Pas de site, telephone present - a contacter (creation)",a_contacter,,
6817,amarante restaurant paris 75012,"4 Rue Biscornet, 75012 Paris, France",paris,Restaurant français,http://www.amarante.paris/,+33 7 67 33 21 25,nasr.al-ozaibi@amarante.paris,,Restaurant français,web,2,25,pas_https(+15); no_favicon(+5); no_og(+5),a_verifier,,
6818,L'Apibo,"31 Rue Tiquetonne, 75002 Paris, France",paris,Restaurant français,http://www.restaurant-lapibo.fr/,0155349450,,,Restaurant français,web,2,20,pas_https(+15); no_webp(+5),a_verifier,,
6819,Un jour à Peyrassol,"13 Rue Vivienne, 75002 Paris, France",paris,Restaurant,,+33 1 42 60 12 92,,,Restaurant,web,5,,"Pas de site, telephone present - a contacter (creation)",a_contacter,,
6820,Le Florentin,"10 Rue Saint-Florentin, 75001 Paris, France",paris,Restaurant français,https://www.leflorentinbistrot.com/,0142601342,,,Restaurant français,web,1,5,no_favicon(+5),,,
6821,Restaurant H,"13 Rue Jean Beausire, 75004 Paris, France",paris,Restaurant,https://www.restauranth.com/,0143488096,contact@restauranth.com,,Restaurant,web,1,5,no_webp(+5),,,
6822,Les Parigots,"5 Rue du Château d'Eau, 75010 Paris, France",paris,Restaurant français,https://www.lesparigots.fr/,+33 1 42 00 22 26,contact.lesparigots@gmail.com,21,Restaurant français,web,1,5,no_webp(+5),,,
6823,Mahatma,"6 Pl. du Maréchal Juin, 75017 Paris, France",paris,Restaurant pakistanais,https://www.mahatmaparis.com/,0147426914,info@mahatma.fr,,Restaurant pakistanais,web,2,25,generator_Wix.com Website Builder(+20); no_og(+5),a_verifier,,
6824,Paris j'Adore Hotel & Spa,"7 Rue Beudant, 75017 Paris, France",paris,hotellerie_restauration,https://www.hotelparisjadore.com/?utm_source=google&utm_medium=organic&utm_campaign=knowledge-graph,0153300300,300emotions@hotelparisjadore.com,,hotellerie_restauration,web,35,,hotelparisjadore.com = hôtel — grand compte,a_verifier,,
6825,OKO,"9 Rue Danton, 75006 Paris, France",paris,Restaurant,https://aletinetine.com/,0146330691,,,Restaurant,web,1,0,Site moderne,,,
6826,La Belle Maison,"88 Rue Lepic, 75018 Paris, France",paris,Restaurant français,https://www.labellemaisonparis.com/,0345826584,contact@lbm.fr,,Restaurant français,web,1,5,no_webp(+5),,,
6827,Restaurant Pantagruel Paris,"10 Rue de Richelieu, 75001 Paris, France",paris,Restaurant gastronomique,https://www.restaurant-pantagruel.com/,0173747728,restaurant.pantagruel@gmail.com,,Restaurant gastronomique,web,2,25,generator_Wix.com Website Builder(+20); no_og(+5),a_verifier,,
6828,Le Paris Paris,"8 Rue de Montfaucon, 75006 Paris, France",paris,Restaurant,http://www.leparisparis.fr/,+33 1 43 26 50 56,,,Restaurant,web,2,65,non_responsive(+40); pas_https(+15); no_favicon(+5); no_og(+5),a_verifier,,
6829,Aux Mille Saveurs - Restaurant Marocain Paris 19,"58 Rue de l'Ourcq, 75019 Paris, France",paris,Restaurant marocain,https://auxmillesaveurs19.com/,0144632013,,,Restaurant marocain,web,1,0,Site moderne,,,
6830,Le Sens Unique,"47 Rue de Ponthieu, 75008 Paris, France",paris,Restaurant français,https://www.restaurant-lesensunique.paris/,+33 1 43 59 76 77,contact@restaurant-lesensunique.paris,64,Restaurant français,web,1,0,Site moderne,,,
6831,Restaurant Guy Savoy,"11 Quai de Conti, 75006 Paris, France",paris,Restaurant gastronomique,http://www.guysavoy.com/,+33 1 43 80 40 61,reserv@guysavoy.com,62,Restaurant gastronomique,web,35,,guysavoy.com = table étoilée (3*) — grand compte,a_verifier,,
6832,PICHAUREAUX,12 rue dulong 75017 Paris,paris,Restaurant gastronomique,https://esensall.com/,0464484449,contact@esensall.com,,Restaurant gastronomique,web,1,5,no_favicon(+5),,,
6833,DELTA - Restaurant Paris 6,8 rue Princesse - 75006 Paris I Capital de,paris,Restaurant,https://www.delta-paris.com/,0223337494,contact@delta-paris.com,,Restaurant,web,2,25,generator_Wix.com Website Builder(+20); no_og(+5),a_verifier,,
6834,Deux Restaurant : Bistrot de chefs,,paris,Restaurant français,https://www.deux-restaurant.fr/,0105585876,contact@deux-restaurant.fr,,Restaurant français,web,1,0,Site moderne,,,
6835,Le P'tit Bistrot,"8 Rue Saint-Martin, 75004 Paris, France",paris,Bistro,,+33 1 42 78 55 80,,,Bistro,web,5,,"Pas de site, telephone present - a contacter (creation)",a_contacter,,
6836,C’est Comme À La Maison - CCALM,,paris,Restaurant,https://www.cestcommealamaison.fr/,,,0,Restaurant,web,1,0,Site moderne,,,
6837,Naï Naï - Bistrot chic asiatique,"93 Rue de la Victoire, 75009 Paris, France",paris,Restaurant asiatique,https://nai-nai-restaurant.fr/,0983739216,,,Restaurant asiatique,web,1,0,Site moderne,,,
6838,Bistro des Lettres,35 quai Grenelle 75015 Paris Adresse e-mail,paris,Restaurant,http://www.bistrodeslettres.com/,,marketing@laromegroup.com,69,Restaurant,web,35,,laromegroup.com = groupe Larome — grand compte,a_verifier,,
6839,GERAUD,61 RUE DE CHABROL 75010 PARIS TVA intracommunautaire,paris,Restaurant gastronomique,https://mache.restaurant/,,reservation@mache.restaurant,56.00000000000001,Restaurant gastronomique,web,1,0,Site moderne,,,
6840,La Padellina,1 rue Chaptal 75009 Paris,paris,Restaurant italien,https://www.lapadellina.com/,0142811501,contact@lapadellina.fr,59,Restaurant italien,web,1,10,no_favicon(+5); no_webp(+5),,,
6841,L'Arlequin - Restaurant,"33 Rue du Faubourg Saint-Martin, 75010 Paris, France",paris,Restaurant,https://larlequinparis.fr/,+33 1 40 18 45 53,,,Restaurant,web,2,25,pas_https(+15); no_favicon(+5); no_og(+5),a_verifier,,
6842,Bistro L'Olivier,"88 Rue Ordener, 75018 Paris, France",paris,Restaurant,https://www.lolivierparis.fr/,+33 1 46 06 46 14,,,Restaurant,web,1,0,Site moderne,,,
6843,Chez Loulou,"63 Rue Rambuteau, 75004 Paris, France",paris,Bistro,https://bistrotchezloulou.com/,0(0)142773730,,0,Bistro,web,1,0,Site moderne,,,
6844,CASAOSTRA,,paris,Restaurant,https://www.ostra.fr/,0143540100,ostraparis@gmail.com,,Restaurant,web,1,0,Site moderne,,,
6845,L'Initial,,paris,Restaurant gastronomique,http://restaurant-linitial.fr/,,,88,Restaurant gastronomique,web,1,15,pas_https(+15),,,
6846,Bombance,"40 Rue des Blancs Manteaux, 75004 Paris, France",paris,Restaurant,https://bombanceparis.fr/,+33 1 45 35 44 62,bombance.paris@gmail.com,74,Restaurant,web,1,0,Site moderne,,,
6847,La Petite Rose des Sables,"6 Rue de Lancry, 75010 Paris, France",paris,Restaurant,,+33 1 40 18 35 30,,0,Restaurant,web,5,,"Pas de site, telephone present - a contacter (creation)",a_contacter,,
6848,Vertueux,,paris,Restaurant,https://restaurantvertueux.com/,0222333846,contact@restaurantvertueux.com,,Restaurant,web,1,0,Site moderne,,,
6849,La Jacobine,61 Rue Saint-André des Arts 75006 PARIS,paris,Restaurant français,https://lajacobine.fr/,0146341595,,,Restaurant français,web,1,5,no_favicon(+5),,,
6850,JEAN-EUDES,58 boulevard de Sebastopol 75003 PARIS France CICERONE SAS est une SAS au capital de,paris,Restaurant français,https://www.sacrefrenchy.com/,,,0,Restaurant français,web,1,0,Site moderne,,,
6851,Le Bel Canto – Restaurant Lyrique Paris,"72 Quai de l'Hôtel de ville, 75004 Paris, France",paris,Restaurant,https://widget.thefork.com/fr/144e3cdd-b463-4d63-a7f7-f1c7f617ac84?utm_source=lebelcanto.com,+33 1 42 78 30 18,,,Restaurant,web,2,,thefork.com = plateforme — pas de site propre,a_verifier,,
6852,St Germain Restaurant notre dame Paris 5,18 Boulevard Saint Germain 75005 Paris France Nous contacter par e-mail cafebdsaintgermain,paris,Restaurant,https://cafesaintgermain.metro.bar/?lang=fr,0974641319,cafebdsaintgermain@gmail.com,56.00000000000001,Restaurant,web,1,0,Site moderne,,,
6853,LArchimede | Restaurant Republique Paris 10 (Canal Saint Martin) | Terrasse,11 RUE MARIE ET LOUISE 75010 PARIS -,paris,Restaurant français,https://larchimede.paris/,0973222817,,62,Restaurant français,web,1,0,Site moderne,,,
