Id,Nom,Adresse,Ville,Secteur,Site,Tel,Email,ScoreActuel,Categorie,Objectif,Opportunite,Score,Signaux,Reco,EmailObjet,EmailCorps,EmailObjet2,EmailCorps2,EmailObjet3,EmailCorps3,EmailObjet4,EmailCorps4
8734,Agence Web Paris | 6LAB,"16 Rue de l'Arcade, 75008 Paris, France",Paris,agence web,https://www.agence-web-paris.com/,+33153055611,contact@6lab.com,,agence web,general,75,,"Créez et développez des sites web et des stratégies digitales (wordpress, symfony, laravel, magento, drupal) depuis 2003 — Ville : Paris.",a_contacter,Partenariat production — agence à agence,"Bonjour Nicolas,

Jean-Marc Dansi, je dirige IncidenX, une agence digitale basée au Bénin. Même fuseau horaire que la France, donc mon équipe est joignable sur vos horaires.

J'ai parcouru votre site et vos prestations. Vous concevez des sites vitrine et institutionnels soignés, avec un vrai travail de webdesign (UX/UI) et de référencement ; quand vos équipes sont en surcharge ou qu'un client presse, notre équipe assure la production en marque blanche sous votre nom. Je contacte quelques agences françaises pour proposer un partenariat de production : vous me transmettez les projets que vous ne pouvez pas absorber — surcharge, délais, périmètre technique — et mon équipe les livre en marque blanche sous votre nom.

Sites web, refonte, SEO technique, automatisation et intégration IA : ce sont nos prestations quotidiennes. Nous avons une équipe complète, pas un développeur isolé.

Vous pouvez juger de notre niveau d'exécution directement : incidenx.com.

Un échange de 15 minutes vous intéresse ?

Jean-Marc Dansi
IncidenX",Re: Partenariat production,"Bonjour Nicolas,

Le point qui intéresse le plus les agences que je contacte : la marge.

Notre structure de coûts au Bénin nous permet de pratiquer des tarifs très en dessous du marché français. Vous facturez votre client à votre tarif habituel, vous nous confiez la production, et vous gardez une marge nettement supérieure à celle d'un projet traité en interne.

Effet secondaire utile : vous pouvez accepter des projets que vous refusez aujourd'hui parce que le budget client ne passe pas votre seuil de rentabilité.

Un site vitrine ou une refonte, c'est le format le plus simple pour tester la collaboration sans engagement.

Jean-Marc Dansi
IncidenX","Notre niveau d'exécution, concrètement","Bonjour Nicolas,

Pour que vous jugiez sur pièces :

Prestations — sites web et refontes, SEO technique, automatisation de processus, intégration IA sur mesure.

Produits internes — nous développons et exploitons nos propres plateformes : génération et publication de contenu multi-format avec personas IA, système de prospection avec audit automatique de fiches et de sites, assistant conversationnel WhatsApp, SaaS de gestion scolaire.

Ces produits ne sont pas des démos. Ils tournent en production et servent nos propres opérations. C'est ce qui nous permet de livrer de l'automatisation et de l'IA qui fonctionnent réellement, pas des intégrations de surface.

Architecture et détails sur incidenx.com/realisations.

Si vous avez une création ou une refonte de site à produire, dites-moi laquelle — je vous réponds en 24h sur la faisabilité et le délai.

Jean-Marc Dansi
IncidenX",Je clos le sujet,"Bonjour Nicolas,

Dernier message, je ne veux pas encombrer votre boîte.

Pas de besoin en ce moment, c'est normal. Gardez simplement le contact : le jour où vous devez refuser un projet faute de bande passante, ou qu'un client demande une brique technique hors de votre périmètre, nous sommes là.

Confidentialité totale, NDA sur demande, nous n'apparaissons jamais auprès de vos clients.

incidenx.com — réponse sous 24h.

Bonne continuation,

Jean-Marc Dansi
IncidenX"
8735,Agence Web Paris - Bew Web Agency,"401 Rue des Pyrénées, 75020 Paris, France",Paris,agence web,https://www.bew-web-agency.fr/,+33184606839,contact@bew-web-agency.fr,,agence web,general,72,,"Créez des sites haut de gamme et gérez le référencement seo (wordpress, prestashop, magento) — Ville : Paris.",a_contacter,Partenariat production — agence à agence,"Bonjour Cyril,

Jean-Marc Dansi, je dirige IncidenX, une agence digitale basée au Bénin. Même fuseau horaire que la France, donc mon équipe est joignable sur vos horaires.

J'ai parcouru votre site et vos prestations. Votre fond de commerce, c'est le SEO et les sites WordPress premium pour les TPE et PME ; quand un client a besoin d'un site ou d'une refonte en plus de votre prestation de référencement, nous pouvons en assurer la production. Je contacte quelques agences françaises pour proposer un partenariat de production : vous me transmettez les projets que vous ne pouvez pas absorber — surcharge, délais, périmètre technique — et mon équipe les livre en marque blanche sous votre nom.

Sites web, refonte, SEO technique, automatisation et intégration IA : ce sont nos prestations quotidiennes. Nous avons une équipe complète, pas un développeur isolé.

Vous pouvez juger de notre niveau d'exécution directement : incidenx.com.

Un échange de 15 minutes vous intéresse ?

Jean-Marc Dansi
IncidenX",Re: Partenariat production,"Bonjour Cyril,

Le point qui intéresse le plus les agences que je contacte : la marge.

Notre structure de coûts au Bénin nous permet de pratiquer des tarifs très en dessous du marché français. Vous facturez votre client à votre tarif habituel, vous nous confiez la production, et vous gardez une marge nettement supérieure à celle d'un projet traité en interne.

Effet secondaire utile : vous pouvez accepter des projets que vous refusez aujourd'hui parce que le budget client ne passe pas votre seuil de rentabilité.

Un site vitrine ou une refonte, c'est le format le plus simple pour tester la collaboration sans engagement.

Jean-Marc Dansi
IncidenX","Notre niveau d'exécution, concrètement","Bonjour Cyril,

Pour que vous jugiez sur pièces :

Prestations — sites web et refontes, SEO technique, automatisation de processus, intégration IA sur mesure.

Produits internes — nous développons et exploitons nos propres plateformes : génération et publication de contenu multi-format avec personas IA, système de prospection avec audit automatique de fiches et de sites, assistant conversationnel WhatsApp, SaaS de gestion scolaire.

Ces produits ne sont pas des démos. Ils tournent en production et servent nos propres opérations. C'est ce qui nous permet de livrer de l'automatisation et de l'IA qui fonctionnent réellement, pas des intégrations de surface.

Architecture et détails sur incidenx.com/realisations.

Si vous avez un site ou une refonte à produire pour un client dans les prochaines semaines, dites-moi lequel — je vous réponds en 24h sur la faisabilité et le délai.

Jean-Marc Dansi
IncidenX",Je clos le sujet,"Bonjour Cyril,

Dernier message, je ne veux pas encombrer votre boîte.

Pas de besoin en ce moment, c'est normal. Gardez simplement le contact : le jour où vous devez refuser un projet faute de bande passante, ou qu'un client demande une brique technique hors de votre périmètre, nous sommes là.

Confidentialité totale, NDA sur demande, nous n'apparaissons jamais auprès de vos clients.

incidenx.com — réponse sous 24h.

Bonne continuation,

Jean-Marc Dansi
IncidenX"
8736,Agence web Paris,,Paris,agence web,https://agence-webparis.fr/,+33625776680,jean@exemple.fr,,agence web,general,10,,"Email placeholder (jean@exemple.fr), projet non identifiable — Ville : Paris.",a_ecarter,,,,,,,,
8737,4Beez,"24 Rue de Clichy, 75009 Paris, France",Paris,agence web,https://4beez.agency/,+33176543097,contact@4beez-inc.com,,agence web,general,74,,"Mêlez branding et sites web sur mesure (wordpress, prestashop, framer) — Ville : Paris.",a_contacter,Partenariat production — agence à agence,"Bonjour Alexandre,

Jean-Marc Dansi, je dirige IncidenX, une agence digitale basée au Bénin. Même fuseau horaire que la France, donc mon équipe est joignable sur vos horaires.

J'ai parcouru votre site et vos prestations. Vous bâtissez des identités visuelles fortes, des sites et des stratégies d'acquisition pour TPE et PME, avec une excellente réputation client ; quand le développement d'un projet déborde de votre planning, notre équipe prend la production en marque blanche. Je contacte quelques agences françaises pour proposer un partenariat de production : vous me transmettez les projets que vous ne pouvez pas absorber — surcharge, délais, périmètre technique — et mon équipe les livre en marque blanche sous votre nom.

Sites web, refonte, SEO technique, automatisation et intégration IA : ce sont nos prestations quotidiennes. Nous avons une équipe complète, pas un développeur isolé.

Vous pouvez juger de notre niveau d'exécution directement : incidenx.com.

Un échange de 15 minutes vous intéresse ?

Jean-Marc Dansi
IncidenX",Re: Partenariat production,"Bonjour Alexandre,

Le point qui intéresse le plus les agences que je contacte : la marge.

Notre structure de coûts au Bénin nous permet de pratiquer des tarifs très en dessous du marché français. Vous facturez votre client à votre tarif habituel, vous nous confiez la production, et vous gardez une marge nettement supérieure à celle d'un projet traité en interne.

Effet secondaire utile : vous pouvez accepter des projets que vous refusez aujourd'hui parce que le budget client ne passe pas votre seuil de rentabilité.

Un site vitrine ou une refonte, c'est le format le plus simple pour tester la collaboration sans engagement.

Jean-Marc Dansi
IncidenX","Notre niveau d'exécution, concrètement","Bonjour Alexandre,

Pour que vous jugiez sur pièces :

Prestations — sites web et refontes, SEO technique, automatisation de processus, intégration IA sur mesure.

Produits internes — nous développons et exploitons nos propres plateformes : génération et publication de contenu multi-format avec personas IA, système de prospection avec audit automatique de fiches et de sites, assistant conversationnel WhatsApp, SaaS de gestion scolaire.

Ces produits ne sont pas des démos. Ils tournent en production et servent nos propres opérations. C'est ce qui nous permet de livrer de l'automatisation et de l'IA qui fonctionnent réellement, pas des intégrations de surface.

Architecture et détails sur incidenx.com/realisations.

Si vous avez un site ou une refonte à livrer dans les prochaines semaines, dites-moi lequel — je vous réponds en 24h sur la faisabilité et le délai.

Jean-Marc Dansi
IncidenX",Je clos le sujet,"Bonjour Alexandre,

Dernier message, je ne veux pas encombrer votre boîte.

Pas de besoin en ce moment, c'est normal. Gardez simplement le contact : le jour où vous devez refuser un projet faute de bande passante, ou qu'un client demande une brique technique hors de votre périmètre, nous sommes là.

Confidentialité totale, NDA sur demande, nous n'apparaissons jamais auprès de vos clients.

incidenx.com — réponse sous 24h.

Bonne continuation,

Jean-Marc Dansi
IncidenX"
8738,Beyonds,"59 Rue Beaubourg, 75003 Paris, France",Paris,agence web,https://www.beyonds.fr/,+33188339716,contact@beyonds.fr,,agence web,general,72,,"Couvrez création, refonte, e-commerce et webdesign (wordpress, webflow, prestashop, magento) — Ville : Paris.",a_contacter,Partenariat production — agence à agence,"Bonjour Alexandre,

Jean-Marc Dansi, je dirige IncidenX, une agence digitale basée au Bénin. Même fuseau horaire que la France, donc mon équipe est joignable sur vos horaires.

J'ai parcouru votre site et vos prestations. Vous créez et refontez des sites sur mesure (vitrine, e-commerce) avec une vraie expertise technique de bout en bout ; pour les chantiers en surcharge ou les briques qui débordent (paiement, intégrations), notre équipe prend le relais en marque blanche. Je contacte quelques agences françaises pour proposer un partenariat de production : vous me transmettez les projets que vous ne pouvez pas absorber — surcharge, délais, périmètre technique — et mon équipe les livre en marque blanche sous votre nom.

Sites web, refonte, SEO technique, automatisation et intégration IA : ce sont nos prestations quotidiennes. Nous avons une équipe complète, pas un développeur isolé.

Vous pouvez juger de notre niveau d'exécution directement : incidenx.com.

Un échange de 15 minutes vous intéresse ?

Jean-Marc Dansi
IncidenX",Re: Partenariat production,"Bonjour Alexandre,

Le point qui intéresse le plus les agences que je contacte : la marge.

Notre structure de coûts au Bénin nous permet de pratiquer des tarifs très en dessous du marché français. Vous facturez votre client à votre tarif habituel, vous nous confiez la production, et vous gardez une marge nettement supérieure à celle d'un projet traité en interne.

Effet secondaire utile : vous pouvez accepter des projets que vous refusez aujourd'hui parce que le budget client ne passe pas votre seuil de rentabilité.

Un site vitrine ou une refonte, c'est le format le plus simple pour tester la collaboration sans engagement.

Jean-Marc Dansi
IncidenX","Notre niveau d'exécution, concrètement","Bonjour Alexandre,

Pour que vous jugiez sur pièces :

Prestations — sites web et refontes, SEO technique, automatisation de processus, intégration IA sur mesure.

Produits internes — nous développons et exploitons nos propres plateformes : génération et publication de contenu multi-format avec personas IA, système de prospection avec audit automatique de fiches et de sites, assistant conversationnel WhatsApp, SaaS de gestion scolaire.

Ces produits ne sont pas des démos. Ils tournent en production et servent nos propres opérations. C'est ce qui nous permet de livrer de l'automatisation et de l'IA qui fonctionnent réellement, pas des intégrations de surface.

Architecture et détails sur incidenx.com/realisations.

Si vous avez un projet de site ou de refonte en attente, dites-moi lequel — je vous réponds en 24h sur la faisabilité et le délai.

Jean-Marc Dansi
IncidenX",Je clos le sujet,"Bonjour Alexandre,

Dernier message, je ne veux pas encombrer votre boîte.

Pas de besoin en ce moment, c'est normal. Gardez simplement le contact : le jour où vous devez refuser un projet faute de bande passante, ou qu'un client demande une brique technique hors de votre périmètre, nous sommes là.

Confidentialité totale, NDA sur demande, nous n'apparaissons jamais auprès de vos clients.

incidenx.com — réponse sous 24h.

Bonne continuation,

Jean-Marc Dansi
IncidenX"
8739,Agence Web Paris | Connected : Création de Site Internet,"66 Av. des Champs-Élysées, 75008 Paris, France",Paris,agence web,https://www.connectedparis.fr/,0417-9200-49,contact@connectedparis.fr,,agence web,general,70,,"Créez des sites vitrine, dynamiques et e-commerce, avec seo et stratégie digitale — Ville : Paris.",a_contacter,Partenariat production — agence à agence,"Bonjour Stéphane,

Jean-Marc Dansi, je dirige IncidenX, une agence digitale basée au Bénin. Même fuseau horaire que la France, donc mon équipe est joignable sur vos horaires.

J'ai parcouru votre site et vos prestations. Vous créez des sites internet performants et les rendez visibles — SEO, marketing digital, réseaux sociaux — pour des clients partout en France ; quand un site ou une refonte doit sortir plus vite que votre planning, notre équipe prend le relais en marque blanche. Je contacte quelques agences françaises pour proposer un partenariat de production : vous me transmettez les projets que vous ne pouvez pas absorber — surcharge, délais, périmètre technique — et mon équipe les livre en marque blanche sous votre nom.

Sites web, refonte, SEO technique, automatisation et intégration IA : ce sont nos prestations quotidiennes. Nous avons une équipe complète, pas un développeur isolé.

Vous pouvez juger de notre niveau d'exécution directement : incidenx.com.

Un échange de 15 minutes vous intéresse ?

Jean-Marc Dansi
IncidenX",Re: Partenariat production,"Bonjour Stéphane,

Le point qui intéresse le plus les agences que je contacte : la marge.

Notre structure de coûts au Bénin nous permet de pratiquer des tarifs très en dessous du marché français. Vous facturez votre client à votre tarif habituel, vous nous confiez la production, et vous gardez une marge nettement supérieure à celle d'un projet traité en interne.

Effet secondaire utile : vous pouvez accepter des projets que vous refusez aujourd'hui parce que le budget client ne passe pas votre seuil de rentabilité.

Un site vitrine ou une refonte, c'est le format le plus simple pour tester la collaboration sans engagement.

Jean-Marc Dansi
IncidenX","Notre niveau d'exécution, concrètement","Bonjour Stéphane,

Pour que vous jugiez sur pièces :

Prestations — sites web et refontes, SEO technique, automatisation de processus, intégration IA sur mesure.

Produits internes — nous développons et exploitons nos propres plateformes : génération et publication de contenu multi-format avec personas IA, système de prospection avec audit automatique de fiches et de sites, assistant conversationnel WhatsApp, SaaS de gestion scolaire.

Ces produits ne sont pas des démos. Ils tournent en production et servent nos propres opérations. C'est ce qui nous permet de livrer de l'automatisation et de l'IA qui fonctionnent réellement, pas des intégrations de surface.

Architecture et détails sur incidenx.com/realisations.

Si vous avez un site ou une refonte à produire dans les prochaines semaines, dites-moi lequel — je vous réponds en 24h sur la faisabilité et le délai.

Jean-Marc Dansi
IncidenX",Je clos le sujet,"Bonjour Stéphane,

Dernier message, je ne veux pas encombrer votre boîte.

Pas de besoin en ce moment, c'est normal. Gardez simplement le contact : le jour où vous devez refuser un projet faute de bande passante, ou qu'un client demande une brique technique hors de votre périmètre, nous sommes là.

Confidentialité totale, NDA sur demande, nous n'apparaissons jamais auprès de vos clients.

incidenx.com — réponse sous 24h.

Bonne continuation,

Jean-Marc Dansi
IncidenX"
8740,WeDezign,"12 Rue Martel, 75010 Paris, France",Paris,agence web,https://www.wedezign.fr/,+33652355556,bonjour@wedezign.fr,,agence web,general,72,,"Proposez des sites web premium (wordpress, webflow, prestashop) aux entreprises ambitieuses — Ville : Paris.",a_contacter,Partenariat production — agence à agence,"Bonjour Alexandre,

Jean-Marc Dansi, je dirige IncidenX, une agence digitale basée au Bénin. Même fuseau horaire que la France, donc mon équipe est joignable sur vos horaires.

J'ai parcouru votre site et vos prestations. Vous concevez des sites WordPress haut de gamme, pensés comme de vrais leviers de crédibilité et de croissance pour des entreprises ambitieuses ; quand un chantier déborde ou qu'un client presse, notre équipe assure la production en marque blanche sous votre nom. Je contacte quelques agences françaises pour proposer un partenariat de production : vous me transmettez les projets que vous ne pouvez pas absorber — surcharge, délais, périmètre technique — et mon équipe les livre en marque blanche sous votre nom.

Sites web, refonte, SEO technique, automatisation et intégration IA : ce sont nos prestations quotidiennes. Nous avons une équipe complète, pas un développeur isolé.

Vous pouvez juger de notre niveau d'exécution directement : incidenx.com.

Un échange de 15 minutes vous intéresse ?

Jean-Marc Dansi
IncidenX",Re: Partenariat production,"Bonjour Alexandre,

Le point qui intéresse le plus les agences que je contacte : la marge.

Notre structure de coûts au Bénin nous permet de pratiquer des tarifs très en dessous du marché français. Vous facturez votre client à votre tarif habituel, vous nous confiez la production, et vous gardez une marge nettement supérieure à celle d'un projet traité en interne.

Effet secondaire utile : vous pouvez accepter des projets que vous refusez aujourd'hui parce que le budget client ne passe pas votre seuil de rentabilité.

Un site vitrine ou une refonte, c'est le format le plus simple pour tester la collaboration sans engagement.

Jean-Marc Dansi
IncidenX","Notre niveau d'exécution, concrètement","Bonjour Alexandre,

Pour que vous jugiez sur pièces :

Prestations — sites web et refontes, SEO technique, automatisation de processus, intégration IA sur mesure.

Produits internes — nous développons et exploitons nos propres plateformes : génération et publication de contenu multi-format avec personas IA, système de prospection avec audit automatique de fiches et de sites, assistant conversationnel WhatsApp, SaaS de gestion scolaire.

Ces produits ne sont pas des démos. Ils tournent en production et servent nos propres opérations. C'est ce qui nous permet de livrer de l'automatisation et de l'IA qui fonctionnent réellement, pas des intégrations de surface.

Architecture et détails sur incidenx.com/realisations.

Si vous avez un projet WordPress, une refonte ou un site en attente, dites-moi lequel — je vous réponds en 24h sur la faisabilité et le délai.

Jean-Marc Dansi
IncidenX",Je clos le sujet,"Bonjour Alexandre,

Dernier message, je ne veux pas encombrer votre boîte.

Pas de besoin en ce moment, c'est normal. Gardez simplement le contact : le jour où vous devez refuser un projet faute de bande passante, ou qu'un client demande une brique technique hors de votre périmètre, nous sommes là.

Confidentialité totale, NDA sur demande, nous n'apparaissons jamais auprès de vos clients.

incidenx.com — réponse sous 24h.

Bonne continuation,

Jean-Marc Dansi
IncidenX"
8741,Agence Web Paris | 77 Leader 3D Immersif,"59 Rue de Lancry, 75010 Paris, France",Paris,agence web,https://3dagencywebimmersive.netlify.app/,+33617296629,,,agence web,general,45,,Site en redirection sans contenu exploitable — Ville : Paris.,a_verifier,,,,,,,,
8742,Churchill,"40 Rue du Château d'Eau, 75010 Paris, France",Paris,agence web,https://www.agence-churchill.fr/?utm_source=google&utm_medium=gmb&utm_campaign=paris,+33482839572,rgpd@churchill.fr,,agence web,general,72,,Développez des sites wordpress/woocommerce et des plateformes symfony/drupal pour des leaders du marché — Ville : Paris.,a_contacter,Partenariat production — agence à agence,"Bonjour Philippe,

Jean-Marc Dansi, je dirige IncidenX, une agence digitale basée au Bénin. Même fuseau horaire que la France, donc mon équipe est joignable sur vos horaires.

J'ai parcouru votre site et vos prestations. Vous créez et refontez des sites WordPress sur-mesure, avec le SEO intégré dès la phase de conception ; pour les pics de charge ou les refontes qui demandent du renfort, notre équipe développe en marque blanche sous votre nom. Je contacte quelques agences françaises pour proposer un partenariat de production : vous me transmettez les projets que vous ne pouvez pas absorber — surcharge, délais, périmètre technique — et mon équipe les livre en marque blanche sous votre nom.

Sites web, refonte, SEO technique, automatisation et intégration IA : ce sont nos prestations quotidiennes. Nous avons une équipe complète, pas un développeur isolé.

Vous pouvez juger de notre niveau d'exécution directement : incidenx.com.

Un échange de 15 minutes vous intéresse ?

Jean-Marc Dansi
IncidenX",Re: Partenariat production,"Bonjour Philippe,

Le point qui intéresse le plus les agences que je contacte : la marge.

Notre structure de coûts au Bénin nous permet de pratiquer des tarifs très en dessous du marché français. Vous facturez votre client à votre tarif habituel, vous nous confiez la production, et vous gardez une marge nettement supérieure à celle d'un projet traité en interne.

Effet secondaire utile : vous pouvez accepter des projets que vous refusez aujourd'hui parce que le budget client ne passe pas votre seuil de rentabilité.

Un site vitrine ou une refonte, c'est le format le plus simple pour tester la collaboration sans engagement.

Jean-Marc Dansi
IncidenX","Notre niveau d'exécution, concrètement","Bonjour Philippe,

Pour que vous jugiez sur pièces :

Prestations — sites web et refontes, SEO technique, automatisation de processus, intégration IA sur mesure.

Produits internes — nous développons et exploitons nos propres plateformes : génération et publication de contenu multi-format avec personas IA, système de prospection avec audit automatique de fiches et de sites, assistant conversationnel WhatsApp, SaaS de gestion scolaire.

Ces produits ne sont pas des démos. Ils tournent en production et servent nos propres opérations. C'est ce qui nous permet de livrer de l'automatisation et de l'IA qui fonctionnent réellement, pas des intégrations de surface.

Architecture et détails sur incidenx.com/realisations.

Si vous avez un projet WordPress ou une refonte en attente, dites-moi lequel — je vous réponds en 24h sur la faisabilité et le délai.

Jean-Marc Dansi
IncidenX",Je clos le sujet,"Bonjour Philippe,

Dernier message, je ne veux pas encombrer votre boîte.

Pas de besoin en ce moment, c'est normal. Gardez simplement le contact : le jour où vous devez refuser un projet faute de bande passante, ou qu'un client demande une brique technique hors de votre périmètre, nous sommes là.

Confidentialité totale, NDA sur demande, nous n'apparaissons jamais auprès de vos clients.

incidenx.com — réponse sous 24h.

Bonne continuation,

Jean-Marc Dansi
IncidenX"
8743,Akisiweb,"117 Rue de Charenton, 75012 Paris, France",Paris,agence web,https://www.akisiweb.com/,+33184809998,infos@akisiweb.com,,agence web,general,68,,"Combinez création de site, référencement et logiciels sur mesure pour les pme — Ville : Paris.",a_contacter,Partenariat production — agence à agence,"Bonjour François,

Jean-Marc Dansi, je dirige IncidenX, une agence digitale basée au Bénin. Même fuseau horaire que la France, donc mon équipe est joignable sur vos horaires.

J'ai parcouru votre site et vos prestations. Vous créez des sites web et des stratégies digitales complètes — SEO, SEA, community management — pour les TPE et PME françaises, avec plus de 3 000 sites à votre actif ; quand un chantier dépasse vos capacités, notre équipe assure la production en marque blanche. Je contacte quelques agences françaises pour proposer un partenariat de production : vous me transmettez les projets que vous ne pouvez pas absorber — surcharge, délais, périmètre technique — et mon équipe les livre en marque blanche sous votre nom.

Sites web, refonte, SEO technique, automatisation et intégration IA : ce sont nos prestations quotidiennes. Nous avons une équipe complète, pas un développeur isolé.

Vous pouvez juger de notre niveau d'exécution directement : incidenx.com.

Un échange de 15 minutes vous intéresse ?

Jean-Marc Dansi
IncidenX",Re: Partenariat production,"Bonjour François,

Le point qui intéresse le plus les agences que je contacte : la marge.

Notre structure de coûts au Bénin nous permet de pratiquer des tarifs très en dessous du marché français. Vous facturez votre client à votre tarif habituel, vous nous confiez la production, et vous gardez une marge nettement supérieure à celle d'un projet traité en interne.

Effet secondaire utile : vous pouvez accepter des projets que vous refusez aujourd'hui parce que le budget client ne passe pas votre seuil de rentabilité.

Un site vitrine ou une refonte, c'est le format le plus simple pour tester la collaboration sans engagement.

Jean-Marc Dansi
IncidenX","Notre niveau d'exécution, concrètement","Bonjour François,

Pour que vous jugiez sur pièces :

Prestations — sites web et refontes, SEO technique, automatisation de processus, intégration IA sur mesure.

Produits internes — nous développons et exploitons nos propres plateformes : génération et publication de contenu multi-format avec personas IA, système de prospection avec audit automatique de fiches et de sites, assistant conversationnel WhatsApp, SaaS de gestion scolaire.

Ces produits ne sont pas des démos. Ils tournent en production et servent nos propres opérations. C'est ce qui nous permet de livrer de l'automatisation et de l'IA qui fonctionnent réellement, pas des intégrations de surface.

Architecture et détails sur incidenx.com/realisations.

Si vous avez un site ou une refonte qui doit partir vite, dites-moi lequel — je vous réponds en 24h sur la faisabilité et le délai.

Jean-Marc Dansi
IncidenX",Je clos le sujet,"Bonjour François,

Dernier message, je ne veux pas encombrer votre boîte.

Pas de besoin en ce moment, c'est normal. Gardez simplement le contact : le jour où vous devez refuser un projet faute de bande passante, ou qu'un client demande une brique technique hors de votre périmètre, nous sommes là.

Confidentialité totale, NDA sur demande, nous n'apparaissons jamais auprès de vos clients.

incidenx.com — réponse sous 24h.

Bonne continuation,

Jean-Marc Dansi
IncidenX"
8744,Blacksmith,"16 R. de Turbigo, 75002 Paris, France",Paris,agence web,http://blacksmith.studio/,+33183790205,contact@blacksmith.studio,,agence web,general,75,,"Déployez des plateformes e-commerce magento et des solutions data/ia (pim, dam, mdm) — Ville : Paris.",a_contacter,Partenariat production — agence à agence,"Bonjour Jean-François,

Jean-Marc Dansi, je dirige IncidenX, une agence digitale basée au Bénin. Même fuseau horaire que la France, donc mon équipe est joignable sur vos horaires.

J'ai parcouru votre site et vos prestations. Vous développez des produits digitaux exigeants — web, mobile, SaaS, e-commerce — pour startups et grands comptes, avec une belle culture technique ; pour les pics de charge ou les briques à livrer vite, notre équipe développe en marque blanche sous votre nom. Je contacte quelques agences françaises pour proposer un partenariat de production : vous me transmettez les projets que vous ne pouvez pas absorber — surcharge, délais, périmètre technique — et mon équipe les livre en marque blanche sous votre nom.

Sites web, refonte, SEO technique, automatisation et intégration IA : ce sont nos prestations quotidiennes. Nous avons une équipe complète, pas un développeur isolé.

Vous pouvez juger de notre niveau d'exécution directement : incidenx.com.

Un échange de 15 minutes vous intéresse ?

Jean-Marc Dansi
IncidenX",Re: Partenariat production,"Bonjour Jean-François,

Le point qui intéresse le plus les agences que je contacte : la marge.

Notre structure de coûts au Bénin nous permet de pratiquer des tarifs très en dessous du marché français. Vous facturez votre client à votre tarif habituel, vous nous confiez la production, et vous gardez une marge nettement supérieure à celle d'un projet traité en interne.

Effet secondaire utile : vous pouvez accepter des projets que vous refusez aujourd'hui parce que le budget client ne passe pas votre seuil de rentabilité.

Un site vitrine ou une refonte, c'est le format le plus simple pour tester la collaboration sans engagement.

Jean-Marc Dansi
IncidenX","Notre niveau d'exécution, concrètement","Bonjour Jean-François,

Pour que vous jugiez sur pièces :

Prestations — sites web et refontes, SEO technique, automatisation de processus, intégration IA sur mesure.

Produits internes — nous développons et exploitons nos propres plateformes : génération et publication de contenu multi-format avec personas IA, système de prospection avec audit automatique de fiches et de sites, assistant conversationnel WhatsApp, SaaS de gestion scolaire.

Ces produits ne sont pas des démos. Ils tournent en production et servent nos propres opérations. C'est ce qui nous permet de livrer de l'automatisation et de l'IA qui fonctionnent réellement, pas des intégrations de surface.

Architecture et détails sur incidenx.com/realisations.

Si vous avez un chantier à absorber — application, SaaS ou refonte — dites-moi lequel, je vous réponds en 24h sur la faisabilité et le délai.

Jean-Marc Dansi
IncidenX",Je clos le sujet,"Bonjour Jean-François,

Dernier message, je ne veux pas encombrer votre boîte.

Pas de besoin en ce moment, c'est normal. Gardez simplement le contact : le jour où vous devez refuser un projet faute de bande passante, ou qu'un client demande une brique technique hors de votre périmètre, nous sommes là.

Confidentialité totale, NDA sur demande, nous n'apparaissons jamais auprès de vos clients.

incidenx.com — réponse sous 24h.

Bonne continuation,

Jean-Marc Dansi
IncidenX"
8745,Youdemus,"15 Rue des Halles, 75001 Paris, France",Paris,agence web,https://www.youdemus.fr/?utm_source=google&utm_medium=gmb&utm_campaign=gmb_paris,+33184172634,contact@youdemus.fr,,agence web,general,70,,"Associez agence web et intelligence artificielle (paris, bordeaux) — Ville : Paris.",a_contacter,Partenariat production — agence à agence,"Bonjour Thomas,

Jean-Marc Dansi, je dirige IncidenX, une agence digitale basée au Bénin. Même fuseau horaire que la France, donc mon équipe est joignable sur vos horaires.

J'ai parcouru votre site et vos prestations. Vous êtes reconnus comme une agence WordPress de référence, avec une vraie culture SEO/GEO et une approche éco-responsable ; pour les productions qui débordent ou les refontes pressées, notre équipe prend le relais en marque blanche, sous votre nom. Je contacte quelques agences françaises pour proposer un partenariat de production : vous me transmettez les projets que vous ne pouvez pas absorber — surcharge, délais, périmètre technique — et mon équipe les livre en marque blanche sous votre nom.

Sites web, refonte, SEO technique, automatisation et intégration IA : ce sont nos prestations quotidiennes. Nous avons une équipe complète, pas un développeur isolé.

Vous pouvez juger de notre niveau d'exécution directement : incidenx.com.

Un échange de 15 minutes vous intéresse ?

Jean-Marc Dansi
IncidenX",Re: Partenariat production,"Bonjour Thomas,

Le point qui intéresse le plus les agences que je contacte : la marge.

Notre structure de coûts au Bénin nous permet de pratiquer des tarifs très en dessous du marché français. Vous facturez votre client à votre tarif habituel, vous nous confiez la production, et vous gardez une marge nettement supérieure à celle d'un projet traité en interne.

Effet secondaire utile : vous pouvez accepter des projets que vous refusez aujourd'hui parce que le budget client ne passe pas votre seuil de rentabilité.

Un site vitrine ou une refonte, c'est le format le plus simple pour tester la collaboration sans engagement.

Jean-Marc Dansi
IncidenX","Notre niveau d'exécution, concrètement","Bonjour Thomas,

Pour que vous jugiez sur pièces :

Prestations — sites web et refontes, SEO technique, automatisation de processus, intégration IA sur mesure.

Produits internes — nous développons et exploitons nos propres plateformes : génération et publication de contenu multi-format avec personas IA, système de prospection avec audit automatique de fiches et de sites, assistant conversationnel WhatsApp, SaaS de gestion scolaire.

Ces produits ne sont pas des démos. Ils tournent en production et servent nos propres opérations. C'est ce qui nous permet de livrer de l'automatisation et de l'IA qui fonctionnent réellement, pas des intégrations de surface.

Architecture et détails sur incidenx.com/realisations.

Si vous avez un projet WordPress, une refonte ou une intégration en attente, dites-moi lequel, je vous réponds en 24h sur la faisabilité et le délai.

Jean-Marc Dansi
IncidenX",Je clos le sujet,"Bonjour Thomas,

Dernier message, je ne veux pas encombrer votre boîte.

Pas de besoin en ce moment, c'est normal. Gardez simplement le contact : le jour où vous devez refuser un projet faute de bande passante, ou qu'un client demande une brique technique hors de votre périmètre, nous sommes là.

Confidentialité totale, NDA sur demande, nous n'apparaissons jamais auprès de vos clients.

incidenx.com — réponse sous 24h.

Bonne continuation,

Jean-Marc Dansi
IncidenX"
8746,Agence Digitale Fullstack Paris,"60 Rue François 1er, 75008 Paris, France",Paris,agence web,https://fstck.co/,+33185093953,contact@fstck.co,,agence web,general,72,,"Produisez sites, e-commerce et applications métier (wordpress, prestashop, magento, react) — Ville : Paris.",a_contacter,Partenariat production — agence à agence,"Bonjour Sébastien,

Jean-Marc Dansi, je dirige IncidenX, une agence digitale basée au Bénin. Même fuseau horaire que la France, donc mon équipe est joignable sur vos horaires.

J'ai parcouru votre site et vos prestations. Vous concevez des produits digitaux exigeants — sites, applications, SaaS — avec une vraie culture de l'expérience utilisateur ; pour les pics de charge ou les briques à livrer vite, notre équipe développe en marque blanche. Je contacte quelques agences françaises pour proposer un partenariat de production : vous me transmettez les projets que vous ne pouvez pas absorber — surcharge, délais, périmètre technique — et mon équipe les livre en marque blanche sous votre nom.

Sites web, refonte, SEO technique, automatisation et intégration IA : ce sont nos prestations quotidiennes. Nous avons une équipe complète, pas un développeur isolé.

Vous pouvez juger de notre niveau d'exécution directement : incidenx.com.

Un échange de 15 minutes vous intéresse ?

Jean-Marc Dansi
IncidenX",Re: Partenariat production,"Bonjour Sébastien,

Le point qui intéresse le plus les agences que je contacte : la marge.

Notre structure de coûts au Bénin nous permet de pratiquer des tarifs très en dessous du marché français. Vous facturez votre client à votre tarif habituel, vous nous confiez la production, et vous gardez une marge nettement supérieure à celle d'un projet traité en interne.

Effet secondaire utile : vous pouvez accepter des projets que vous refusez aujourd'hui parce que le budget client ne passe pas votre seuil de rentabilité.

Un site vitrine ou une refonte, c'est le format le plus simple pour tester la collaboration sans engagement.

Jean-Marc Dansi
IncidenX","Notre niveau d'exécution, concrètement","Bonjour Sébastien,

Pour que vous jugiez sur pièces :

Prestations — sites web et refontes, SEO technique, automatisation de processus, intégration IA sur mesure.

Produits internes — nous développons et exploitons nos propres plateformes : génération et publication de contenu multi-format avec personas IA, système de prospection avec audit automatique de fiches et de sites, assistant conversationnel WhatsApp, SaaS de gestion scolaire.

Ces produits ne sont pas des démos. Ils tournent en production et servent nos propres opérations. C'est ce qui nous permet de livrer de l'automatisation et de l'IA qui fonctionnent réellement, pas des intégrations de surface.

Architecture et détails sur incidenx.com/realisations.

Si vous avez un chantier à absorber — site, application ou refonte — dites-moi lequel, je vous réponds en 24h sur la faisabilité et le délai.

Jean-Marc Dansi
IncidenX",Je clos le sujet,"Bonjour Sébastien,

Dernier message, je ne veux pas encombrer votre boîte.

Pas de besoin en ce moment, c'est normal. Gardez simplement le contact : le jour où vous devez refuser un projet faute de bande passante, ou qu'un client demande une brique technique hors de votre périmètre, nous sommes là.

Confidentialité totale, NDA sur demande, nous n'apparaissons jamais auprès de vos clients.

incidenx.com — réponse sous 24h.

Bonne continuation,

Jean-Marc Dansi
IncidenX"
8747,Digitalkeys Paris,"115 Rue d'Aboukir, 75002 Paris, France",Paris,agence web,https://agencedemarketing.com/,+33180182880,,,agence web,general,60,,Agence marketing digital (seo & google ads) — email manquant — Ville : Paris.,a_verifier,Partenariat production — agence à agence,"Bonjour Thierry,

Jean-Marc Dansi, je dirige IncidenX, une agence digitale basée au Bénin. Même fuseau horaire que la France, donc mon équipe est joignable sur vos horaires.

J'ai parcouru votre site et vos prestations. Vous êtes une agence de marketing digital qui combine référencement naturel et Google Ads pour générer une croissance mesurable sur les sites de ses clients ; quand un site, une landing page ou une refonte doit accompagner une campagne, notre équipe prend le développement en marque blanche. Je contacte quelques agences françaises pour proposer un partenariat de production : vous me transmettez les projets que vous ne pouvez pas absorber — surcharge, délais, périmètre technique — et mon équipe les livre en marque blanche sous votre nom.

Sites web, refonte, SEO technique, automatisation et intégration IA : ce sont nos prestations quotidiennes. Nous avons une équipe complète, pas un développeur isolé.

Vous pouvez juger de notre niveau d'exécution directement : incidenx.com.

Un échange de 15 minutes vous intéresse ?

Jean-Marc Dansi
IncidenX",Re: Partenariat production,"Bonjour Thierry,

Le point qui intéresse le plus les agences que je contacte : la marge.

Notre structure de coûts au Bénin nous permet de pratiquer des tarifs très en dessous du marché français. Vous facturez votre client à votre tarif habituel, vous nous confiez la production, et vous gardez une marge nettement supérieure à celle d'un projet traité en interne.

Effet secondaire utile : vous pouvez accepter des projets que vous refusez aujourd'hui parce que le budget client ne passe pas votre seuil de rentabilité.

Un site vitrine ou une refonte, c'est le format le plus simple pour tester la collaboration sans engagement.

Jean-Marc Dansi
IncidenX","Notre niveau d'exécution, concrètement","Bonjour Thierry,

Pour que vous jugiez sur pièces :

Prestations — sites web et refontes, SEO technique, automatisation de processus, intégration IA sur mesure.

Produits internes — nous développons et exploitons nos propres plateformes : génération et publication de contenu multi-format avec personas IA, système de prospection avec audit automatique de fiches et de sites, assistant conversationnel WhatsApp, SaaS de gestion scolaire.

Ces produits ne sont pas des démos. Ils tournent en production et servent nos propres opérations. C'est ce qui nous permet de livrer de l'automatisation et de l'IA qui fonctionnent réellement, pas des intégrations de surface.

Architecture et détails sur incidenx.com/realisations.

Si un site ou une landing page doit accompagner une de vos campagnes, dites-moi-le — je vous réponds en 24h sur la faisabilité et le délai.

Jean-Marc Dansi
IncidenX",Je clos le sujet,"Bonjour Thierry,

Dernier message, je ne veux pas encombrer votre boîte.

Pas de besoin en ce moment, c'est normal. Gardez simplement le contact : le jour où vous devez refuser un projet faute de bande passante, ou qu'un client demande une brique technique hors de votre périmètre, nous sommes là.

Confidentialité totale, NDA sur demande, nous n'apparaissons jamais auprès de vos clients.

incidenx.com — réponse sous 24h.

Bonne continuation,

Jean-Marc Dansi
IncidenX"
8748,Agence Web Paris | Visual & Ko,"3 Rue Keller, 75011 Paris, France",Paris,agence web,https://visualandko.com/fr,+33767744343,contact@visualandko.com,,agence web,general,68,,"Êtes une agence seo/sea au service des artisans, commerçants et pme — Ville : Paris.",a_contacter,Partenariat production — agence à agence,"Bonjour Julien,

Jean-Marc Dansi, je dirige IncidenX, une agence digitale basée au Bénin. Même fuseau horaire que la France, donc mon équipe est joignable sur vos horaires.

J'ai parcouru votre site et vos prestations. Vous créez des sites uniques pour les artisans, commerçants et PME, avec le SEO et Google Ads en accompagnement ; pour les pics de charge ou les délais courts, notre équipe prend le relais de la production en marque blanche. Je contacte quelques agences françaises pour proposer un partenariat de production : vous me transmettez les projets que vous ne pouvez pas absorber — surcharge, délais, périmètre technique — et mon équipe les livre en marque blanche sous votre nom.

Sites web, refonte, SEO technique, automatisation et intégration IA : ce sont nos prestations quotidiennes. Nous avons une équipe complète, pas un développeur isolé.

Vous pouvez juger de notre niveau d'exécution directement : incidenx.com.

Un échange de 15 minutes vous intéresse ?

Jean-Marc Dansi
IncidenX",Re: Partenariat production,"Bonjour Julien,

Le point qui intéresse le plus les agences que je contacte : la marge.

Notre structure de coûts au Bénin nous permet de pratiquer des tarifs très en dessous du marché français. Vous facturez votre client à votre tarif habituel, vous nous confiez la production, et vous gardez une marge nettement supérieure à celle d'un projet traité en interne.

Effet secondaire utile : vous pouvez accepter des projets que vous refusez aujourd'hui parce que le budget client ne passe pas votre seuil de rentabilité.

Un site vitrine ou une refonte, c'est le format le plus simple pour tester la collaboration sans engagement.

Jean-Marc Dansi
IncidenX","Notre niveau d'exécution, concrètement","Bonjour Julien,

Pour que vous jugiez sur pièces :

Prestations — sites web et refontes, SEO technique, automatisation de processus, intégration IA sur mesure.

Produits internes — nous développons et exploitons nos propres plateformes : génération et publication de contenu multi-format avec personas IA, système de prospection avec audit automatique de fiches et de sites, assistant conversationnel WhatsApp, SaaS de gestion scolaire.

Ces produits ne sont pas des démos. Ils tournent en production et servent nos propres opérations. C'est ce qui nous permet de livrer de l'automatisation et de l'IA qui fonctionnent réellement, pas des intégrations de surface.

Architecture et détails sur incidenx.com/realisations.

Si vous avez un site ou une refonte à produire pour un artisan, un commerçant ou une PME, dites-moi lequel — je vous réponds en 24h sur la faisabilité et le délai.

Jean-Marc Dansi
IncidenX",Je clos le sujet,"Bonjour Julien,

Dernier message, je ne veux pas encombrer votre boîte.

Pas de besoin en ce moment, c'est normal. Gardez simplement le contact : le jour où vous devez refuser un projet faute de bande passante, ou qu'un client demande une brique technique hors de votre périmètre, nous sommes là.

Confidentialité totale, NDA sur demande, nous n'apparaissons jamais auprès de vos clients.

incidenx.com — réponse sous 24h.

Bonne continuation,

Jean-Marc Dansi
IncidenX"
8749,Prilika - Agence Web,,Paris,agence web,https://www.prilika.fr/,+33764151750,contact@prilika.fr,,agence web,general,72,,"Créez des sites vitrine et boutiques qui ramènent des clients, promesse sans prise de tête — Ville : Paris.",a_contacter,Partenariat production — agence à agence,"Bonjour Mustafa,

Jean-Marc Dansi, je dirige IncidenX, une agence digitale basée au Bénin. Même fuseau horaire que la France, donc mon équipe est joignable sur vos horaires.

J'ai parcouru votre site et vos prestations. Vous développez une agence digitale positionnée sur les sites, le SEO et les campagnes publicitaires, avec des briques SaaS et IA ; quand un chantier dépasse la capacité d'une petite équipe, notre équipe prend le relais de la production en marque blanche. Je contacte quelques agences françaises pour proposer un partenariat de production : vous me transmettez les projets que vous ne pouvez pas absorber — surcharge, délais, périmètre technique — et mon équipe les livre en marque blanche sous votre nom.

Sites web, refonte, SEO technique, automatisation et intégration IA : ce sont nos prestations quotidiennes. Nous avons une équipe complète, pas un développeur isolé.

Vous pouvez juger de notre niveau d'exécution directement : incidenx.com.

Un échange de 15 minutes vous intéresse ?

Jean-Marc Dansi
IncidenX",Re: Partenariat production,"Bonjour Mustafa,

Le point qui intéresse le plus les agences que je contacte : la marge.

Notre structure de coûts au Bénin nous permet de pratiquer des tarifs très en dessous du marché français. Vous facturez votre client à votre tarif habituel, vous nous confiez la production, et vous gardez une marge nettement supérieure à celle d'un projet traité en interne.

Effet secondaire utile : vous pouvez accepter des projets que vous refusez aujourd'hui parce que le budget client ne passe pas votre seuil de rentabilité.

Un site vitrine ou une refonte, c'est le format le plus simple pour tester la collaboration sans engagement.

Jean-Marc Dansi
IncidenX","Notre niveau d'exécution, concrètement","Bonjour Mustafa,

Pour que vous jugiez sur pièces :

Prestations — sites web et refontes, SEO technique, automatisation de processus, intégration IA sur mesure.

Produits internes — nous développons et exploitons nos propres plateformes : génération et publication de contenu multi-format avec personas IA, système de prospection avec audit automatique de fiches et de sites, assistant conversationnel WhatsApp, SaaS de gestion scolaire.

Ces produits ne sont pas des démos. Ils tournent en production et servent nos propres opérations. C'est ce qui nous permet de livrer de l'automatisation et de l'IA qui fonctionnent réellement, pas des intégrations de surface.

Architecture et détails sur incidenx.com/realisations.

Si vous avez un site ou un chantier qui dépasse vos capacités aujourd'hui, dites-moi lequel — je vous réponds en 24h sur la faisabilité et le délai.

Jean-Marc Dansi
IncidenX",Je clos le sujet,"Bonjour Mustafa,

Dernier message, je ne veux pas encombrer votre boîte.

Pas de besoin en ce moment, c'est normal. Gardez simplement le contact : le jour où vous devez refuser un projet faute de bande passante, ou qu'un client demande une brique technique hors de votre périmètre, nous sommes là.

Confidentialité totale, NDA sur demande, nous n'apparaissons jamais auprès de vos clients.

incidenx.com — réponse sous 24h.

Bonne continuation,

Jean-Marc Dansi
IncidenX"
8750,Visibleo - Agence Digitale Paris,"131 Bd Pereire, 75017 Paris, France",Paris,agence web,https://www.visibleo.co/?utm_source=GMB&utm_medium=organic&utm_campaign=paris,+33184202131,contact@visibleo.co,,agence web,general,65,,"Accompagnez les tpe/pme en seo, sea et création de sites — Ville : Paris.",a_contacter,Partenariat production — agence à agence,"Bonjour Thomas,

Jean-Marc Dansi, je dirige IncidenX, une agence digitale basée au Bénin. Même fuseau horaire que la France, donc mon équipe est joignable sur vos horaires.

J'ai parcouru votre site et vos prestations. Vous êtes une agence de référencement SEA et SEO qui accompagne les TPE et PME en toute transparence, avec un suivi mensuel ; quand une campagne doit s'appuyer sur des sites ou des pages à produire vite, notre équipe prend la réalisation en marque blanche. Je contacte quelques agences françaises pour proposer un partenariat de production : vous me transmettez les projets que vous ne pouvez pas absorber — surcharge, délais, périmètre technique — et mon équipe les livre en marque blanche sous votre nom.

Sites web, refonte, SEO technique, automatisation et intégration IA : ce sont nos prestations quotidiennes. Nous avons une équipe complète, pas un développeur isolé.

Vous pouvez juger de notre niveau d'exécution directement : incidenx.com.

Un échange de 15 minutes vous intéresse ?

Jean-Marc Dansi
IncidenX",Re: Partenariat production,"Bonjour Thomas,

Le point qui intéresse le plus les agences que je contacte : la marge.

Notre structure de coûts au Bénin nous permet de pratiquer des tarifs très en dessous du marché français. Vous facturez votre client à votre tarif habituel, vous nous confiez la production, et vous gardez une marge nettement supérieure à celle d'un projet traité en interne.

Effet secondaire utile : vous pouvez accepter des projets que vous refusez aujourd'hui parce que le budget client ne passe pas votre seuil de rentabilité.

Un site vitrine ou une refonte, c'est le format le plus simple pour tester la collaboration sans engagement.

Jean-Marc Dansi
IncidenX","Notre niveau d'exécution, concrètement","Bonjour Thomas,

Pour que vous jugiez sur pièces :

Prestations — sites web et refontes, SEO technique, automatisation de processus, intégration IA sur mesure.

Produits internes — nous développons et exploitons nos propres plateformes : génération et publication de contenu multi-format avec personas IA, système de prospection avec audit automatique de fiches et de sites, assistant conversationnel WhatsApp, SaaS de gestion scolaire.

Ces produits ne sont pas des démos. Ils tournent en production et servent nos propres opérations. C'est ce qui nous permet de livrer de l'automatisation et de l'IA qui fonctionnent réellement, pas des intégrations de surface.

Architecture et détails sur incidenx.com/realisations.

Si vous avez un site ou une page de conversion à produire pour vos clients SEO/SEA, dites-moi-le — je vous réponds en 24h sur la faisabilité et le délai.

Jean-Marc Dansi
IncidenX",Je clos le sujet,"Bonjour Thomas,

Dernier message, je ne veux pas encombrer votre boîte.

Pas de besoin en ce moment, c'est normal. Gardez simplement le contact : le jour où vous devez refuser un projet faute de bande passante, ou qu'un client demande une brique technique hors de votre périmètre, nous sommes là.

Confidentialité totale, NDA sur demande, nous n'apparaissons jamais auprès de vos clients.

incidenx.com — réponse sous 24h.

Bonne continuation,

Jean-Marc Dansi
IncidenX"
8751,Agence web Paris | Ask Agency,"60 Rue François 1er, 75008 Paris, France",Paris,agence web,http://www.ask-agency.fr/,+33612234796,kim-jimmy.velousamy@ask-agency.fr,,agence web,general,78,,"Créez des sites internet performants (wordpress, webflow) — votre site évoque l'affiliation — Ville : Paris.",a_contacter,Partenariat production — agence à agence,"Bonjour Kim-Jimmy,

Jean-Marc Dansi, je dirige IncidenX, une agence digitale basée au Bénin. Même fuseau horaire que la France, donc mon équipe est joignable sur vos horaires.

J'ai parcouru votre site et vos prestations. Vous créez et refontez des sites vitrine et e-commerce et gérez l'acquisition de vos clients ; quand un chantier déborde ou qu'une boutique exige des briques techniques (paiement, intégrations, automatisation), nous prenons le relais de la production. Je contacte quelques agences françaises pour proposer un partenariat de production : vous me transmettez les projets que vous ne pouvez pas absorber — surcharge, délais, périmètre technique — et mon équipe les livre en marque blanche sous votre nom.

Sites web, refonte, SEO technique, automatisation et intégration IA : ce sont nos prestations quotidiennes. Nous avons une équipe complète, pas un développeur isolé.

Vous pouvez juger de notre niveau d'exécution directement : incidenx.com.

Un échange de 15 minutes vous intéresse ?

Jean-Marc Dansi
IncidenX",Re: Partenariat production,"Bonjour Kim-Jimmy,

Le point qui intéresse le plus les agences que je contacte : la marge.

Notre structure de coûts au Bénin nous permet de pratiquer des tarifs très en dessous du marché français. Vous facturez votre client à votre tarif habituel, vous nous confiez la production, et vous gardez une marge nettement supérieure à celle d'un projet traité en interne.

Effet secondaire utile : vous pouvez accepter des projets que vous refusez aujourd'hui parce que le budget client ne passe pas votre seuil de rentabilité.

Un site vitrine ou une refonte, c'est le format le plus simple pour tester la collaboration sans engagement.

Jean-Marc Dansi
IncidenX","Notre niveau d'exécution, concrètement","Bonjour Kim-Jimmy,

Pour que vous jugiez sur pièces :

Prestations — sites web et refontes, SEO technique, automatisation de processus, intégration IA sur mesure.

Produits internes — nous développons et exploitons nos propres plateformes : génération et publication de contenu multi-format avec personas IA, système de prospection avec audit automatique de fiches et de sites, assistant conversationnel WhatsApp, SaaS de gestion scolaire.

Ces produits ne sont pas des démos. Ils tournent en production et servent nos propres opérations. C'est ce qui nous permet de livrer de l'automatisation et de l'IA qui fonctionnent réellement, pas des intégrations de surface.

Architecture et détails sur incidenx.com/realisations.

Si vous avez un projet vitrine ou e-commerce en attente, dites-moi lequel — je vous réponds en 24h sur la faisabilité et le délai.

Jean-Marc Dansi
IncidenX",Je clos le sujet,"Bonjour Kim-Jimmy,

Dernier message, je ne veux pas encombrer votre boîte.

Pas de besoin en ce moment, c'est normal. Gardez simplement le contact : le jour où vous devez refuser un projet faute de bande passante, ou qu'un client demande une brique technique hors de votre périmètre, nous sommes là.

Confidentialité totale, NDA sur demande, nous n'apparaissons jamais auprès de vos clients.

incidenx.com — réponse sous 24h.

Bonne continuation,

Jean-Marc Dansi
IncidenX"
8752,Agence digitale E-DEVWEB,"37-39 Av. Ledru Rollin, 75012 Paris, France",Paris,agence web,https://e-devweb.com/,+33185533898,contact@e-devweb.com,,agence web,general,70,,"Alliez stratégie webmarketing et solutions digitales (développement, référencement, e-commerce) — Ville : Paris.",a_contacter,Partenariat production — agence à agence,"Bonjour Emeric,

Jean-Marc Dansi, je dirige IncidenX, une agence digitale basée au Bénin. Même fuseau horaire que la France, donc mon équipe est joignable sur vos horaires.

J'ai parcouru votre site et vos prestations. Vous accompagnez les PME sur l'acquisition, la création de sites et le développement d'outils métiers sur mesure ; quand un chantier demande plus de capacités de production, notre équipe assure la réalisation en marque blanche. Je contacte quelques agences françaises pour proposer un partenariat de production : vous me transmettez les projets que vous ne pouvez pas absorber — surcharge, délais, périmètre technique — et mon équipe les livre en marque blanche sous votre nom.

Sites web, refonte, SEO technique, automatisation et intégration IA : ce sont nos prestations quotidiennes. Nous avons une équipe complète, pas un développeur isolé.

Vous pouvez juger de notre niveau d'exécution directement : incidenx.com.

Un échange de 15 minutes vous intéresse ?

Jean-Marc Dansi
IncidenX",Re: Partenariat production,"Bonjour Emeric,

Le point qui intéresse le plus les agences que je contacte : la marge.

Notre structure de coûts au Bénin nous permet de pratiquer des tarifs très en dessous du marché français. Vous facturez votre client à votre tarif habituel, vous nous confiez la production, et vous gardez une marge nettement supérieure à celle d'un projet traité en interne.

Effet secondaire utile : vous pouvez accepter des projets que vous refusez aujourd'hui parce que le budget client ne passe pas votre seuil de rentabilité.

Un site vitrine ou une refonte, c'est le format le plus simple pour tester la collaboration sans engagement.

Jean-Marc Dansi
IncidenX","Notre niveau d'exécution, concrètement","Bonjour Emeric,

Pour que vous jugiez sur pièces :

Prestations — sites web et refontes, SEO technique, automatisation de processus, intégration IA sur mesure.

Produits internes — nous développons et exploitons nos propres plateformes : génération et publication de contenu multi-format avec personas IA, système de prospection avec audit automatique de fiches et de sites, assistant conversationnel WhatsApp, SaaS de gestion scolaire.

Ces produits ne sont pas des démos. Ils tournent en production et servent nos propres opérations. C'est ce qui nous permet de livrer de l'automatisation et de l'IA qui fonctionnent réellement, pas des intégrations de surface.

Architecture et détails sur incidenx.com/realisations.

Si vous avez un site, un outil métier ou une refonte à produire, dites-moi lequel — je vous réponds en 24h sur la faisabilité et le délai.

Jean-Marc Dansi
IncidenX",Je clos le sujet,"Bonjour Emeric,

Dernier message, je ne veux pas encombrer votre boîte.

Pas de besoin en ce moment, c'est normal. Gardez simplement le contact : le jour où vous devez refuser un projet faute de bande passante, ou qu'un client demande une brique technique hors de votre périmètre, nous sommes là.

Confidentialité totale, NDA sur demande, nous n'apparaissons jamais auprès de vos clients.

incidenx.com — réponse sous 24h.

Bonne continuation,

Jean-Marc Dansi
IncidenX"
8753,Site web Paris 13,,Paris,agence web,http://lucas-web.fr/,+33616853380,contact@lucas-web.fr,,agence web,general,62,,Créez des sites et faites du référencement local pour les artisans — Ville : Paris.,a_contacter,Partenariat production — agence à agence,"Bonjour Lucas,

Jean-Marc Dansi, je dirige IncidenX, une agence digitale basée au Bénin. Même fuseau horaire que la France, donc mon équipe est joignable sur vos horaires.

J'ai parcouru votre site et vos prestations. Vous créez des sites internet et assurez le référencement local pour les artisans et les PME, avec des solutions simples et efficaces pour qu'ils soient vus et choisis sur leur zone ; pour les projets à absorber en période de charge, notre équipe livre la production en marque blanche. Je contacte quelques agences françaises pour proposer un partenariat de production : vous me transmettez les projets que vous ne pouvez pas absorber — surcharge, délais, périmètre technique — et mon équipe les livre en marque blanche sous votre nom.

Sites web, refonte, SEO technique, automatisation et intégration IA : ce sont nos prestations quotidiennes. Nous avons une équipe complète, pas un développeur isolé.

Vous pouvez juger de notre niveau d'exécution directement : incidenx.com.

Un échange de 15 minutes vous intéresse ?

Jean-Marc Dansi
IncidenX",Re: Partenariat production,"Bonjour Lucas,

Le point qui intéresse le plus les agences que je contacte : la marge.

Notre structure de coûts au Bénin nous permet de pratiquer des tarifs très en dessous du marché français. Vous facturez votre client à votre tarif habituel, vous nous confiez la production, et vous gardez une marge nettement supérieure à celle d'un projet traité en interne.

Effet secondaire utile : vous pouvez accepter des projets que vous refusez aujourd'hui parce que le budget client ne passe pas votre seuil de rentabilité.

Un site vitrine ou une refonte, c'est le format le plus simple pour tester la collaboration sans engagement.

Jean-Marc Dansi
IncidenX","Notre niveau d'exécution, concrètement","Bonjour Lucas,

Pour que vous jugiez sur pièces :

Prestations — sites web et refontes, SEO technique, automatisation de processus, intégration IA sur mesure.

Produits internes — nous développons et exploitons nos propres plateformes : génération et publication de contenu multi-format avec personas IA, système de prospection avec audit automatique de fiches et de sites, assistant conversationnel WhatsApp, SaaS de gestion scolaire.

Ces produits ne sont pas des démos. Ils tournent en production et servent nos propres opérations. C'est ce qui nous permet de livrer de l'automatisation et de l'IA qui fonctionnent réellement, pas des intégrations de surface.

Architecture et détails sur incidenx.com/realisations.

Si vous avez un site ou une fiche à livrer pendant les périodes de charge, dites-moi-le — je vous réponds en 24h sur la faisabilité et le délai.

Jean-Marc Dansi
IncidenX",Je clos le sujet,"Bonjour Lucas,

Dernier message, je ne veux pas encombrer votre boîte.

Pas de besoin en ce moment, c'est normal. Gardez simplement le contact : le jour où vous devez refuser un projet faute de bande passante, ou qu'un client demande une brique technique hors de votre périmètre, nous sommes là.

Confidentialité totale, NDA sur demande, nous n'apparaissons jamais auprès de vos clients.

incidenx.com — réponse sous 24h.

Bonne continuation,

Jean-Marc Dansi
IncidenX"
8754,Wanted Design : Votre agence digitale augmentée !,"10 Rue de la Bourse, 75002 Paris, France",Paris,agence web,https://www.wanteddesign.fr/,,contact@wantedesign.com,,agence web,general,80,,"Accompagnez pme/eti sur l'ia, le branding, l'automatisation et le développement web — Ville : Paris.",a_contacter,Partenariat production — agence à agence,"Bonjour Matthieu,

Jean-Marc Dansi, je dirige IncidenX, une agence digitale basée au Bénin. Même fuseau horaire que la France, donc mon équipe est joignable sur vos horaires.

J'ai parcouru votre site et vos prestations. Vous accompagnez les PME et ETI sur l'IA, le branding et le développement web, avec une vraie culture de l'automatisation ; quand un chantier de production déborde de votre planning, notre équipe le reprend en marque blanche, sous votre nom. Je contacte quelques agences françaises pour proposer un partenariat de production : vous me transmettez les projets que vous ne pouvez pas absorber — surcharge, délais, périmètre technique — et mon équipe les livre en marque blanche sous votre nom.

Sites web, refonte, SEO technique, automatisation et intégration IA : ce sont nos prestations quotidiennes. Nous avons une équipe complète, pas un développeur isolé.

Vous pouvez juger de notre niveau d'exécution directement : incidenx.com.

Un échange de 15 minutes vous intéresse ?

Jean-Marc Dansi
IncidenX",Re: Partenariat production,"Bonjour Matthieu,

Le point qui intéresse le plus les agences que je contacte : la marge.

Notre structure de coûts au Bénin nous permet de pratiquer des tarifs très en dessous du marché français. Vous facturez votre client à votre tarif habituel, vous nous confiez la production, et vous gardez une marge nettement supérieure à celle d'un projet traité en interne.

Effet secondaire utile : vous pouvez accepter des projets que vous refusez aujourd'hui parce que le budget client ne passe pas votre seuil de rentabilité.

Un site vitrine ou une refonte, c'est le format le plus simple pour tester la collaboration sans engagement.

Jean-Marc Dansi
IncidenX","Notre niveau d'exécution, concrètement","Bonjour Matthieu,

Pour que vous jugiez sur pièces :

Prestations — sites web et refontes, SEO technique, automatisation de processus, intégration IA sur mesure.

Produits internes — nous développons et exploitons nos propres plateformes : génération et publication de contenu multi-format avec personas IA, système de prospection avec audit automatique de fiches et de sites, assistant conversationnel WhatsApp, SaaS de gestion scolaire.

Ces produits ne sont pas des démos. Ils tournent en production et servent nos propres opérations. C'est ce qui nous permet de livrer de l'automatisation et de l'IA qui fonctionnent réellement, pas des intégrations de surface.

Architecture et détails sur incidenx.com/realisations.

Si vous avez un projet d'automatisation, d'agent ou de site à produire, dites-moi lequel — je vous réponds en 24h sur la faisabilité et le délai.

Jean-Marc Dansi
IncidenX",Je clos le sujet,"Bonjour Matthieu,

Dernier message, je ne veux pas encombrer votre boîte.

Pas de besoin en ce moment, c'est normal. Gardez simplement le contact : le jour où vous devez refuser un projet faute de bande passante, ou qu'un client demande une brique technique hors de votre périmètre, nous sommes là.

Confidentialité totale, NDA sur demande, nous n'apparaissons jamais auprès de vos clients.

incidenx.com — réponse sous 24h.

Bonne continuation,

Jean-Marc Dansi
IncidenX"
8755,Agence Web Digitale Paris,"34 Av. des Champs-Élysées, 75008 Paris, France",Paris,agence web,https://tourak-digital.com/,+33621829478,contact@tourak-digital.com,,agence web,general,60,,Créez des sites internet et pilotez seo/google ads (contenu du site = marque tourak digital) — Ville : Paris.,a_verifier,Partenariat production — agence à agence,"Bonjour Adnan,

Jean-Marc Dansi, je dirige IncidenX, une agence digitale basée au Bénin. Même fuseau horaire que la France, donc mon équipe est joignable sur vos horaires.

J'ai parcouru votre site et vos prestations. Vous créez des sites internet performants et pilotez le référencement naturel et Google Ads pour les entreprises, avec un objectif de résultats concrets et mesurables ; pour les projets à absorber en période de charge, notre équipe livre le développement en marque blanche. Je contacte quelques agences françaises pour proposer un partenariat de production : vous me transmettez les projets que vous ne pouvez pas absorber — surcharge, délais, périmètre technique — et mon équipe les livre en marque blanche sous votre nom.

Sites web, refonte, SEO technique, automatisation et intégration IA : ce sont nos prestations quotidiennes. Nous avons une équipe complète, pas un développeur isolé.

Vous pouvez juger de notre niveau d'exécution directement : incidenx.com.

Un échange de 15 minutes vous intéresse ?

Jean-Marc Dansi
IncidenX",Re: Partenariat production,"Bonjour Adnan,

Le point qui intéresse le plus les agences que je contacte : la marge.

Notre structure de coûts au Bénin nous permet de pratiquer des tarifs très en dessous du marché français. Vous facturez votre client à votre tarif habituel, vous nous confiez la production, et vous gardez une marge nettement supérieure à celle d'un projet traité en interne.

Effet secondaire utile : vous pouvez accepter des projets que vous refusez aujourd'hui parce que le budget client ne passe pas votre seuil de rentabilité.

Un site vitrine ou une refonte, c'est le format le plus simple pour tester la collaboration sans engagement.

Jean-Marc Dansi
IncidenX","Notre niveau d'exécution, concrètement","Bonjour Adnan,

Pour que vous jugiez sur pièces :

Prestations — sites web et refontes, SEO technique, automatisation de processus, intégration IA sur mesure.

Produits internes — nous développons et exploitons nos propres plateformes : génération et publication de contenu multi-format avec personas IA, système de prospection avec audit automatique de fiches et de sites, assistant conversationnel WhatsApp, SaaS de gestion scolaire.

Ces produits ne sont pas des démos. Ils tournent en production et servent nos propres opérations. C'est ce qui nous permet de livrer de l'automatisation et de l'IA qui fonctionnent réellement, pas des intégrations de surface.

Architecture et détails sur incidenx.com/realisations.

Si vous avez un site ou une refonte à livrer pendant les périodes de charge, dites-moi-le — je vous réponds en 24h sur la faisabilité et le délai.

Jean-Marc Dansi
IncidenX",Je clos le sujet,"Bonjour Adnan,

Dernier message, je ne veux pas encombrer votre boîte.

Pas de besoin en ce moment, c'est normal. Gardez simplement le contact : le jour où vous devez refuser un projet faute de bande passante, ou qu'un client demande une brique technique hors de votre périmètre, nous sommes là.

Confidentialité totale, NDA sur demande, nous n'apparaissons jamais auprès de vos clients.

incidenx.com — réponse sous 24h.

Bonne continuation,

Jean-Marc Dansi
IncidenX"
8756,La Base,"66 Rue de Miromesnil, 75008 Paris, France",Paris,agence web,https://labase.agency/,0243473650,contact@labase.agency,,agence web,general,65,,Êtes une agence de branding et de stratégie de marque — Ville : Paris.,a_contacter,Partenariat production — agence à agence,"Bonjour Olivier,

Jean-Marc Dansi, je dirige IncidenX, une agence digitale basée au Bénin. Même fuseau horaire que la France, donc mon équipe est joignable sur vos horaires.

J'ai parcouru votre site et vos prestations. Vous êtes une agence de branding et de stratégie de marque qui transforme l'identité en boussole stratégique pour les entreprises ; pour les refontes de site qui accompagnent un repositionnement ou les pics de charge, notre équipe assure la production en marque blanche. Je contacte quelques agences françaises pour proposer un partenariat de production : vous me transmettez les projets que vous ne pouvez pas absorber — surcharge, délais, périmètre technique — et mon équipe les livre en marque blanche sous votre nom.

Sites web, refonte, SEO technique, automatisation et intégration IA : ce sont nos prestations quotidiennes. Nous avons une équipe complète, pas un développeur isolé.

Vous pouvez juger de notre niveau d'exécution directement : incidenx.com.

Un échange de 15 minutes vous intéresse ?

Jean-Marc Dansi
IncidenX",Re: Partenariat production,"Bonjour Olivier,

Le point qui intéresse le plus les agences que je contacte : la marge.

Notre structure de coûts au Bénin nous permet de pratiquer des tarifs très en dessous du marché français. Vous facturez votre client à votre tarif habituel, vous nous confiez la production, et vous gardez une marge nettement supérieure à celle d'un projet traité en interne.

Effet secondaire utile : vous pouvez accepter des projets que vous refusez aujourd'hui parce que le budget client ne passe pas votre seuil de rentabilité.

Un site vitrine ou une refonte, c'est le format le plus simple pour tester la collaboration sans engagement.

Jean-Marc Dansi
IncidenX","Notre niveau d'exécution, concrètement","Bonjour Olivier,

Pour que vous jugiez sur pièces :

Prestations — sites web et refontes, SEO technique, automatisation de processus, intégration IA sur mesure.

Produits internes — nous développons et exploitons nos propres plateformes : génération et publication de contenu multi-format avec personas IA, système de prospection avec audit automatique de fiches et de sites, assistant conversationnel WhatsApp, SaaS de gestion scolaire.

Ces produits ne sont pas des démos. Ils tournent en production et servent nos propres opérations. C'est ce qui nous permet de livrer de l'automatisation et de l'IA qui fonctionnent réellement, pas des intégrations de surface.

Architecture et détails sur incidenx.com/realisations.

Si une refonte de site accompagne un repositionnement de marque en attente, dites-moi-le — je vous réponds en 24h sur la faisabilité et le délai.

Jean-Marc Dansi
IncidenX",Je clos le sujet,"Bonjour Olivier,

Dernier message, je ne veux pas encombrer votre boîte.

Pas de besoin en ce moment, c'est normal. Gardez simplement le contact : le jour où vous devez refuser un projet faute de bande passante, ou qu'un client demande une brique technique hors de votre périmètre, nous sommes là.

Confidentialité totale, NDA sur demande, nous n'apparaissons jamais auprès de vos clients.

incidenx.com — réponse sous 24h.

Bonne continuation,

Jean-Marc Dansi
IncidenX"
8757,Oscar Black,"21 Rue du Faubourg du Temple, 75010 Paris, France",Paris,agence web,https://oscar-black.com/,+33176508070,contact@oscar-black.com,,agence web,general,55,,Êtes une agence web parisienne — site injoignable à la récolte — Ville : Paris.,a_verifier,Partenariat production — agence à agence,"Bonjour Ismaïl,

Jean-Marc Dansi, je dirige IncidenX, une agence digitale basée au Bénin. Même fuseau horaire que la France, donc mon équipe est joignable sur vos horaires.

J'ai parcouru votre site et vos prestations. Vous êtes une agence parisienne spécialisée dans les stratégies d'acquisition et de conversion — SEA, SEO, social ads, CRO et création de sites — pour des entreprises exigeantes ; quand une landing page, un site ou une brique de développement doit être livré vite, notre équipe prend le relais en marque blanche. Je contacte quelques agences françaises pour proposer un partenariat de production : vous me transmettez les projets que vous ne pouvez pas absorber — surcharge, délais, périmètre technique — et mon équipe les livre en marque blanche sous votre nom.

Sites web, refonte, SEO technique, automatisation et intégration IA : ce sont nos prestations quotidiennes. Nous avons une équipe complète, pas un développeur isolé.

Vous pouvez juger de notre niveau d'exécution directement : incidenx.com.

Un échange de 15 minutes vous intéresse ?

Jean-Marc Dansi
IncidenX",Re: Partenariat production,"Bonjour Ismaïl,

Le point qui intéresse le plus les agences que je contacte : la marge.

Notre structure de coûts au Bénin nous permet de pratiquer des tarifs très en dessous du marché français. Vous facturez votre client à votre tarif habituel, vous nous confiez la production, et vous gardez une marge nettement supérieure à celle d'un projet traité en interne.

Effet secondaire utile : vous pouvez accepter des projets que vous refusez aujourd'hui parce que le budget client ne passe pas votre seuil de rentabilité.

Un site vitrine ou une refonte, c'est le format le plus simple pour tester la collaboration sans engagement.

Jean-Marc Dansi
IncidenX","Notre niveau d'exécution, concrètement","Bonjour Ismaïl,

Pour que vous jugiez sur pièces :

Prestations — sites web et refontes, SEO technique, automatisation de processus, intégration IA sur mesure.

Produits internes — nous développons et exploitons nos propres plateformes : génération et publication de contenu multi-format avec personas IA, système de prospection avec audit automatique de fiches et de sites, assistant conversationnel WhatsApp, SaaS de gestion scolaire.

Ces produits ne sont pas des démos. Ils tournent en production et servent nos propres opérations. C'est ce qui nous permet de livrer de l'automatisation et de l'IA qui fonctionnent réellement, pas des intégrations de surface.

Architecture et détails sur incidenx.com/realisations.

Si vous avez une landing page, un site ou un développement à livrer pour vos clients, dites-moi-le — je vous réponds en 24h sur la faisabilité et le délai.

Jean-Marc Dansi
IncidenX",Je clos le sujet,"Bonjour Ismaïl,

Dernier message, je ne veux pas encombrer votre boîte.

Pas de besoin en ce moment, c'est normal. Gardez simplement le contact : le jour où vous devez refuser un projet faute de bande passante, ou qu'un client demande une brique technique hors de votre périmètre, nous sommes là.

Confidentialité totale, NDA sur demande, nous n'apparaissons jamais auprès de vos clients.

incidenx.com — réponse sous 24h.

Bonne continuation,

Jean-Marc Dansi
IncidenX"
8758,Netissimo • Agence Web Paris,"79 Rue de Patay, 75013 Paris, France",Paris,agence web,https://netissimo.fr/,+33189162119,contact@netissimo.fr,,agence web,general,55,,Êtes une agence digitale à paris — site minimal (page contact) — Ville : Paris.,a_verifier,Partenariat production — agence à agence,"Bonjour Vincent,

Jean-Marc Dansi, je dirige IncidenX, une agence digitale basée au Bénin. Même fuseau horaire que la France, donc mon équipe est joignable sur vos horaires.

J'ai parcouru votre site et vos prestations. Vous êtes une agence web parisienne qui accompagne les entreprises sur la création de leur site internet, de leur logo et de leurs visuels, avec un suivi de proximité ; pour les sites à produire ou à refondre pendant les périodes de charge, notre équipe livre le développement en marque blanche. Je contacte quelques agences françaises pour proposer un partenariat de production : vous me transmettez les projets que vous ne pouvez pas absorber — surcharge, délais, périmètre technique — et mon équipe les livre en marque blanche sous votre nom.

Sites web, refonte, SEO technique, automatisation et intégration IA : ce sont nos prestations quotidiennes. Nous avons une équipe complète, pas un développeur isolé.

Vous pouvez juger de notre niveau d'exécution directement : incidenx.com.

Un échange de 15 minutes vous intéresse ?

Jean-Marc Dansi
IncidenX",Re: Partenariat production,"Bonjour Vincent,

Le point qui intéresse le plus les agences que je contacte : la marge.

Notre structure de coûts au Bénin nous permet de pratiquer des tarifs très en dessous du marché français. Vous facturez votre client à votre tarif habituel, vous nous confiez la production, et vous gardez une marge nettement supérieure à celle d'un projet traité en interne.

Effet secondaire utile : vous pouvez accepter des projets que vous refusez aujourd'hui parce que le budget client ne passe pas votre seuil de rentabilité.

Un site vitrine ou une refonte, c'est le format le plus simple pour tester la collaboration sans engagement.

Jean-Marc Dansi
IncidenX","Notre niveau d'exécution, concrètement","Bonjour Vincent,

Pour que vous jugiez sur pièces :

Prestations — sites web et refontes, SEO technique, automatisation de processus, intégration IA sur mesure.

Produits internes — nous développons et exploitons nos propres plateformes : génération et publication de contenu multi-format avec personas IA, système de prospection avec audit automatique de fiches et de sites, assistant conversationnel WhatsApp, SaaS de gestion scolaire.

Ces produits ne sont pas des démos. Ils tournent en production et servent nos propres opérations. C'est ce qui nous permet de livrer de l'automatisation et de l'IA qui fonctionnent réellement, pas des intégrations de surface.

Architecture et détails sur incidenx.com/realisations.

Si vous avez un site, un logo ou une refonte à produire pour vos clients, dites-moi-le — je vous réponds en 24h sur la faisabilité et le délai.

Jean-Marc Dansi
IncidenX",Je clos le sujet,"Bonjour Vincent,

Dernier message, je ne veux pas encombrer votre boîte.

Pas de besoin en ce moment, c'est normal. Gardez simplement le contact : le jour où vous devez refuser un projet faute de bande passante, ou qu'un client demande une brique technique hors de votre périmètre, nous sommes là.

Confidentialité totale, NDA sur demande, nous n'apparaissons jamais auprès de vos clients.

incidenx.com — réponse sous 24h.

Bonne continuation,

Jean-Marc Dansi
IncidenX"
8759,OFA Web - Paris,"5 Sq. Got, 75020 Paris, France",Paris,agence web,https://ofaweb.fr/,+33970707939,contact@ofaweb.fr,,agence web,general,68,,"Couvrez création, refonte, référencement, audit et maintenance de sites internet — Ville : Paris.",a_contacter,Partenariat production — agence à agence,"Bonjour David,

Jean-Marc Dansi, je dirige IncidenX, une agence digitale basée au Bénin. Même fuseau horaire que la France, donc mon équipe est joignable sur vos horaires.

J'ai parcouru votre site et vos prestations. Vous créez et refontez des sites WordPress accessibles à tous les budgets, avec maintenance et référencement inclus ; quand un chantier demande plus de capacités de production, notre équipe assure la réalisation en marque blanche. Je contacte quelques agences françaises pour proposer un partenariat de production : vous me transmettez les projets que vous ne pouvez pas absorber — surcharge, délais, périmètre technique — et mon équipe les livre en marque blanche sous votre nom.

Sites web, refonte, SEO technique, automatisation et intégration IA : ce sont nos prestations quotidiennes. Nous avons une équipe complète, pas un développeur isolé.

Vous pouvez juger de notre niveau d'exécution directement : incidenx.com.

Un échange de 15 minutes vous intéresse ?

Jean-Marc Dansi
IncidenX",Re: Partenariat production,"Bonjour David,

Le point qui intéresse le plus les agences que je contacte : la marge.

Notre structure de coûts au Bénin nous permet de pratiquer des tarifs très en dessous du marché français. Vous facturez votre client à votre tarif habituel, vous nous confiez la production, et vous gardez une marge nettement supérieure à celle d'un projet traité en interne.

Effet secondaire utile : vous pouvez accepter des projets que vous refusez aujourd'hui parce que le budget client ne passe pas votre seuil de rentabilité.

Un site vitrine ou une refonte, c'est le format le plus simple pour tester la collaboration sans engagement.

Jean-Marc Dansi
IncidenX","Notre niveau d'exécution, concrètement","Bonjour David,

Pour que vous jugiez sur pièces :

Prestations — sites web et refontes, SEO technique, automatisation de processus, intégration IA sur mesure.

Produits internes — nous développons et exploitons nos propres plateformes : génération et publication de contenu multi-format avec personas IA, système de prospection avec audit automatique de fiches et de sites, assistant conversationnel WhatsApp, SaaS de gestion scolaire.

Ces produits ne sont pas des démos. Ils tournent en production et servent nos propres opérations. C'est ce qui nous permet de livrer de l'automatisation et de l'IA qui fonctionnent réellement, pas des intégrations de surface.

Architecture et détails sur incidenx.com/realisations.

Si vous avez un site ou une refonte à produire dans les prochaines semaines, dites-moi laquelle — je vous réponds en 24h sur la faisabilité et le délai.

Jean-Marc Dansi
IncidenX",Je clos le sujet,"Bonjour David,

Dernier message, je ne veux pas encombrer votre boîte.

Pas de besoin en ce moment, c'est normal. Gardez simplement le contact : le jour où vous devez refuser un projet faute de bande passante, ou qu'un client demande une brique technique hors de votre périmètre, nous sommes là.

Confidentialité totale, NDA sur demande, nous n'apparaissons jamais auprès de vos clients.

incidenx.com — réponse sous 24h.

Bonne continuation,

Jean-Marc Dansi
IncidenX"
8760,Agence digitale Maecia,"82 Rue Beaubourg, 75003 Paris, France",Paris,agence web,https://www.maecia.com/,+33183816840,,,agence web,general,68,,"Agence web & digitale (conseil, applications métier, plateformes) — email manquant — Ville : Paris.",a_verifier,Partenariat production — agence à agence,"Bonjour Hadrien,

Jean-Marc Dansi, je dirige IncidenX, une agence digitale basée au Bénin. Même fuseau horaire que la France, donc mon équipe est joignable sur vos horaires.

J'ai parcouru votre site et vos prestations. Vous êtes une agence digitale installée depuis près de vingt ans — sites ambitieux, plateformes intranet et métiers, studio de production intégré ; pour les pics de charge ou les chantiers qui demandent du renfort, notre équipe développe en marque blanche. Je contacte quelques agences françaises pour proposer un partenariat de production : vous me transmettez les projets que vous ne pouvez pas absorber — surcharge, délais, périmètre technique — et mon équipe les livre en marque blanche sous votre nom.

Sites web, refonte, SEO technique, automatisation et intégration IA : ce sont nos prestations quotidiennes. Nous avons une équipe complète, pas un développeur isolé.

Vous pouvez juger de notre niveau d'exécution directement : incidenx.com.

Un échange de 15 minutes vous intéresse ?

Jean-Marc Dansi
IncidenX",Re: Partenariat production,"Bonjour Hadrien,

Le point qui intéresse le plus les agences que je contacte : la marge.

Notre structure de coûts au Bénin nous permet de pratiquer des tarifs très en dessous du marché français. Vous facturez votre client à votre tarif habituel, vous nous confiez la production, et vous gardez une marge nettement supérieure à celle d'un projet traité en interne.

Effet secondaire utile : vous pouvez accepter des projets que vous refusez aujourd'hui parce que le budget client ne passe pas votre seuil de rentabilité.

Un site vitrine ou une refonte, c'est le format le plus simple pour tester la collaboration sans engagement.

Jean-Marc Dansi
IncidenX","Notre niveau d'exécution, concrètement","Bonjour Hadrien,

Pour que vous jugiez sur pièces :

Prestations — sites web et refontes, SEO technique, automatisation de processus, intégration IA sur mesure.

Produits internes — nous développons et exploitons nos propres plateformes : génération et publication de contenu multi-format avec personas IA, système de prospection avec audit automatique de fiches et de sites, assistant conversationnel WhatsApp, SaaS de gestion scolaire.

Ces produits ne sont pas des démos. Ils tournent en production et servent nos propres opérations. C'est ce qui nous permet de livrer de l'automatisation et de l'IA qui fonctionnent réellement, pas des intégrations de surface.

Architecture et détails sur incidenx.com/realisations.

Si vous avez un chantier à absorber — site, intranet ou application — dites-moi lequel, je vous réponds en 24h sur la faisabilité et le délai.

Jean-Marc Dansi
IncidenX",Je clos le sujet,"Bonjour Hadrien,

Dernier message, je ne veux pas encombrer votre boîte.

Pas de besoin en ce moment, c'est normal. Gardez simplement le contact : le jour où vous devez refuser un projet faute de bande passante, ou qu'un client demande une brique technique hors de votre périmètre, nous sommes là.

Confidentialité totale, NDA sur demande, nous n'apparaissons jamais auprès de vos clients.

incidenx.com — réponse sous 24h.

Bonne continuation,

Jean-Marc Dansi
IncidenX"
8761,"Le Backyard // Agence de Développement Mobile, Web et UX/UI","17 bis Ave Parmentier, 75011 Paris, France",Paris,agence web,http://www.lebackyard.fr/,+33185094530,hello@lebackyard.fr,,agence web,general,80,,"Concevez et développez des produits numériques web, mobile et ux/ui (webflow, react) — Ville : Paris.",a_contacter,Partenariat production — agence à agence,"Bonjour Wilfried,

Jean-Marc Dansi, je dirige IncidenX, une agence digitale basée au Bénin. Même fuseau horaire que la France, donc mon équipe est joignable sur vos horaires.

J'ai parcouru votre site et vos prestations. Votre studio couvre le mobile, le web et le design ; quand vos équipes ont besoin d'une production qui suit le rythme, on prend le relais sur la couche développement. Je contacte quelques agences françaises pour proposer un partenariat de production : vous me transmettez les projets que vous ne pouvez pas absorber — surcharge, délais, périmètre technique — et mon équipe les livre en marque blanche sous votre nom.

Sites web, refonte, SEO technique, automatisation et intégration IA : ce sont nos prestations quotidiennes. Nous avons une équipe complète, pas un développeur isolé.

Vous pouvez juger de notre niveau d'exécution directement : incidenx.com.

Un échange de 15 minutes vous intéresse ?

Jean-Marc Dansi
IncidenX",Re: Partenariat production,"Bonjour Wilfried,

Le point qui intéresse le plus les agences que je contacte : la marge.

Notre structure de coûts au Bénin nous permet de pratiquer des tarifs très en dessous du marché français. Vous facturez votre client à votre tarif habituel, vous nous confiez la production, et vous gardez une marge nettement supérieure à celle d'un projet traité en interne.

Effet secondaire utile : vous pouvez accepter des projets que vous refusez aujourd'hui parce que le budget client ne passe pas votre seuil de rentabilité.

Un site vitrine ou une refonte, c'est le format le plus simple pour tester la collaboration sans engagement.

Jean-Marc Dansi
IncidenX","Notre niveau d'exécution, concrètement","Bonjour Wilfried,

Pour que vous jugiez sur pièces :

Prestations — sites web et refontes, SEO technique, automatisation de processus, intégration IA sur mesure.

Produits internes — nous développons et exploitons nos propres plateformes : génération et publication de contenu multi-format avec personas IA, système de prospection avec audit automatique de fiches et de sites, assistant conversationnel WhatsApp, SaaS de gestion scolaire.

Ces produits ne sont pas des démos. Ils tournent en production et servent nos propres opérations. C'est ce qui nous permet de livrer de l'automatisation et de l'IA qui fonctionnent réellement, pas des intégrations de surface.

Architecture et détails sur incidenx.com/realisations.

Si vous avez un projet web ou mobile en attente, dites-moi lequel — je vous réponds en 24h sur la faisabilité et le délai.

Jean-Marc Dansi
IncidenX",Je clos le sujet,"Bonjour Wilfried,

Dernier message, je ne veux pas encombrer votre boîte.

Pas de besoin en ce moment, c'est normal. Gardez simplement le contact : le jour où vous devez refuser un projet faute de bande passante, ou qu'un client demande une brique technique hors de votre périmètre, nous sommes là.

Confidentialité totale, NDA sur demande, nous n'apparaissons jamais auprès de vos clients.

incidenx.com — réponse sous 24h.

Bonne continuation,

Jean-Marc Dansi
IncidenX"
8762,4Web Les Halles,"15 Rue des Halles, 75001 Paris, France",Paris,agence web,https://4webleshalles.fr/,+33679642186,contact@4wlh.fr,,agence web,general,76,,"Développez des solutions web et mobile sur mesure (wordpress, react) — Ville : Paris.",a_contacter,Partenariat production — agence à agence,"Bonjour Imed,

Jean-Marc Dansi, je dirige IncidenX, une agence digitale basée au Bénin. Même fuseau horaire que la France, donc mon équipe est joignable sur vos horaires.

J'ai parcouru votre site et vos prestations. Vous concevez des sites WordPress et WooCommerce sur mesure, jusqu'aux applications mobiles, avec une approche qui combine stratégie, création et acquisition ; pour les chantiers en surcharge ou les briques techniques (paiement, intégrations, automatisation), notre équipe prend le relais en marque blanche. Je contacte quelques agences françaises pour proposer un partenariat de production : vous me transmettez les projets que vous ne pouvez pas absorber — surcharge, délais, périmètre technique — et mon équipe les livre en marque blanche sous votre nom.

Sites web, refonte, SEO technique, automatisation et intégration IA : ce sont nos prestations quotidiennes. Nous avons une équipe complète, pas un développeur isolé.

Vous pouvez juger de notre niveau d'exécution directement : incidenx.com.

Un échange de 15 minutes vous intéresse ?

Jean-Marc Dansi
IncidenX",Re: Partenariat production,"Bonjour Imed,

Le point qui intéresse le plus les agences que je contacte : la marge.

Notre structure de coûts au Bénin nous permet de pratiquer des tarifs très en dessous du marché français. Vous facturez votre client à votre tarif habituel, vous nous confiez la production, et vous gardez une marge nettement supérieure à celle d'un projet traité en interne.

Effet secondaire utile : vous pouvez accepter des projets que vous refusez aujourd'hui parce que le budget client ne passe pas votre seuil de rentabilité.

Un site vitrine ou une refonte, c'est le format le plus simple pour tester la collaboration sans engagement.

Jean-Marc Dansi
IncidenX","Notre niveau d'exécution, concrètement","Bonjour Imed,

Pour que vous jugiez sur pièces :

Prestations — sites web et refontes, SEO technique, automatisation de processus, intégration IA sur mesure.

Produits internes — nous développons et exploitons nos propres plateformes : génération et publication de contenu multi-format avec personas IA, système de prospection avec audit automatique de fiches et de sites, assistant conversationnel WhatsApp, SaaS de gestion scolaire.

Ces produits ne sont pas des démos. Ils tournent en production et servent nos propres opérations. C'est ce qui nous permet de livrer de l'automatisation et de l'IA qui fonctionnent réellement, pas des intégrations de surface.

Architecture et détails sur incidenx.com/realisations.

Si vous avez un projet WordPress, e-commerce ou une refonte en attente, dites-moi lequel — je vous réponds en 24h sur la faisabilité et le délai.

Jean-Marc Dansi
IncidenX",Je clos le sujet,"Bonjour Imed,

Dernier message, je ne veux pas encombrer votre boîte.

Pas de besoin en ce moment, c'est normal. Gardez simplement le contact : le jour où vous devez refuser un projet faute de bande passante, ou qu'un client demande une brique technique hors de votre périmètre, nous sommes là.

Confidentialité totale, NDA sur demande, nous n'apparaissons jamais auprès de vos clients.

incidenx.com — réponse sous 24h.

Bonne continuation,

Jean-Marc Dansi
IncidenX"
8763,Globalis - agence Web WordPress Paris & ESN Web - L'atelier des technologies numériques,"6B Rue Auguste Vitu, 75015 Paris, France",Paris,agence web,https://www.globalis-ms.com/,+33182835170,contact@globalis-ms.com,,agence web,general,70,,Êtes une esn pointue en développement web et informatique — Ville : Paris.,a_contacter,Partenariat production — agence à agence,"Bonjour Frédéric,

Jean-Marc Dansi, je dirige IncidenX, une agence digitale basée au Bénin. Même fuseau horaire que la France, donc mon équipe est joignable sur vos horaires.

J'ai parcouru votre site et vos prestations. Vous êtes une ESN historique à la croisée entre agence web et société de services — applications web complexes, usines à sites WordPress, TMA — ; pour les pics de charge ou les lots de production à absorber, notre équipe intervient en marque blanche. Je contacte quelques agences françaises pour proposer un partenariat de production : vous me transmettez les projets que vous ne pouvez pas absorber — surcharge, délais, périmètre technique — et mon équipe les livre en marque blanche sous votre nom.

Sites web, refonte, SEO technique, automatisation et intégration IA : ce sont nos prestations quotidiennes. Nous avons une équipe complète, pas un développeur isolé.

Vous pouvez juger de notre niveau d'exécution directement : incidenx.com.

Un échange de 15 minutes vous intéresse ?

Jean-Marc Dansi
IncidenX",Re: Partenariat production,"Bonjour Frédéric,

Le point qui intéresse le plus les agences que je contacte : la marge.

Notre structure de coûts au Bénin nous permet de pratiquer des tarifs très en dessous du marché français. Vous facturez votre client à votre tarif habituel, vous nous confiez la production, et vous gardez une marge nettement supérieure à celle d'un projet traité en interne.

Effet secondaire utile : vous pouvez accepter des projets que vous refusez aujourd'hui parce que le budget client ne passe pas votre seuil de rentabilité.

Un site vitrine ou une refonte, c'est le format le plus simple pour tester la collaboration sans engagement.

Jean-Marc Dansi
IncidenX","Notre niveau d'exécution, concrètement","Bonjour Frédéric,

Pour que vous jugiez sur pièces :

Prestations — sites web et refontes, SEO technique, automatisation de processus, intégration IA sur mesure.

Produits internes — nous développons et exploitons nos propres plateformes : génération et publication de contenu multi-format avec personas IA, système de prospection avec audit automatique de fiches et de sites, assistant conversationnel WhatsApp, SaaS de gestion scolaire.

Ces produits ne sont pas des démos. Ils tournent en production et servent nos propres opérations. C'est ce qui nous permet de livrer de l'automatisation et de l'IA qui fonctionnent réellement, pas des intégrations de surface.

Architecture et détails sur incidenx.com/realisations.

Si vous avez un lot de production ou un pic de charge à absorber dans les prochaines semaines, dites-moi lequel — je vous réponds en 24h sur la faisabilité et le délai.

Jean-Marc Dansi
IncidenX",Je clos le sujet,"Bonjour Frédéric,

Dernier message, je ne veux pas encombrer votre boîte.

Pas de besoin en ce moment, c'est normal. Gardez simplement le contact : le jour où vous devez refuser un projet faute de bande passante, ou qu'un client demande une brique technique hors de votre périmètre, nous sommes là.

Confidentialité totale, NDA sur demande, nous n'apparaissons jamais auprès de vos clients.

incidenx.com — réponse sous 24h.

Bonne continuation,

Jean-Marc Dansi
IncidenX"
8764,ODW,"63 Rue de Lancry, 75010 Paris, France",Paris,agence web,https://www.odw.fr/,+33184173828,bonjour@odw.fr,,agence web,general,62,,Êtes une agence de communication créative et de divertissement — Ville : Paris.,a_contacter,Partenariat production — agence à agence,"Bonjour Alexandre,

Jean-Marc Dansi, je dirige IncidenX, une agence digitale basée au Bénin. Même fuseau horaire que la France, donc mon équipe est joignable sur vos horaires.

J'ai parcouru votre site et vos prestations. Vous êtes une agence créative et divertissante qui imagine campagnes, contenus et expériences pour des marques exigeantes ; quand une campagne doit s'appuyer sur un site, une refonte ou une brique technique à livrer vite, notre équipe assure le développement en marque blanche. Je contacte quelques agences françaises pour proposer un partenariat de production : vous me transmettez les projets que vous ne pouvez pas absorber — surcharge, délais, périmètre technique — et mon équipe les livre en marque blanche sous votre nom.

Sites web, refonte, SEO technique, automatisation et intégration IA : ce sont nos prestations quotidiennes. Nous avons une équipe complète, pas un développeur isolé.

Vous pouvez juger de notre niveau d'exécution directement : incidenx.com.

Un échange de 15 minutes vous intéresse ?

Jean-Marc Dansi
IncidenX",Re: Partenariat production,"Bonjour Alexandre,

Le point qui intéresse le plus les agences que je contacte : la marge.

Notre structure de coûts au Bénin nous permet de pratiquer des tarifs très en dessous du marché français. Vous facturez votre client à votre tarif habituel, vous nous confiez la production, et vous gardez une marge nettement supérieure à celle d'un projet traité en interne.

Effet secondaire utile : vous pouvez accepter des projets que vous refusez aujourd'hui parce que le budget client ne passe pas votre seuil de rentabilité.

Un site vitrine ou une refonte, c'est le format le plus simple pour tester la collaboration sans engagement.

Jean-Marc Dansi
IncidenX","Notre niveau d'exécution, concrètement","Bonjour Alexandre,

Pour que vous jugiez sur pièces :

Prestations — sites web et refontes, SEO technique, automatisation de processus, intégration IA sur mesure.

Produits internes — nous développons et exploitons nos propres plateformes : génération et publication de contenu multi-format avec personas IA, système de prospection avec audit automatique de fiches et de sites, assistant conversationnel WhatsApp, SaaS de gestion scolaire.

Ces produits ne sont pas des démos. Ils tournent en production et servent nos propres opérations. C'est ce qui nous permet de livrer de l'automatisation et de l'IA qui fonctionnent réellement, pas des intégrations de surface.

Architecture et détails sur incidenx.com/realisations.

Si une campagne doit s'appuyer sur un site ou une brique technique à livrer vite, dites-moi-le — je vous réponds en 24h sur la faisabilité et le délai.

Jean-Marc Dansi
IncidenX",Je clos le sujet,"Bonjour Alexandre,

Dernier message, je ne veux pas encombrer votre boîte.

Pas de besoin en ce moment, c'est normal. Gardez simplement le contact : le jour où vous devez refuser un projet faute de bande passante, ou qu'un client demande une brique technique hors de votre périmètre, nous sommes là.

Confidentialité totale, NDA sur demande, nous n'apparaissons jamais auprès de vos clients.

incidenx.com — réponse sous 24h.

Bonne continuation,

Jean-Marc Dansi
IncidenX"
8765,Web-atrio Paris,"132 Rue de Rivoli, 75001 Paris, France",Paris,agence web,http://www.web-atrio.com/,0484562807,contact@web-atrio.com,,agence web,general,80,,Êtes une esn web/mobile/cloud au développement augmenté par l'ia — Ville : Paris.,a_contacter,Partenariat production — agence à agence,"Bonjour Thibaut,

Jean-Marc Dansi, je dirige IncidenX, une agence digitale basée au Bénin. Même fuseau horaire que la France, donc mon équipe est joignable sur vos horaires.

J'ai parcouru votre site et vos prestations. Vous êtes une ESN pluridisciplinaire — développement web, mobile, cloud et IA — avec vos propres équipes de production ; pour les pics de charge ou les briques techniques ponctuelles, nous pouvons absorber des lots de production en marque blanche. Je contacte quelques agences françaises pour proposer un partenariat de production : vous me transmettez les projets que vous ne pouvez pas absorber — surcharge, délais, périmètre technique — et mon équipe les livre en marque blanche sous votre nom.

Sites web, refonte, SEO technique, automatisation et intégration IA : ce sont nos prestations quotidiennes. Nous avons une équipe complète, pas un développeur isolé.

Vous pouvez juger de notre niveau d'exécution directement : incidenx.com.

Un échange de 15 minutes vous intéresse ?

Jean-Marc Dansi
IncidenX",Re: Partenariat production,"Bonjour Thibaut,

Le point qui intéresse le plus les agences que je contacte : la marge.

Notre structure de coûts au Bénin nous permet de pratiquer des tarifs très en dessous du marché français. Vous facturez votre client à votre tarif habituel, vous nous confiez la production, et vous gardez une marge nettement supérieure à celle d'un projet traité en interne.

Effet secondaire utile : vous pouvez accepter des projets que vous refusez aujourd'hui parce que le budget client ne passe pas votre seuil de rentabilité.

Un site vitrine ou une refonte, c'est le format le plus simple pour tester la collaboration sans engagement.

Jean-Marc Dansi
IncidenX","Notre niveau d'exécution, concrètement","Bonjour Thibaut,

Pour que vous jugiez sur pièces :

Prestations — sites web et refontes, SEO technique, automatisation de processus, intégration IA sur mesure.

Produits internes — nous développons et exploitons nos propres plateformes : génération et publication de contenu multi-format avec personas IA, système de prospection avec audit automatique de fiches et de sites, assistant conversationnel WhatsApp, SaaS de gestion scolaire.

Ces produits ne sont pas des démos. Ils tournent en production et servent nos propres opérations. C'est ce qui nous permet de livrer de l'automatisation et de l'IA qui fonctionnent réellement, pas des intégrations de surface.

Architecture et détails sur incidenx.com/realisations.

Si vous avez un lot de production ou un pic de charge à absorber dans les prochaines semaines, dites-moi lequel — je vous réponds en 24h sur la faisabilité et le délai.

Jean-Marc Dansi
IncidenX",Je clos le sujet,"Bonjour Thibaut,

Dernier message, je ne veux pas encombrer votre boîte.

Pas de besoin en ce moment, c'est normal. Gardez simplement le contact : le jour où vous devez refuser un projet faute de bande passante, ou qu'un client demande une brique technique hors de votre périmètre, nous sommes là.

Confidentialité totale, NDA sur demande, nous n'apparaissons jamais auprès de vos clients.

incidenx.com — réponse sous 24h.

Bonne continuation,

Jean-Marc Dansi
IncidenX"
8766,Digiberries Paris,"59 Rue de Bretagne Ét n1, 75003 Paris, France",Paris,agence web,https://digiberries.fr/,+33695191901,contact@digiberries.fr,,agence web,general,68,,Êtes une agence de référencement web et de performance — Ville : Paris.,a_contacter,Partenariat production — agence à agence,"Bonjour Léa,

Jean-Marc Dansi, je dirige IncidenX, une agence digitale basée au Bénin. Même fuseau horaire que la France, donc mon équipe est joignable sur vos horaires.

J'ai parcouru votre site et vos prestations. Vous êtes une agence de référencement fondée par une ancienne de Google — SEA, SEO et sites WordPress pensés pour la visibilité ; quand une campagne doit s'appuyer sur un site ou des pages à produire vite, notre équipe prend la réalisation en marque blanche. Je contacte quelques agences françaises pour proposer un partenariat de production : vous me transmettez les projets que vous ne pouvez pas absorber — surcharge, délais, périmètre technique — et mon équipe les livre en marque blanche sous votre nom.

Sites web, refonte, SEO technique, automatisation et intégration IA : ce sont nos prestations quotidiennes. Nous avons une équipe complète, pas un développeur isolé.

Vous pouvez juger de notre niveau d'exécution directement : incidenx.com.

Un échange de 15 minutes vous intéresse ?

Jean-Marc Dansi
IncidenX",Re: Partenariat production,"Bonjour Léa,

Le point qui intéresse le plus les agences que je contacte : la marge.

Notre structure de coûts au Bénin nous permet de pratiquer des tarifs très en dessous du marché français. Vous facturez votre client à votre tarif habituel, vous nous confiez la production, et vous gardez une marge nettement supérieure à celle d'un projet traité en interne.

Effet secondaire utile : vous pouvez accepter des projets que vous refusez aujourd'hui parce que le budget client ne passe pas votre seuil de rentabilité.

Un site vitrine ou une refonte, c'est le format le plus simple pour tester la collaboration sans engagement.

Jean-Marc Dansi
IncidenX","Notre niveau d'exécution, concrètement","Bonjour Léa,

Pour que vous jugiez sur pièces :

Prestations — sites web et refontes, SEO technique, automatisation de processus, intégration IA sur mesure.

Produits internes — nous développons et exploitons nos propres plateformes : génération et publication de contenu multi-format avec personas IA, système de prospection avec audit automatique de fiches et de sites, assistant conversationnel WhatsApp, SaaS de gestion scolaire.

Ces produits ne sont pas des démos. Ils tournent en production et servent nos propres opérations. C'est ce qui nous permet de livrer de l'automatisation et de l'IA qui fonctionnent réellement, pas des intégrations de surface.

Architecture et détails sur incidenx.com/realisations.

Si vous avez un site WordPress ou une refonte SEO à produire dans les prochaines semaines, dites-moi lequel — je vous réponds en 24h sur la faisabilité et le délai.

Jean-Marc Dansi
IncidenX",Je clos le sujet,"Bonjour Léa,

Dernier message, je ne veux pas encombrer votre boîte.

Pas de besoin en ce moment, c'est normal. Gardez simplement le contact : le jour où vous devez refuser un projet faute de bande passante, ou qu'un client demande une brique technique hors de votre périmètre, nous sommes là.

Confidentialité totale, NDA sur demande, nous n'apparaissons jamais auprès de vos clients.

incidenx.com — réponse sous 24h.

Bonne continuation,

Jean-Marc Dansi
IncidenX"
8767,Eralion,,Paris,agence web,https://www.eralion.com/,+33984362969,contact@eralion.com,,agence web,general,68,,Êtes expert wordpress et développez des sites sur mesure (freelance) — Ville : Paris.,a_contacter,Partenariat production — agence à agence,"Bonjour Benjamin,

Jean-Marc Dansi, je dirige IncidenX, une agence digitale basée au Bénin. Même fuseau horaire que la France, donc mon équipe est joignable sur vos horaires.

J'ai parcouru votre site et vos prestations. Vous êtes un expert WordPress expérimenté — sites vitrines et boutiques, refontes, WooCommerce — avec une vraie culture technique, jusque dans l'administration système ; pour les développements en surcharge ou les refontes pressées, notre équipe complète prend le relais en marque blanche. Je contacte quelques agences françaises pour proposer un partenariat de production : vous me transmettez les projets que vous ne pouvez pas absorber — surcharge, délais, périmètre technique — et mon équipe les livre en marque blanche sous votre nom.

Sites web, refonte, SEO technique, automatisation et intégration IA : ce sont nos prestations quotidiennes. Nous avons une équipe complète, pas un développeur isolé.

Vous pouvez juger de notre niveau d'exécution directement : incidenx.com.

Un échange de 15 minutes vous intéresse ?

Jean-Marc Dansi
IncidenX",Re: Partenariat production,"Bonjour Benjamin,

Le point qui intéresse le plus les agences que je contacte : la marge.

Notre structure de coûts au Bénin nous permet de pratiquer des tarifs très en dessous du marché français. Vous facturez votre client à votre tarif habituel, vous nous confiez la production, et vous gardez une marge nettement supérieure à celle d'un projet traité en interne.

Effet secondaire utile : vous pouvez accepter des projets que vous refusez aujourd'hui parce que le budget client ne passe pas votre seuil de rentabilité.

Un site vitrine ou une refonte, c'est le format le plus simple pour tester la collaboration sans engagement.

Jean-Marc Dansi
IncidenX","Notre niveau d'exécution, concrètement","Bonjour Benjamin,

Pour que vous jugiez sur pièces :

Prestations — sites web et refontes, SEO technique, automatisation de processus, intégration IA sur mesure.

Produits internes — nous développons et exploitons nos propres plateformes : génération et publication de contenu multi-format avec personas IA, système de prospection avec audit automatique de fiches et de sites, assistant conversationnel WhatsApp, SaaS de gestion scolaire.

Ces produits ne sont pas des démos. Ils tournent en production et servent nos propres opérations. C'est ce qui nous permet de livrer de l'automatisation et de l'IA qui fonctionnent réellement, pas des intégrations de surface.

Architecture et détails sur incidenx.com/realisations.

Si vous avez une refonte ou un développement WordPress à livrer dans les prochaines semaines, dites-moi-le — je vous réponds en 24h sur la faisabilité et le délai.

Jean-Marc Dansi
IncidenX",Je clos le sujet,"Bonjour Benjamin,

Dernier message, je ne veux pas encombrer votre boîte.

Pas de besoin en ce moment, c'est normal. Gardez simplement le contact : le jour où vous devez refuser un projet faute de bande passante, ou qu'un client demande une brique technique hors de votre périmètre, nous sommes là.

Confidentialité totale, NDA sur demande, nous n'apparaissons jamais auprès de vos clients.

incidenx.com — réponse sous 24h.

Bonne continuation,

Jean-Marc Dansi
IncidenX"
8768,NOIISE - Agence SEO Paris,"6 Rue Debelleyme, 75003 Paris, France",Paris,agence web,https://www.noiise.com/seo/?utm_source=google&utm_medium=google-business-profile&utm_campaign=fiche-paris,+33186952158,rgpd@noiise.com,,agence web,general,66,,Êtes une agence seo spécialisée — Ville : Paris.,a_contacter,Partenariat production — agence à agence,"Bonjour Mathieu,

Jean-Marc Dansi, je dirige IncidenX, une agence digitale basée au Bénin. Même fuseau horaire que la France, donc mon équipe est joignable sur vos horaires.

J'ai parcouru votre site et vos prestations. Votre cœur de métier, c'est la visibilité naturelle ; quand un client a besoin d'un site, d'une refonte ou d'une landing à produire en plus de votre prestation SEO, nous pouvons en assurer la production à votre place. Je contacte quelques agences françaises pour proposer un partenariat de production : vous me transmettez les projets que vous ne pouvez pas absorber — surcharge, délais, périmètre technique — et mon équipe les livre en marque blanche sous votre nom.

Sites web, refonte, SEO technique, automatisation et intégration IA : ce sont nos prestations quotidiennes. Nous avons une équipe complète, pas un développeur isolé.

Vous pouvez juger de notre niveau d'exécution directement : incidenx.com.

Un échange de 15 minutes vous intéresse ?

Jean-Marc Dansi
IncidenX",Re: Partenariat production,"Bonjour Mathieu,

Le point qui intéresse le plus les agences que je contacte : la marge.

Notre structure de coûts au Bénin nous permet de pratiquer des tarifs très en dessous du marché français. Vous facturez votre client à votre tarif habituel, vous nous confiez la production, et vous gardez une marge nettement supérieure à celle d'un projet traité en interne.

Effet secondaire utile : vous pouvez accepter des projets que vous refusez aujourd'hui parce que le budget client ne passe pas votre seuil de rentabilité.

Un site vitrine ou une refonte, c'est le format le plus simple pour tester la collaboration sans engagement.

Jean-Marc Dansi
IncidenX","Notre niveau d'exécution, concrètement","Bonjour Mathieu,

Pour que vous jugiez sur pièces :

Prestations — sites web et refontes, SEO technique, automatisation de processus, intégration IA sur mesure.

Produits internes — nous développons et exploitons nos propres plateformes : génération et publication de contenu multi-format avec personas IA, système de prospection avec audit automatique de fiches et de sites, assistant conversationnel WhatsApp, SaaS de gestion scolaire.

Ces produits ne sont pas des démos. Ils tournent en production et servent nos propres opérations. C'est ce qui nous permet de livrer de l'automatisation et de l'IA qui fonctionnent réellement, pas des intégrations de surface.

Architecture et détails sur incidenx.com/realisations.

Si vous avez un projet web à produire dans les prochaines semaines, dites-moi lequel — je vous réponds en 24h sur la faisabilité et le délai.

Jean-Marc Dansi
IncidenX",Je clos le sujet,"Bonjour Mathieu,

Dernier message, je ne veux pas encombrer votre boîte.

Pas de besoin en ce moment, c'est normal. Gardez simplement le contact : le jour où vous devez refuser un projet faute de bande passante, ou qu'un client demande une brique technique hors de votre périmètre, nous sommes là.

Confidentialité totale, NDA sur demande, nous n'apparaissons jamais auprès de vos clients.

incidenx.com — réponse sous 24h.

Bonne continuation,

Jean-Marc Dansi
IncidenX"
8769,Be API - Agence digitale WordPress,"9 Rue des Colonnes, 75002 Paris, France",Paris,agence web,https://beapi.fr/,+33189709105,contact@beapi.fr,,agence web,general,78,,Êtes l'agence leader des projets wordpress en france (partenaire wordpress vip) — Ville : Paris.,a_contacter,Partenariat production — agence à agence,"Bonjour Amaury,

Jean-Marc Dansi, je dirige IncidenX, une agence digitale basée au Bénin. Même fuseau horaire que la France, donc mon équipe est joignable sur vos horaires.

J'ai parcouru votre site et vos prestations. Vous êtes une référence de l'écosystème WordPress, entre thèmes, plugins et WooCommerce ; notre équipe intervient sur ces mêmes bases depuis des années. Je contacte quelques agences françaises pour proposer un partenariat de production : vous me transmettez les projets que vous ne pouvez pas absorber — surcharge, délais, périmètre technique — et mon équipe les livre en marque blanche sous votre nom.

Sites web, refonte, SEO technique, automatisation et intégration IA : ce sont nos prestations quotidiennes. Nous avons une équipe complète, pas un développeur isolé.

Vous pouvez juger de notre niveau d'exécution directement : incidenx.com.

Un échange de 15 minutes vous intéresse ?

Jean-Marc Dansi
IncidenX",Re: Partenariat production,"Bonjour Amaury,

Le point qui intéresse le plus les agences que je contacte : la marge.

Notre structure de coûts au Bénin nous permet de pratiquer des tarifs très en dessous du marché français. Vous facturez votre client à votre tarif habituel, vous nous confiez la production, et vous gardez une marge nettement supérieure à celle d'un projet traité en interne.

Effet secondaire utile : vous pouvez accepter des projets que vous refusez aujourd'hui parce que le budget client ne passe pas votre seuil de rentabilité.

Un site vitrine ou une refonte, c'est le format le plus simple pour tester la collaboration sans engagement.

Jean-Marc Dansi
IncidenX","Notre niveau d'exécution, concrètement","Bonjour Amaury,

Pour que vous jugiez sur pièces :

Prestations — sites web et refontes, SEO technique, automatisation de processus, intégration IA sur mesure.

Produits internes — nous développons et exploitons nos propres plateformes : génération et publication de contenu multi-format avec personas IA, système de prospection avec audit automatique de fiches et de sites, assistant conversationnel WhatsApp, SaaS de gestion scolaire.

Ces produits ne sont pas des démos. Ils tournent en production et servent nos propres opérations. C'est ce qui nous permet de livrer de l'automatisation et de l'IA qui fonctionnent réellement, pas des intégrations de surface.

Architecture et détails sur incidenx.com/realisations.

Si vous avez un projet WordPress ou une refonte en attente, dites-moi lequel — je vous réponds en 24h sur la faisabilité et le délai.

Jean-Marc Dansi
IncidenX",Je clos le sujet,"Bonjour Amaury,

Dernier message, je ne veux pas encombrer votre boîte.

Pas de besoin en ce moment, c'est normal. Gardez simplement le contact : le jour où vous devez refuser un projet faute de bande passante, ou qu'un client demande une brique technique hors de votre périmètre, nous sommes là.

Confidentialité totale, NDA sur demande, nous n'apparaissons jamais auprès de vos clients.

incidenx.com — réponse sous 24h.

Bonne continuation,

Jean-Marc Dansi
IncidenX"
8770,Zee Agency,"33 Rue d'Hauteville, 75010 Paris, France",Paris,agence web,https://www.zee.fr/,+33177921520,contact@zee.fr,,agence web,general,62,,"Orchestrez des expériences digitales et communautés autour des marques culture (social, e-commerce) — Ville : Paris.",a_contacter,Partenariat production — agence à agence,"Bonjour Cyril,

Jean-Marc Dansi, je dirige IncidenX, une agence digitale basée au Bénin. Même fuseau horaire que la France, donc mon équipe est joignable sur vos horaires.

J'ai parcouru votre site et vos prestations. Vous orchestrez des expériences digitales et des communautés autour de marques ancrées dans la culture, du social media à l'e-commerce ; pour les développements web et les pics de charge à côté de vos créations, notre équipe prend la production en marque blanche. Je contacte quelques agences françaises pour proposer un partenariat de production : vous me transmettez les projets que vous ne pouvez pas absorber — surcharge, délais, périmètre technique — et mon équipe les livre en marque blanche sous votre nom.

Sites web, refonte, SEO technique, automatisation et intégration IA : ce sont nos prestations quotidiennes. Nous avons une équipe complète, pas un développeur isolé.

Vous pouvez juger de notre niveau d'exécution directement : incidenx.com.

Un échange de 15 minutes vous intéresse ?

Jean-Marc Dansi
IncidenX",Re: Partenariat production,"Bonjour Cyril,

Le point qui intéresse le plus les agences que je contacte : la marge.

Notre structure de coûts au Bénin nous permet de pratiquer des tarifs très en dessous du marché français. Vous facturez votre client à votre tarif habituel, vous nous confiez la production, et vous gardez une marge nettement supérieure à celle d'un projet traité en interne.

Effet secondaire utile : vous pouvez accepter des projets que vous refusez aujourd'hui parce que le budget client ne passe pas votre seuil de rentabilité.

Un site vitrine ou une refonte, c'est le format le plus simple pour tester la collaboration sans engagement.

Jean-Marc Dansi
IncidenX","Notre niveau d'exécution, concrètement","Bonjour Cyril,

Pour que vous jugiez sur pièces :

Prestations — sites web et refontes, SEO technique, automatisation de processus, intégration IA sur mesure.

Produits internes — nous développons et exploitons nos propres plateformes : génération et publication de contenu multi-format avec personas IA, système de prospection avec audit automatique de fiches et de sites, assistant conversationnel WhatsApp, SaaS de gestion scolaire.

Ces produits ne sont pas des démos. Ils tournent en production et servent nos propres opérations. C'est ce qui nous permet de livrer de l'automatisation et de l'IA qui fonctionnent réellement, pas des intégrations de surface.

Architecture et détails sur incidenx.com/realisations.

Si un développement web accompagne l'une de vos expériences digitales en préparation, dites-moi-le — je vous réponds en 24h sur la faisabilité et le délai.

Jean-Marc Dansi
IncidenX",Je clos le sujet,"Bonjour Cyril,

Dernier message, je ne veux pas encombrer votre boîte.

Pas de besoin en ce moment, c'est normal. Gardez simplement le contact : le jour où vous devez refuser un projet faute de bande passante, ou qu'un client demande une brique technique hors de votre périmètre, nous sommes là.

Confidentialité totale, NDA sur demande, nous n'apparaissons jamais auprès de vos clients.

incidenx.com — réponse sous 24h.

Bonne continuation,

Jean-Marc Dansi
IncidenX"
8771,L'AGENCE FRAPPANTE - Agence web Paris - IDF & The World,,Paris,agence web,https://lagence-frappante.fr/,+33610251164,contact@lagence-frappante.fr,,agence web,general,68,,Créez des sites et des campagnes qui convertissent (agence web & marketing) — Ville : Paris.,a_contacter,Partenariat production — agence à agence,"Bonjour Nadia,

Jean-Marc Dansi, je dirige IncidenX, une agence digitale basée au Bénin. Même fuseau horaire que la France, donc mon équipe est joignable sur vos horaires.

J'ai parcouru votre site et vos prestations. Vous venez de lancer une agence à taille humaine qui mêle web, branding, SEO et réseaux sociaux, avec une approche percutante et sur-mesure ; quand un chantier déborde ou qu'un client presse, notre équipe assure la production en marque blanche sous votre nom. Je contacte quelques agences françaises pour proposer un partenariat de production : vous me transmettez les projets que vous ne pouvez pas absorber — surcharge, délais, périmètre technique — et mon équipe les livre en marque blanche sous votre nom.

Sites web, refonte, SEO technique, automatisation et intégration IA : ce sont nos prestations quotidiennes. Nous avons une équipe complète, pas un développeur isolé.

Vous pouvez juger de notre niveau d'exécution directement : incidenx.com.

Un échange de 15 minutes vous intéresse ?

Jean-Marc Dansi
IncidenX",Re: Partenariat production,"Bonjour Nadia,

Le point qui intéresse le plus les agences que je contacte : la marge.

Notre structure de coûts au Bénin nous permet de pratiquer des tarifs très en dessous du marché français. Vous facturez votre client à votre tarif habituel, vous nous confiez la production, et vous gardez une marge nettement supérieure à celle d'un projet traité en interne.

Effet secondaire utile : vous pouvez accepter des projets que vous refusez aujourd'hui parce que le budget client ne passe pas votre seuil de rentabilité.

Un site vitrine ou une refonte, c'est le format le plus simple pour tester la collaboration sans engagement.

Jean-Marc Dansi
IncidenX","Notre niveau d'exécution, concrètement","Bonjour Nadia,

Pour que vous jugiez sur pièces :

Prestations — sites web et refontes, SEO technique, automatisation de processus, intégration IA sur mesure.

Produits internes — nous développons et exploitons nos propres plateformes : génération et publication de contenu multi-format avec personas IA, système de prospection avec audit automatique de fiches et de sites, assistant conversationnel WhatsApp, SaaS de gestion scolaire.

Ces produits ne sont pas des démos. Ils tournent en production et servent nos propres opérations. C'est ce qui nous permet de livrer de l'automatisation et de l'IA qui fonctionnent réellement, pas des intégrations de surface.

Architecture et détails sur incidenx.com/realisations.

Si vous avez un projet web, un branding ou une refonte qui doit sortir vite, dites-moi lequel — je vous réponds en 24h sur la faisabilité et le délai.

Jean-Marc Dansi
IncidenX",Je clos le sujet,"Bonjour Nadia,

Dernier message, je ne veux pas encombrer votre boîte.

Pas de besoin en ce moment, c'est normal. Gardez simplement le contact : le jour où vous devez refuser un projet faute de bande passante, ou qu'un client demande une brique technique hors de votre périmètre, nous sommes là.

Confidentialité totale, NDA sur demande, nous n'apparaissons jamais auprès de vos clients.

incidenx.com — réponse sous 24h.

Bonne continuation,

Jean-Marc Dansi
IncidenX"
8772,Reqst - Agence web Paris - Création site internet et E-commerce,"122 Rue Amelot, 75011 Paris, France",Paris,agence web,https://www.reqst.fr/,+33386581699,contact@reqst.fr,,agence web,general,78,,"Créez sites vitrine, e-commerce et applications métier depuis 2012 (france & pays-bas) — Ville : Paris.",a_contacter,Partenariat production — agence à agence,"Bonjour Danko,

Jean-Marc Dansi, je dirige IncidenX, une agence digitale basée au Bénin. Même fuseau horaire que la France, donc mon équipe est joignable sur vos horaires.

J'ai parcouru votre site et vos prestations. Vous créez des sites et des boutiques e-commerce ; pour les chantiers en surcharge ou les briques techniques qui débordent (paiement, intégrations, automatisation), notre équipe prend la production en marque blanche. Je contacte quelques agences françaises pour proposer un partenariat de production : vous me transmettez les projets que vous ne pouvez pas absorber — surcharge, délais, périmètre technique — et mon équipe les livre en marque blanche sous votre nom.

Sites web, refonte, SEO technique, automatisation et intégration IA : ce sont nos prestations quotidiennes. Nous avons une équipe complète, pas un développeur isolé.

Vous pouvez juger de notre niveau d'exécution directement : incidenx.com.

Un échange de 15 minutes vous intéresse ?

Jean-Marc Dansi
IncidenX",Re: Partenariat production,"Bonjour Danko,

Le point qui intéresse le plus les agences que je contacte : la marge.

Notre structure de coûts au Bénin nous permet de pratiquer des tarifs très en dessous du marché français. Vous facturez votre client à votre tarif habituel, vous nous confiez la production, et vous gardez une marge nettement supérieure à celle d'un projet traité en interne.

Effet secondaire utile : vous pouvez accepter des projets que vous refusez aujourd'hui parce que le budget client ne passe pas votre seuil de rentabilité.

Un site vitrine ou une refonte, c'est le format le plus simple pour tester la collaboration sans engagement.

Jean-Marc Dansi
IncidenX","Notre niveau d'exécution, concrètement","Bonjour Danko,

Pour que vous jugiez sur pièces :

Prestations — sites web et refontes, SEO technique, automatisation de processus, intégration IA sur mesure.

Produits internes — nous développons et exploitons nos propres plateformes : génération et publication de contenu multi-format avec personas IA, système de prospection avec audit automatique de fiches et de sites, assistant conversationnel WhatsApp, SaaS de gestion scolaire.

Ces produits ne sont pas des démos. Ils tournent en production et servent nos propres opérations. C'est ce qui nous permet de livrer de l'automatisation et de l'IA qui fonctionnent réellement, pas des intégrations de surface.

Architecture et détails sur incidenx.com/realisations.

Si vous avez un projet e-commerce ou une refonte en attente, dites-moi lequel — je vous réponds en 24h sur la faisabilité et le délai.

Jean-Marc Dansi
IncidenX",Je clos le sujet,"Bonjour Danko,

Dernier message, je ne veux pas encombrer votre boîte.

Pas de besoin en ce moment, c'est normal. Gardez simplement le contact : le jour où vous devez refuser un projet faute de bande passante, ou qu'un client demande une brique technique hors de votre périmètre, nous sommes là.

Confidentialité totale, NDA sur demande, nous n'apparaissons jamais auprès de vos clients.

incidenx.com — réponse sous 24h.

Bonne continuation,

Jean-Marc Dansi
IncidenX"
8773,Adveris,"16 Rue du Faubourg Montmartre, 75009 Paris, France",Paris,agence web,https://www.adveris.fr/,+33183628580,,,agence web,general,60,,Site en accès interdit (403) — email manquant — Ville : Paris.,a_verifier,Partenariat production — agence à agence,"Bonjour Mathieu,

Jean-Marc Dansi, je dirige IncidenX, une agence digitale basée au Bénin. Même fuseau horaire que la France, donc mon équipe est joignable sur vos horaires.

J'ai parcouru votre site et vos prestations. Vous êtes une agence de référencement parisienne reconnue pour son expertise SEO — référencement naturel, payant et stratégie de contenu — et qui traite chaque campagne comme un enjeu de croissance mesurable ; quand un site ou une refonte doit accompagner une campagne, notre équipe prend le développement en marque blanche. Je contacte quelques agences françaises pour proposer un partenariat de production : vous me transmettez les projets que vous ne pouvez pas absorber — surcharge, délais, périmètre technique — et mon équipe les livre en marque blanche sous votre nom.

Sites web, refonte, SEO technique, automatisation et intégration IA : ce sont nos prestations quotidiennes. Nous avons une équipe complète, pas un développeur isolé.

Vous pouvez juger de notre niveau d'exécution directement : incidenx.com.

Un échange de 15 minutes vous intéresse ?

Jean-Marc Dansi
IncidenX",Re: Partenariat production,"Bonjour Mathieu,

Le point qui intéresse le plus les agences que je contacte : la marge.

Notre structure de coûts au Bénin nous permet de pratiquer des tarifs très en dessous du marché français. Vous facturez votre client à votre tarif habituel, vous nous confiez la production, et vous gardez une marge nettement supérieure à celle d'un projet traité en interne.

Effet secondaire utile : vous pouvez accepter des projets que vous refusez aujourd'hui parce que le budget client ne passe pas votre seuil de rentabilité.

Un site vitrine ou une refonte, c'est le format le plus simple pour tester la collaboration sans engagement.

Jean-Marc Dansi
IncidenX","Notre niveau d'exécution, concrètement","Bonjour Mathieu,

Pour que vous jugiez sur pièces :

Prestations — sites web et refontes, SEO technique, automatisation de processus, intégration IA sur mesure.

Produits internes — nous développons et exploitons nos propres plateformes : génération et publication de contenu multi-format avec personas IA, système de prospection avec audit automatique de fiches et de sites, assistant conversationnel WhatsApp, SaaS de gestion scolaire.

Ces produits ne sont pas des démos. Ils tournent en production et servent nos propres opérations. C'est ce qui nous permet de livrer de l'automatisation et de l'IA qui fonctionnent réellement, pas des intégrations de surface.

Architecture et détails sur incidenx.com/realisations.

Si une campagne doit s'appuyer sur un site, une refonte ou une brique technique à livrer vite, dites-moi-le — je vous réponds en 24h sur la faisabilité et le délai.

Jean-Marc Dansi
IncidenX",Je clos le sujet,"Bonjour Mathieu,

Dernier message, je ne veux pas encombrer votre boîte.

Pas de besoin en ce moment, c'est normal. Gardez simplement le contact : le jour où vous devez refuser un projet faute de bande passante, ou qu'un client demande une brique technique hors de votre périmètre, nous sommes là.

Confidentialité totale, NDA sur demande, nous n'apparaissons jamais auprès de vos clients.

incidenx.com — réponse sous 24h.

Bonne continuation,

Jean-Marc Dansi
IncidenX"
8774,JVWEB,"3 Rue du Temple, 75004 Paris, France",Paris,agence web,https://www.jvweb.fr/,+33430967676,contact@jvweb.fr,,agence web,general,78,,"Pilotez des stratégies d'acquisition fondées sur la data, avec un pôle data & ia — Ville : Paris.",a_contacter,Partenariat production — agence à agence,"Bonjour Jonathan,

Jean-Marc Dansi, je dirige IncidenX, une agence digitale basée au Bénin. Même fuseau horaire que la France, donc mon équipe est joignable sur vos horaires.

J'ai parcouru votre site et vos prestations. Votre cœur de métier, c'est la performance publicitaire et le référencement ; quand un client a besoin d'un site, d'une refonte ou d'une landing à produire derrière vos campagnes, nous pouvons en assurer la production à votre place. Je contacte quelques agences françaises pour proposer un partenariat de production : vous me transmettez les projets que vous ne pouvez pas absorber — surcharge, délais, périmètre technique — et mon équipe les livre en marque blanche sous votre nom.

Sites web, refonte, SEO technique, automatisation et intégration IA : ce sont nos prestations quotidiennes. Nous avons une équipe complète, pas un développeur isolé.

Vous pouvez juger de notre niveau d'exécution directement : incidenx.com.

Un échange de 15 minutes vous intéresse ?

Jean-Marc Dansi
IncidenX",Re: Partenariat production,"Bonjour Jonathan,

Le point qui intéresse le plus les agences que je contacte : la marge.

Notre structure de coûts au Bénin nous permet de pratiquer des tarifs très en dessous du marché français. Vous facturez votre client à votre tarif habituel, vous nous confiez la production, et vous gardez une marge nettement supérieure à celle d'un projet traité en interne.

Effet secondaire utile : vous pouvez accepter des projets que vous refusez aujourd'hui parce que le budget client ne passe pas votre seuil de rentabilité.

Un site vitrine ou une refonte, c'est le format le plus simple pour tester la collaboration sans engagement.

Jean-Marc Dansi
IncidenX","Notre niveau d'exécution, concrètement","Bonjour Jonathan,

Pour que vous jugiez sur pièces :

Prestations — sites web et refontes, SEO technique, automatisation de processus, intégration IA sur mesure.

Produits internes — nous développons et exploitons nos propres plateformes : génération et publication de contenu multi-format avec personas IA, système de prospection avec audit automatique de fiches et de sites, assistant conversationnel WhatsApp, SaaS de gestion scolaire.

Ces produits ne sont pas des démos. Ils tournent en production et servent nos propres opérations. C'est ce qui nous permet de livrer de l'automatisation et de l'IA qui fonctionnent réellement, pas des intégrations de surface.

Architecture et détails sur incidenx.com/realisations.

Si vous avez une landing, un site ou une refonte à produire pour un client dans les prochaines semaines, dites-moi lequel — je vous réponds en 24h sur la faisabilité et le délai.

Jean-Marc Dansi
IncidenX",Je clos le sujet,"Bonjour Jonathan,

Dernier message, je ne veux pas encombrer votre boîte.

Pas de besoin en ce moment, c'est normal. Gardez simplement le contact : le jour où vous devez refuser un projet faute de bande passante, ou qu'un client demande une brique technique hors de votre périmètre, nous sommes là.

Confidentialité totale, NDA sur demande, nous n'apparaissons jamais auprès de vos clients.

incidenx.com — réponse sous 24h.

Bonne continuation,

Jean-Marc Dansi
IncidenX"
8775,Clikeo,"5 Rue Deparcieux, 75014 Paris, France",Paris,agence web,https://www.clikeo.fr/,+33183621466,contact@clikeo.fr,,agence web,general,65,,Créez des sites internet sur mesure — Ville : Paris.,a_contacter,Partenariat production — agence à agence,"Bonjour Yannick,

Jean-Marc Dansi, je dirige IncidenX, une agence digitale basée au Bénin. Même fuseau horaire que la France, donc mon équipe est joignable sur vos horaires.

J'ai parcouru votre site et vos prestations. Vous êtes une agence web parisienne qui crée des sites sur mesure — surtout e-commerce — avec une vraie culture de la performance et des outils maison ; pour les chantiers en surcharge ou les développements à livrer vite, notre équipe prend le relais en marque blanche. Je contacte quelques agences françaises pour proposer un partenariat de production : vous me transmettez les projets que vous ne pouvez pas absorber — surcharge, délais, périmètre technique — et mon équipe les livre en marque blanche sous votre nom.

Sites web, refonte, SEO technique, automatisation et intégration IA : ce sont nos prestations quotidiennes. Nous avons une équipe complète, pas un développeur isolé.

Vous pouvez juger de notre niveau d'exécution directement : incidenx.com.

Un échange de 15 minutes vous intéresse ?

Jean-Marc Dansi
IncidenX",Re: Partenariat production,"Bonjour Yannick,

Le point qui intéresse le plus les agences que je contacte : la marge.

Notre structure de coûts au Bénin nous permet de pratiquer des tarifs très en dessous du marché français. Vous facturez votre client à votre tarif habituel, vous nous confiez la production, et vous gardez une marge nettement supérieure à celle d'un projet traité en interne.

Effet secondaire utile : vous pouvez accepter des projets que vous refusez aujourd'hui parce que le budget client ne passe pas votre seuil de rentabilité.

Un site vitrine ou une refonte, c'est le format le plus simple pour tester la collaboration sans engagement.

Jean-Marc Dansi
IncidenX","Notre niveau d'exécution, concrètement","Bonjour Yannick,

Pour que vous jugiez sur pièces :

Prestations — sites web et refontes, SEO technique, automatisation de processus, intégration IA sur mesure.

Produits internes — nous développons et exploitons nos propres plateformes : génération et publication de contenu multi-format avec personas IA, système de prospection avec audit automatique de fiches et de sites, assistant conversationnel WhatsApp, SaaS de gestion scolaire.

Ces produits ne sont pas des démos. Ils tournent en production et servent nos propres opérations. C'est ce qui nous permet de livrer de l'automatisation et de l'IA qui fonctionnent réellement, pas des intégrations de surface.

Architecture et détails sur incidenx.com/realisations.

Si vous avez un développement e-commerce ou une refonte en attente, dites-moi-le — je vous réponds en 24h sur la faisabilité et le délai.

Jean-Marc Dansi
IncidenX",Je clos le sujet,"Bonjour Yannick,

Dernier message, je ne veux pas encombrer votre boîte.

Pas de besoin en ce moment, c'est normal. Gardez simplement le contact : le jour où vous devez refuser un projet faute de bande passante, ou qu'un client demande une brique technique hors de votre périmètre, nous sommes là.

Confidentialité totale, NDA sur demande, nous n'apparaissons jamais auprès de vos clients.

incidenx.com — réponse sous 24h.

Bonne continuation,

Jean-Marc Dansi
IncidenX"
8776,AEP DIGITAL,"44 Rue de Montmorency, 75003 Paris, France",Paris,agence web,http://www.aep-digital.com/,+33140091331,contact@aep-digital.com,,agence web,general,70,,"Êtes une agence de performance et d'acquisition digitale (seo, sea, google ads) — Ville : Paris.",a_contacter,Partenariat production — agence à agence,"Bonjour Benjamin,

Jean-Marc Dansi, je dirige IncidenX, une agence digitale basée au Bénin. Même fuseau horaire que la France, donc mon équipe est joignable sur vos horaires.

J'ai parcouru votre site et vos prestations. Vous êtes une agence d'acquisition digitale orientée performance — SEO, SEA, social ads — avec vos propres outils d'analyse et une vraie culture du résultat ; quand une campagne doit s'appuyer sur des développements ou des pages livrés vite, notre équipe prend la production en marque blanche. Je contacte quelques agences françaises pour proposer un partenariat de production : vous me transmettez les projets que vous ne pouvez pas absorber — surcharge, délais, périmètre technique — et mon équipe les livre en marque blanche sous votre nom.

Sites web, refonte, SEO technique, automatisation et intégration IA : ce sont nos prestations quotidiennes. Nous avons une équipe complète, pas un développeur isolé.

Vous pouvez juger de notre niveau d'exécution directement : incidenx.com.

Un échange de 15 minutes vous intéresse ?

Jean-Marc Dansi
IncidenX",Re: Partenariat production,"Bonjour Benjamin,

Le point qui intéresse le plus les agences que je contacte : la marge.

Notre structure de coûts au Bénin nous permet de pratiquer des tarifs très en dessous du marché français. Vous facturez votre client à votre tarif habituel, vous nous confiez la production, et vous gardez une marge nettement supérieure à celle d'un projet traité en interne.

Effet secondaire utile : vous pouvez accepter des projets que vous refusez aujourd'hui parce que le budget client ne passe pas votre seuil de rentabilité.

Un site vitrine ou une refonte, c'est le format le plus simple pour tester la collaboration sans engagement.

Jean-Marc Dansi
IncidenX","Notre niveau d'exécution, concrètement","Bonjour Benjamin,

Pour que vous jugiez sur pièces :

Prestations — sites web et refontes, SEO technique, automatisation de processus, intégration IA sur mesure.

Produits internes — nous développons et exploitons nos propres plateformes : génération et publication de contenu multi-format avec personas IA, système de prospection avec audit automatique de fiches et de sites, assistant conversationnel WhatsApp, SaaS de gestion scolaire.

Ces produits ne sont pas des démos. Ils tournent en production et servent nos propres opérations. C'est ce qui nous permet de livrer de l'automatisation et de l'IA qui fonctionnent réellement, pas des intégrations de surface.

Architecture et détails sur incidenx.com/realisations.

Si vous avez un projet qui doit être livré vite — site, page ou développement lié à une campagne — dites-moi lequel, je vous réponds en 24h sur la faisabilité et le délai.

Jean-Marc Dansi
IncidenX",Je clos le sujet,"Bonjour Benjamin,

Dernier message, je ne veux pas encombrer votre boîte.

Pas de besoin en ce moment, c'est normal. Gardez simplement le contact : le jour où vous devez refuser un projet faute de bande passante, ou qu'un client demande une brique technique hors de votre périmètre, nous sommes là.

Confidentialité totale, NDA sur demande, nous n'apparaissons jamais auprès de vos clients.

incidenx.com — réponse sous 24h.

Bonne continuation,

Jean-Marc Dansi
IncidenX"
8777,Procom'Paris,"23 Rue du Roule, 75001 Paris, France",Paris,agence web,http://www.procomparis.fr/,+33147821799,contact@procomparis.fr,,agence web,general,65,,Êtes une agence de communication 360° dédiée aux tpe/pme — Ville : Paris.,a_contacter,Partenariat production — agence à agence,"Bonjour Mariam,

Jean-Marc Dansi, je dirige IncidenX, une agence digitale basée au Bénin. Même fuseau horaire que la France, donc mon équipe est joignable sur vos horaires.

J'ai parcouru votre site et vos prestations. Vous êtes une agence de communication 360° qui externalise toute la communication des TPE et PME — sites, référencement, conseil, création ; pour les pics de charge ou les délais courts, notre équipe assure la production en marque blanche. Je contacte quelques agences françaises pour proposer un partenariat de production : vous me transmettez les projets que vous ne pouvez pas absorber — surcharge, délais, périmètre technique — et mon équipe les livre en marque blanche sous votre nom.

Sites web, refonte, SEO technique, automatisation et intégration IA : ce sont nos prestations quotidiennes. Nous avons une équipe complète, pas un développeur isolé.

Vous pouvez juger de notre niveau d'exécution directement : incidenx.com.

Un échange de 15 minutes vous intéresse ?

Jean-Marc Dansi
IncidenX",Re: Partenariat production,"Bonjour Mariam,

Le point qui intéresse le plus les agences que je contacte : la marge.

Notre structure de coûts au Bénin nous permet de pratiquer des tarifs très en dessous du marché français. Vous facturez votre client à votre tarif habituel, vous nous confiez la production, et vous gardez une marge nettement supérieure à celle d'un projet traité en interne.

Effet secondaire utile : vous pouvez accepter des projets que vous refusez aujourd'hui parce que le budget client ne passe pas votre seuil de rentabilité.

Un site vitrine ou une refonte, c'est le format le plus simple pour tester la collaboration sans engagement.

Jean-Marc Dansi
IncidenX","Notre niveau d'exécution, concrètement","Bonjour Mariam,

Pour que vous jugiez sur pièces :

Prestations — sites web et refontes, SEO technique, automatisation de processus, intégration IA sur mesure.

Produits internes — nous développons et exploitons nos propres plateformes : génération et publication de contenu multi-format avec personas IA, système de prospection avec audit automatique de fiches et de sites, assistant conversationnel WhatsApp, SaaS de gestion scolaire.

Ces produits ne sont pas des démos. Ils tournent en production et servent nos propres opérations. C'est ce qui nous permet de livrer de l'automatisation et de l'IA qui fonctionnent réellement, pas des intégrations de surface.

Architecture et détails sur incidenx.com/realisations.

Si vous avez un site ou une refonte à produire pour l'un de vos clients, dites-moi-le — je vous réponds en 24h sur la faisabilité et le délai.

Jean-Marc Dansi
IncidenX",Je clos le sujet,"Bonjour Mariam,

Dernier message, je ne veux pas encombrer votre boîte.

Pas de besoin en ce moment, c'est normal. Gardez simplement le contact : le jour où vous devez refuser un projet faute de bande passante, ou qu'un client demande une brique technique hors de votre périmètre, nous sommes là.

Confidentialité totale, NDA sur demande, nous n'apparaissons jamais auprès de vos clients.

incidenx.com — réponse sous 24h.

Bonne continuation,

Jean-Marc Dansi
IncidenX"
8778,E.Gate REFERENCEMENT Agence SEO GEO Paris,"57 Rue de Rennes, 75006 Paris, France",Paris,agence web,https://www.egatereferencement.com/,+33183628787,christian@egatereferencement.com,,agence web,general,66,,Êtes une agence de référencement naturel (seo/geo) — Ville : Paris.,a_contacter,Partenariat production — agence à agence,"Bonjour Christian,

Jean-Marc Dansi, je dirige IncidenX, une agence digitale basée au Bénin. Même fuseau horaire que la France, donc mon équipe est joignable sur vos horaires.

J'ai parcouru votre site et vos prestations. Vous êtes une agence de référencement installée depuis 2005, qui couvre SEO, SEA et aujourd'hui le GEO avec des engagements contractuels ; quand une campagne doit s'appuyer sur des développements ou des contenus livrés vite, notre équipe prend la production en marque blanche. Je contacte quelques agences françaises pour proposer un partenariat de production : vous me transmettez les projets que vous ne pouvez pas absorber — surcharge, délais, périmètre technique — et mon équipe les livre en marque blanche sous votre nom.

Sites web, refonte, SEO technique, automatisation et intégration IA : ce sont nos prestations quotidiennes. Nous avons une équipe complète, pas un développeur isolé.

Vous pouvez juger de notre niveau d'exécution directement : incidenx.com.

Un échange de 15 minutes vous intéresse ?

Jean-Marc Dansi
IncidenX",Re: Partenariat production,"Bonjour Christian,

Le point qui intéresse le plus les agences que je contacte : la marge.

Notre structure de coûts au Bénin nous permet de pratiquer des tarifs très en dessous du marché français. Vous facturez votre client à votre tarif habituel, vous nous confiez la production, et vous gardez une marge nettement supérieure à celle d'un projet traité en interne.

Effet secondaire utile : vous pouvez accepter des projets que vous refusez aujourd'hui parce que le budget client ne passe pas votre seuil de rentabilité.

Un site vitrine ou une refonte, c'est le format le plus simple pour tester la collaboration sans engagement.

Jean-Marc Dansi
IncidenX","Notre niveau d'exécution, concrètement","Bonjour Christian,

Pour que vous jugiez sur pièces :

Prestations — sites web et refontes, SEO technique, automatisation de processus, intégration IA sur mesure.

Produits internes — nous développons et exploitons nos propres plateformes : génération et publication de contenu multi-format avec personas IA, système de prospection avec audit automatique de fiches et de sites, assistant conversationnel WhatsApp, SaaS de gestion scolaire.

Ces produits ne sont pas des démos. Ils tournent en production et servent nos propres opérations. C'est ce qui nous permet de livrer de l'automatisation et de l'IA qui fonctionnent réellement, pas des intégrations de surface.

Architecture et détails sur incidenx.com/realisations.

Si une campagne doit s'appuyer sur un site, une page ou une refonte à livrer vite, dites-moi-le — je vous réponds en 24h sur la faisabilité et le délai.

Jean-Marc Dansi
IncidenX",Je clos le sujet,"Bonjour Christian,

Dernier message, je ne veux pas encombrer votre boîte.

Pas de besoin en ce moment, c'est normal. Gardez simplement le contact : le jour où vous devez refuser un projet faute de bande passante, ou qu'un client demande une brique technique hors de votre périmètre, nous sommes là.

Confidentialité totale, NDA sur demande, nous n'apparaissons jamais auprès de vos clients.

incidenx.com — réponse sous 24h.

Bonne continuation,

Jean-Marc Dansi
IncidenX"
8779,Hands,"57 R. de Turbigo, 75003 Paris, France",Paris,agence web,https://hands.fr/,+33140294161,contact@hands.fr,,agence web,general,55,,Êtes une agence digitale — site sans contenu exploitable — Ville : Paris.,a_verifier,Partenariat production — agence à agence,"Bonjour Gautier,

Jean-Marc Dansi, je dirige IncidenX, une agence digitale basée au Bénin. Même fuseau horaire que la France, donc mon équipe est joignable sur vos horaires.

J'ai parcouru votre site et vos prestations. Vous êtes un groupe créatif-tech qui construit les infrastructures de marque et de culture de demain — campagnes, écosystèmes digitaux, e-commerce, plateformes sur mesure — pour des institutions et des marques à forte exposition ; pour les développements à absorber, notre équipe prend la production en marque blanche. Je contacte quelques agences françaises pour proposer un partenariat de production : vous me transmettez les projets que vous ne pouvez pas absorber — surcharge, délais, périmètre technique — et mon équipe les livre en marque blanche sous votre nom.

Sites web, refonte, SEO technique, automatisation et intégration IA : ce sont nos prestations quotidiennes. Nous avons une équipe complète, pas un développeur isolé.

Vous pouvez juger de notre niveau d'exécution directement : incidenx.com.

Un échange de 15 minutes vous intéresse ?

Jean-Marc Dansi
IncidenX",Re: Partenariat production,"Bonjour Gautier,

Le point qui intéresse le plus les agences que je contacte : la marge.

Notre structure de coûts au Bénin nous permet de pratiquer des tarifs très en dessous du marché français. Vous facturez votre client à votre tarif habituel, vous nous confiez la production, et vous gardez une marge nettement supérieure à celle d'un projet traité en interne.

Effet secondaire utile : vous pouvez accepter des projets que vous refusez aujourd'hui parce que le budget client ne passe pas votre seuil de rentabilité.

Un site vitrine ou une refonte, c'est le format le plus simple pour tester la collaboration sans engagement.

Jean-Marc Dansi
IncidenX","Notre niveau d'exécution, concrètement","Bonjour Gautier,

Pour que vous jugiez sur pièces :

Prestations — sites web et refontes, SEO technique, automatisation de processus, intégration IA sur mesure.

Produits internes — nous développons et exploitons nos propres plateformes : génération et publication de contenu multi-format avec personas IA, système de prospection avec audit automatique de fiches et de sites, assistant conversationnel WhatsApp, SaaS de gestion scolaire.

Ces produits ne sont pas des démos. Ils tournent en production et servent nos propres opérations. C'est ce qui nous permet de livrer de l'automatisation et de l'IA qui fonctionnent réellement, pas des intégrations de surface.

Architecture et détails sur incidenx.com/realisations.

Si un écosystème digital ou une plateforme doit être développé pour vos marques, dites-moi-le — je vous réponds en 24h sur la faisabilité et le délai.

Jean-Marc Dansi
IncidenX",Je clos le sujet,"Bonjour Gautier,

Dernier message, je ne veux pas encombrer votre boîte.

Pas de besoin en ce moment, c'est normal. Gardez simplement le contact : le jour où vous devez refuser un projet faute de bande passante, ou qu'un client demande une brique technique hors de votre périmètre, nous sommes là.

Confidentialité totale, NDA sur demande, nous n'apparaissons jamais auprès de vos clients.

incidenx.com — réponse sous 24h.

Bonne continuation,

Jean-Marc Dansi
IncidenX"
8780,Clickway - Agence Web & Développement,"198 Av. de France, 75013 Paris, France",Paris,agence web,https://clickway.fr/,+33616688751,contact@clickway.fr,,agence web,general,55,,Êtes une agence web & développement — site en préparation — Ville : Paris.,a_verifier,Partenariat production — agence à agence,"Bonjour Lounes,

Jean-Marc Dansi, je dirige IncidenX, une agence digitale basée au Bénin. Même fuseau horaire que la France, donc mon équipe est joignable sur vos horaires.

J'ai parcouru votre site et vos prestations. Vous êtes une agence web et de développement qui conçoit des solutions sur mesure pour les entreprises, des sites vitrines aux applications métier ; pour les projets en surcharge ou les délais serrés, notre équipe assure le développement en marque blanche. Je contacte quelques agences françaises pour proposer un partenariat de production : vous me transmettez les projets que vous ne pouvez pas absorber — surcharge, délais, périmètre technique — et mon équipe les livre en marque blanche sous votre nom.

Sites web, refonte, SEO technique, automatisation et intégration IA : ce sont nos prestations quotidiennes. Nous avons une équipe complète, pas un développeur isolé.

Vous pouvez juger de notre niveau d'exécution directement : incidenx.com.

Un échange de 15 minutes vous intéresse ?

Jean-Marc Dansi
IncidenX",Re: Partenariat production,"Bonjour Lounes,

Le point qui intéresse le plus les agences que je contacte : la marge.

Notre structure de coûts au Bénin nous permet de pratiquer des tarifs très en dessous du marché français. Vous facturez votre client à votre tarif habituel, vous nous confiez la production, et vous gardez une marge nettement supérieure à celle d'un projet traité en interne.

Effet secondaire utile : vous pouvez accepter des projets que vous refusez aujourd'hui parce que le budget client ne passe pas votre seuil de rentabilité.

Un site vitrine ou une refonte, c'est le format le plus simple pour tester la collaboration sans engagement.

Jean-Marc Dansi
IncidenX","Notre niveau d'exécution, concrètement","Bonjour Lounes,

Pour que vous jugiez sur pièces :

Prestations — sites web et refontes, SEO technique, automatisation de processus, intégration IA sur mesure.

Produits internes — nous développons et exploitons nos propres plateformes : génération et publication de contenu multi-format avec personas IA, système de prospection avec audit automatique de fiches et de sites, assistant conversationnel WhatsApp, SaaS de gestion scolaire.

Ces produits ne sont pas des démos. Ils tournent en production et servent nos propres opérations. C'est ce qui nous permet de livrer de l'automatisation et de l'IA qui fonctionnent réellement, pas des intégrations de surface.

Architecture et détails sur incidenx.com/realisations.

Si vous avez un développement ou un site à produire dans les prochaines semaines, dites-moi-le — je vous réponds en 24h sur la faisabilité et le délai.

Jean-Marc Dansi
IncidenX",Je clos le sujet,"Bonjour Lounes,

Dernier message, je ne veux pas encombrer votre boîte.

Pas de besoin en ce moment, c'est normal. Gardez simplement le contact : le jour où vous devez refuser un projet faute de bande passante, ou qu'un client demande une brique technique hors de votre périmètre, nous sommes là.

Confidentialité totale, NDA sur demande, nous n'apparaissons jamais auprès de vos clients.

incidenx.com — réponse sous 24h.

Bonne continuation,

Jean-Marc Dansi
IncidenX"
8781,PumpUp,"47 bis Rue de la Chine, 75020 Paris, France",Paris,agence web,https://www.pumpup.fr/les-agences/paris/,+33183629329,contact@pumpup.fr,,agence web,general,68,,"Êtes une agence digitale parisienne tournée performance (seo, sea, google ads) — Ville : Paris.",a_contacter,Partenariat production — agence à agence,"Bonjour Lucas,

Jean-Marc Dansi, je dirige IncidenX, une agence digitale basée au Bénin. Même fuseau horaire que la France, donc mon équipe est joignable sur vos horaires.

J'ai parcouru votre site et vos prestations. Vous êtes une agence de performance marketing — SEA, SEO, inbound — Google Partner Premier, avec une vraie culture de la donnée et de la conversion ; quand une campagne doit s'appuyer sur des pages ou des développements livrés vite, notre équipe prend la production en marque blanche. Je contacte quelques agences françaises pour proposer un partenariat de production : vous me transmettez les projets que vous ne pouvez pas absorber — surcharge, délais, périmètre technique — et mon équipe les livre en marque blanche sous votre nom.

Sites web, refonte, SEO technique, automatisation et intégration IA : ce sont nos prestations quotidiennes. Nous avons une équipe complète, pas un développeur isolé.

Vous pouvez juger de notre niveau d'exécution directement : incidenx.com.

Un échange de 15 minutes vous intéresse ?

Jean-Marc Dansi
IncidenX",Re: Partenariat production,"Bonjour Lucas,

Le point qui intéresse le plus les agences que je contacte : la marge.

Notre structure de coûts au Bénin nous permet de pratiquer des tarifs très en dessous du marché français. Vous facturez votre client à votre tarif habituel, vous nous confiez la production, et vous gardez une marge nettement supérieure à celle d'un projet traité en interne.

Effet secondaire utile : vous pouvez accepter des projets que vous refusez aujourd'hui parce que le budget client ne passe pas votre seuil de rentabilité.

Un site vitrine ou une refonte, c'est le format le plus simple pour tester la collaboration sans engagement.

Jean-Marc Dansi
IncidenX","Notre niveau d'exécution, concrètement","Bonjour Lucas,

Pour que vous jugiez sur pièces :

Prestations — sites web et refontes, SEO technique, automatisation de processus, intégration IA sur mesure.

Produits internes — nous développons et exploitons nos propres plateformes : génération et publication de contenu multi-format avec personas IA, système de prospection avec audit automatique de fiches et de sites, assistant conversationnel WhatsApp, SaaS de gestion scolaire.

Ces produits ne sont pas des démos. Ils tournent en production et servent nos propres opérations. C'est ce qui nous permet de livrer de l'automatisation et de l'IA qui fonctionnent réellement, pas des intégrations de surface.

Architecture et détails sur incidenx.com/realisations.

Si vous avez un site ou des pages de conversion à produire pour appuyer une campagne, dites-moi-le — je vous réponds en 24h sur la faisabilité et le délai.

Jean-Marc Dansi
IncidenX",Je clos le sujet,"Bonjour Lucas,

Dernier message, je ne veux pas encombrer votre boîte.

Pas de besoin en ce moment, c'est normal. Gardez simplement le contact : le jour où vous devez refuser un projet faute de bande passante, ou qu'un client demande une brique technique hors de votre périmètre, nous sommes là.

Confidentialité totale, NDA sur demande, nous n'apparaissons jamais auprès de vos clients.

incidenx.com — réponse sous 24h.

Bonne continuation,

Jean-Marc Dansi
IncidenX"
8782,Unikweb - Agence WordPress Paris,"59 Rue du Faubourg Saint-Antoine, 75011 Paris, France",Paris,agence web,https://www.unikweb.fr/agence-wordpress/,+33183640790,contact@unikweb.fr,,agence web,general,70,,"Êtes une agence wordpress, spécialisée aussi en motion design et webdesign — Ville : Paris.",a_contacter,Partenariat production — agence à agence,"Bonjour David,

Jean-Marc Dansi, je dirige IncidenX, une agence digitale basée au Bénin. Même fuseau horaire que la France, donc mon équipe est joignable sur vos horaires.

J'ai parcouru votre site et vos prestations. Vous êtes une agence open source reconnue — WordPress, Drupal — qui gère des projets web et e-commerce avec une vraie exigence d'éco-conception ; pour les pics de charge ou les développements à livrer vite, notre équipe prend le relais de la production en marque blanche. Je contacte quelques agences françaises pour proposer un partenariat de production : vous me transmettez les projets que vous ne pouvez pas absorber — surcharge, délais, périmètre technique — et mon équipe les livre en marque blanche sous votre nom.

Sites web, refonte, SEO technique, automatisation et intégration IA : ce sont nos prestations quotidiennes. Nous avons une équipe complète, pas un développeur isolé.

Vous pouvez juger de notre niveau d'exécution directement : incidenx.com.

Un échange de 15 minutes vous intéresse ?

Jean-Marc Dansi
IncidenX",Re: Partenariat production,"Bonjour David,

Le point qui intéresse le plus les agences que je contacte : la marge.

Notre structure de coûts au Bénin nous permet de pratiquer des tarifs très en dessous du marché français. Vous facturez votre client à votre tarif habituel, vous nous confiez la production, et vous gardez une marge nettement supérieure à celle d'un projet traité en interne.

Effet secondaire utile : vous pouvez accepter des projets que vous refusez aujourd'hui parce que le budget client ne passe pas votre seuil de rentabilité.

Un site vitrine ou une refonte, c'est le format le plus simple pour tester la collaboration sans engagement.

Jean-Marc Dansi
IncidenX","Notre niveau d'exécution, concrètement","Bonjour David,

Pour que vous jugiez sur pièces :

Prestations — sites web et refontes, SEO technique, automatisation de processus, intégration IA sur mesure.

Produits internes — nous développons et exploitons nos propres plateformes : génération et publication de contenu multi-format avec personas IA, système de prospection avec audit automatique de fiches et de sites, assistant conversationnel WhatsApp, SaaS de gestion scolaire.

Ces produits ne sont pas des démos. Ils tournent en production et servent nos propres opérations. C'est ce qui nous permet de livrer de l'automatisation et de l'IA qui fonctionnent réellement, pas des intégrations de surface.

Architecture et détails sur incidenx.com/realisations.

Si vous avez un projet WordPress, une migration ou une refonte en attente, dites-moi lequel — je vous réponds en 24h sur la faisabilité et le délai.

Jean-Marc Dansi
IncidenX",Je clos le sujet,"Bonjour David,

Dernier message, je ne veux pas encombrer votre boîte.

Pas de besoin en ce moment, c'est normal. Gardez simplement le contact : le jour où vous devez refuser un projet faute de bande passante, ou qu'un client demande une brique technique hors de votre périmètre, nous sommes là.

Confidentialité totale, NDA sur demande, nous n'apparaissons jamais auprès de vos clients.

incidenx.com — réponse sous 24h.

Bonne continuation,

Jean-Marc Dansi
IncidenX"
8783,Agence Web Paris - ER Agency,"80 Rue du Moulin Vert, 75014 Paris, France",Paris,agence web,https://er-agency.fr/,,contact@er-agency.fr,,agence web,general,66,,Vous concentrez sur le seo local et google ads — Ville : Paris.,a_contacter,,,,,,,,
8784,Amen France,"12-14 Rdpt des Champs-Élysées Marcel-Dassault, 75008 Paris, France",Paris,agence web,https://www.amen.fr/,+33170995341,contact@votredomaine.fr,,agence web,general,10,,Acteur domaines/hébergement (amen.fr) ; email placeholder (contact@votredomaine.fr) — Ville : Paris.,a_ecarter,,,,,,,,
8785,William De Azevedo,"62 Rue Michel Giraux, 78670 Villennes-sur-Seine, France",Paris,agence web,https://williamdeazevedo.fr/,+33762746021,contact@williamdeazevedo.fr,,agence web,general,78,,"Êtes développeur front-end freelance (react) — sites et interfaces rapides, accessibles — Ville : Paris.",a_contacter,Partenariat production — agence à agence,"Bonjour William,

Jean-Marc Dansi, je dirige IncidenX, une agence digitale basée au Bénin. Même fuseau horaire que la France, donc mon équipe est joignable sur vos horaires.

J'ai parcouru votre site et vos prestations. Vous intervenez en indépendant sur le web et le mobile avec une stack moderne (React, Next.js) ; quand un projet devient trop gros pour un développeur seul, ou qu'il faut du renfort sur la production, notre équipe s'intègre pour livrer avec vous, en marque blanche. Je contacte quelques agences françaises pour proposer un partenariat de production : vous me transmettez les projets que vous ne pouvez pas absorber — surcharge, délais, périmètre technique — et mon équipe les livre en marque blanche sous votre nom.

Sites web, refonte, SEO technique, automatisation et intégration IA : ce sont nos prestations quotidiennes. Nous avons une équipe complète, pas un développeur isolé.

Vous pouvez juger de notre niveau d'exécution directement : incidenx.com.

Un échange de 15 minutes vous intéresse ?

Jean-Marc Dansi
IncidenX",Re: Partenariat production,"Bonjour William,

Le point qui intéresse le plus les agences que je contacte : la marge.

Notre structure de coûts au Bénin nous permet de pratiquer des tarifs très en dessous du marché français. Vous facturez votre client à votre tarif habituel, vous nous confiez la production, et vous gardez une marge nettement supérieure à celle d'un projet traité en interne.

Effet secondaire utile : vous pouvez accepter des projets que vous refusez aujourd'hui parce que le budget client ne passe pas votre seuil de rentabilité.

Un site vitrine ou une refonte, c'est le format le plus simple pour tester la collaboration sans engagement.

Jean-Marc Dansi
IncidenX","Notre niveau d'exécution, concrètement","Bonjour William,

Pour que vous jugiez sur pièces :

Prestations — sites web et refontes, SEO technique, automatisation de processus, intégration IA sur mesure.

Produits internes — nous développons et exploitons nos propres plateformes : génération et publication de contenu multi-format avec personas IA, système de prospection avec audit automatique de fiches et de sites, assistant conversationnel WhatsApp, SaaS de gestion scolaire.

Ces produits ne sont pas des démos. Ils tournent en production et servent nos propres opérations. C'est ce qui nous permet de livrer de l'automatisation et de l'IA qui fonctionnent réellement, pas des intégrations de surface.

Architecture et détails sur incidenx.com/realisations.

Si vous avez un projet qui dépasse vos disponibilités, dites-moi lequel — je vous réponds en 24h sur la faisabilité et le délai.

Jean-Marc Dansi
IncidenX",Je clos le sujet,"Bonjour William,

Dernier message, je ne veux pas encombrer votre boîte.

Pas de besoin en ce moment, c'est normal. Gardez simplement le contact : le jour où vous devez refuser un projet faute de bande passante, ou qu'un client demande une brique technique hors de votre périmètre, nous sommes là.

Confidentialité totale, NDA sur demande, nous n'apparaissons jamais auprès de vos clients.

incidenx.com — réponse sous 24h.

Bonne continuation,

Jean-Marc Dansi
IncidenX"
8786,Agence web Paris | Re Start,"33 Rue du Sentier, 75002 Paris, France",Paris,agence web,https://restart-agency.fr/,+33652793204,,,agence web,general,60,,Agence de sites internet sur-mesure — email manquant — Ville : Paris.,a_verifier,,,,,,,,
8787,AjiCréative - Agence web,"58 Rue de Monceau, 75008 Paris, France",Paris,agence web,https://ajicreative.com/,+33142720747,,,agence web,general,5,,Site détourné (contenu paris sportifs/international) — Ville : Paris.,a_ecarter,,,,,,,,
8788,metabox Agence stratégie digitale Paris,"13 Rue Saint-Marc, 75002 Paris, France",Paris,agence web,https://www.metabox.fr/?utm_source=google&utm_medium=googlemybusiness&utm_campaign=GMB,+33140266293,,,agence web,general,55,,Site injoignable (dns) — email manquant — Ville : Paris.,a_verifier,,,,,,,,
8789,"Landing Labs- Agence Site Web paris, design UX/UI | Landing Page","10 Rue Duranti, 75011 Paris, France",Paris,agence web,https://rotating-functions-888827.framer.app/,+33660318525,,,agence web,general,70,,"Landing pages de conversion (framer), très bon fit — email manquant — Ville : Paris.",a_verifier,Partenariat production — agence à agence,"Bonjour Néo,

Jean-Marc Dansi, je dirige IncidenX, une agence digitale basée au Bénin. Même fuseau horaire que la France, donc mon équipe est joignable sur vos horaires.

J'ai parcouru votre site et vos prestations. Vous créez des landing pages de conversion avec Framer pour des marques qui veulent transformer leurs visiteurs en prospects qualifiés, avec une approche rapide et orientée résultats ; pour les projets qui dépassent la landing — site complet, refonte, application — ou quand un client demande un périmètre que vous ne couvrez pas, notre équipe assure le développement en marque blanche. Je contacte quelques agences françaises pour proposer un partenariat de production : vous me transmettez les projets que vous ne pouvez pas absorber — surcharge, délais, périmètre technique — et mon équipe les livre en marque blanche sous votre nom.

Sites web, refonte, SEO technique, automatisation et intégration IA : ce sont nos prestations quotidiennes. Nous avons une équipe complète, pas un développeur isolé.

Vous pouvez juger de notre niveau d'exécution directement : incidenx.com.

Un échange de 15 minutes vous intéresse ?

Jean-Marc Dansi
IncidenX",Re: Partenariat production,"Bonjour Néo,

Le point qui intéresse le plus les agences que je contacte : la marge.

Notre structure de coûts au Bénin nous permet de pratiquer des tarifs très en dessous du marché français. Vous facturez votre client à votre tarif habituel, vous nous confiez la production, et vous gardez une marge nettement supérieure à celle d'un projet traité en interne.

Effet secondaire utile : vous pouvez accepter des projets que vous refusez aujourd'hui parce que le budget client ne passe pas votre seuil de rentabilité.

Un site vitrine ou une refonte, c'est le format le plus simple pour tester la collaboration sans engagement.

Jean-Marc Dansi
IncidenX","Notre niveau d'exécution, concrètement","Bonjour Néo,

Pour que vous jugiez sur pièces :

Prestations — sites web et refontes, SEO technique, automatisation de processus, intégration IA sur mesure.

Produits internes — nous développons et exploitons nos propres plateformes : génération et publication de contenu multi-format avec personas IA, système de prospection avec audit automatique de fiches et de sites, assistant conversationnel WhatsApp, SaaS de gestion scolaire.

Ces produits ne sont pas des démos. Ils tournent en production et servent nos propres opérations. C'est ce qui nous permet de livrer de l'automatisation et de l'IA qui fonctionnent réellement, pas des intégrations de surface.

Architecture et détails sur incidenx.com/realisations.

Si un client vous demande un site, une refonte ou une brique technique au-delà de vos landing pages, dites-moi-le — je vous réponds en 24h sur la faisabilité et le délai.

Jean-Marc Dansi
IncidenX",Je clos le sujet,"Bonjour Néo,

Dernier message, je ne veux pas encombrer votre boîte.

Pas de besoin en ce moment, c'est normal. Gardez simplement le contact : le jour où vous devez refuser un projet faute de bande passante, ou qu'un client demande une brique technique hors de votre périmètre, nous sommes là.

Confidentialité totale, NDA sur demande, nous n'apparaissons jamais auprès de vos clients.

incidenx.com — réponse sous 24h.

Bonne continuation,

Jean-Marc Dansi
IncidenX"
8790,Gentleview,"9 Rue Bugeaud, 69006 Lyon, France",Lyon,agence web,https://www.gentleview.fr/,+33428290449,info@gentleview.fr,,agence web,general,65,,"Êtes une agence web/seo « écologique » (création site, référencement, identité visuelle) — Ville : Lyon.",a_contacter,Partenariat production — agence à agence,"Bonjour Théodore,

Jean-Marc Dansi, je dirige IncidenX, une agence digitale basée au Bénin. Même fuseau horaire que la France, donc mon équipe est joignable sur vos horaires.

J'ai parcouru votre site et vos prestations. Vous êtes une agence web et SEO lyonnaise avec une vraie singularité : un numérique écologique, performant et humain, de la création de sites au référencement ; pour les refontes pressées ou les chantiers en surcharge, notre équipe développe en marque blanche. Je contacte quelques agences françaises pour proposer un partenariat de production : vous me transmettez les projets que vous ne pouvez pas absorber — surcharge, délais, périmètre technique — et mon équipe les livre en marque blanche sous votre nom.

Sites web, refonte, SEO technique, automatisation et intégration IA : ce sont nos prestations quotidiennes. Nous avons une équipe complète, pas un développeur isolé.

Vous pouvez juger de notre niveau d'exécution directement : incidenx.com.

Un échange de 15 minutes vous intéresse ?

Jean-Marc Dansi
IncidenX",Re: Partenariat production,"Bonjour Théodore,

Le point qui intéresse le plus les agences que je contacte : la marge.

Notre structure de coûts au Bénin nous permet de pratiquer des tarifs très en dessous du marché français. Vous facturez votre client à votre tarif habituel, vous nous confiez la production, et vous gardez une marge nettement supérieure à celle d'un projet traité en interne.

Effet secondaire utile : vous pouvez accepter des projets que vous refusez aujourd'hui parce que le budget client ne passe pas votre seuil de rentabilité.

Un site vitrine ou une refonte, c'est le format le plus simple pour tester la collaboration sans engagement.

Jean-Marc Dansi
IncidenX","Notre niveau d'exécution, concrètement","Bonjour Théodore,

Pour que vous jugiez sur pièces :

Prestations — sites web et refontes, SEO technique, automatisation de processus, intégration IA sur mesure.

Produits internes — nous développons et exploitons nos propres plateformes : génération et publication de contenu multi-format avec personas IA, système de prospection avec audit automatique de fiches et de sites, assistant conversationnel WhatsApp, SaaS de gestion scolaire.

Ces produits ne sont pas des démos. Ils tournent en production et servent nos propres opérations. C'est ce qui nous permet de livrer de l'automatisation et de l'IA qui fonctionnent réellement, pas des intégrations de surface.

Architecture et détails sur incidenx.com/realisations.

Si vous avez un site, une refonte ou une production en attente, dites-moi-le — je vous réponds en 24h sur la faisabilité et le délai.

Jean-Marc Dansi
IncidenX",Je clos le sujet,"Bonjour Théodore,

Dernier message, je ne veux pas encombrer votre boîte.

Pas de besoin en ce moment, c'est normal. Gardez simplement le contact : le jour où vous devez refuser un projet faute de bande passante, ou qu'un client demande une brique technique hors de votre périmètre, nous sommes là.

Confidentialité totale, NDA sur demande, nous n'apparaissons jamais auprès de vos clients.

incidenx.com — réponse sous 24h.

Bonne continuation,

Jean-Marc Dansi
IncidenX"
8791,Linkeo,"26 Rue Bellecordière, 69002 Lyon, France",Lyon,agence web,http://www.linkeo-lyon.com/,+33974566969,wilevan.mesnard@linkeo.com,,agence web,general,80,,"Accompagnez plus de 20 000 commerçants, artisans et tpe/pme (site, seo, google ads) — Ville : Lyon.",a_contacter,Partenariat production — agence à agence,"Bonjour Ludovic,

Jean-Marc Dansi, je dirige IncidenX, une agence digitale basée au Bénin. Même fuseau horaire que la France, donc mon équipe est joignable sur vos horaires.

J'ai parcouru votre site et vos prestations. Vous accompagnez les commerçants, artisans et TPE sur la création de sites et le référencement ; quand un dossier a besoin d'une production (site, landing, refonte) plus vite que votre planning ne le permet, nous pouvons la réaliser sous votre marque. Je contacte quelques agences françaises pour proposer un partenariat de production : vous me transmettez les projets que vous ne pouvez pas absorber — surcharge, délais, périmètre technique — et mon équipe les livre en marque blanche sous votre nom.

Sites web, refonte, SEO technique, automatisation et intégration IA : ce sont nos prestations quotidiennes. Nous avons une équipe complète, pas un développeur isolé.

Vous pouvez juger de notre niveau d'exécution directement : incidenx.com.

Un échange de 15 minutes vous intéresse ?

Jean-Marc Dansi
IncidenX",Re: Partenariat production,"Bonjour Ludovic,

Le point qui intéresse le plus les agences que je contacte : la marge.

Notre structure de coûts au Bénin nous permet de pratiquer des tarifs très en dessous du marché français. Vous facturez votre client à votre tarif habituel, vous nous confiez la production, et vous gardez une marge nettement supérieure à celle d'un projet traité en interne.

Effet secondaire utile : vous pouvez accepter des projets que vous refusez aujourd'hui parce que le budget client ne passe pas votre seuil de rentabilité.

Un site vitrine ou une refonte, c'est le format le plus simple pour tester la collaboration sans engagement.

Jean-Marc Dansi
IncidenX","Notre niveau d'exécution, concrètement","Bonjour Ludovic,

Pour que vous jugiez sur pièces :

Prestations — sites web et refontes, SEO technique, automatisation de processus, intégration IA sur mesure.

Produits internes — nous développons et exploitons nos propres plateformes : génération et publication de contenu multi-format avec personas IA, système de prospection avec audit automatique de fiches et de sites, assistant conversationnel WhatsApp, SaaS de gestion scolaire.

Ces produits ne sont pas des démos. Ils tournent en production et servent nos propres opérations. C'est ce qui nous permet de livrer de l'automatisation et de l'IA qui fonctionnent réellement, pas des intégrations de surface.

Architecture et détails sur incidenx.com/realisations.

Si un dossier en attente a besoin d'une production web, dites-moi lequel — je vous réponds en 24h sur la faisabilité et le délai.

Jean-Marc Dansi
IncidenX",Je clos le sujet,"Bonjour Ludovic,

Dernier message, je ne veux pas encombrer votre boîte.

Pas de besoin en ce moment, c'est normal. Gardez simplement le contact : le jour où vous devez refuser un projet faute de bande passante, ou qu'un client demande une brique technique hors de votre périmètre, nous sommes là.

Confidentialité totale, NDA sur demande, nous n'apparaissons jamais auprès de vos clients.

incidenx.com — réponse sous 24h.

Bonne continuation,

Jean-Marc Dansi
IncidenX"
8792,Evolyon,"53 Rue Etienne Richerand, 69003 Lyon, France",Lyon,agence web,https://www.evolyon.fr/,+33437573897,contact@evolyon.fr,,agence web,general,68,,"Créez des sites wordpress et définissez des stratégies digitales (seo, sea, réseaux sociaux) — Ville : Lyon.",a_contacter,Partenariat production — agence à agence,"Bonjour Frédéric,

Jean-Marc Dansi, je dirige IncidenX, une agence digitale basée au Bénin. Même fuseau horaire que la France, donc mon équipe est joignable sur vos horaires.

J'ai parcouru votre site et vos prestations. Vous concevez et refontez des sites WordPress éco-responsables, avec le SEO/SXO intégré et une maintenance de qualité ; pour les pics de charge ou les refontes qui demandent du renfort, notre équipe développe en marque blanche sous votre nom. Je contacte quelques agences françaises pour proposer un partenariat de production : vous me transmettez les projets que vous ne pouvez pas absorber — surcharge, délais, périmètre technique — et mon équipe les livre en marque blanche sous votre nom.

Sites web, refonte, SEO technique, automatisation et intégration IA : ce sont nos prestations quotidiennes. Nous avons une équipe complète, pas un développeur isolé.

Vous pouvez juger de notre niveau d'exécution directement : incidenx.com.

Un échange de 15 minutes vous intéresse ?

Jean-Marc Dansi
IncidenX",Re: Partenariat production,"Bonjour Frédéric,

Le point qui intéresse le plus les agences que je contacte : la marge.

Notre structure de coûts au Bénin nous permet de pratiquer des tarifs très en dessous du marché français. Vous facturez votre client à votre tarif habituel, vous nous confiez la production, et vous gardez une marge nettement supérieure à celle d'un projet traité en interne.

Effet secondaire utile : vous pouvez accepter des projets que vous refusez aujourd'hui parce que le budget client ne passe pas votre seuil de rentabilité.

Un site vitrine ou une refonte, c'est le format le plus simple pour tester la collaboration sans engagement.

Jean-Marc Dansi
IncidenX","Notre niveau d'exécution, concrètement","Bonjour Frédéric,

Pour que vous jugiez sur pièces :

Prestations — sites web et refontes, SEO technique, automatisation de processus, intégration IA sur mesure.

Produits internes — nous développons et exploitons nos propres plateformes : génération et publication de contenu multi-format avec personas IA, système de prospection avec audit automatique de fiches et de sites, assistant conversationnel WhatsApp, SaaS de gestion scolaire.

Ces produits ne sont pas des démos. Ils tournent en production et servent nos propres opérations. C'est ce qui nous permet de livrer de l'automatisation et de l'IA qui fonctionnent réellement, pas des intégrations de surface.

Architecture et détails sur incidenx.com/realisations.

Si vous avez une refonte WordPress ou une production en attente, dites-moi-la — je vous réponds en 24h sur la faisabilité et le délai.

Jean-Marc Dansi
IncidenX",Je clos le sujet,"Bonjour Frédéric,

Dernier message, je ne veux pas encombrer votre boîte.

Pas de besoin en ce moment, c'est normal. Gardez simplement le contact : le jour où vous devez refuser un projet faute de bande passante, ou qu'un client demande une brique technique hors de votre périmètre, nous sommes là.

Confidentialité totale, NDA sur demande, nous n'apparaissons jamais auprès de vos clients.

incidenx.com — réponse sous 24h.

Bonne continuation,

Jean-Marc Dansi
IncidenX"
8793,"SW Agency, Agence Digitale | App Mobile 🚀 | Site internet 💻 | SEO 👨🏼‍💻 | E-commerce 🛍️ | Réseaux sociaux 📲 | Marketing 📈","169 Av. Berthelot, 69007 Lyon, France",Lyon,agence web,https://www.sw-siteinternet.com/,+33783113867,,,agence web,general,60,,"Agence digitale (site, app mobile, seo, e-commerce) — email manquant — Ville : Lyon.",a_verifier,Partenariat production — agence à agence,"Bonjour Benjamin,

Jean-Marc Dansi, je dirige IncidenX, une agence digitale basée au Bénin. Même fuseau horaire que la France, donc mon équipe est joignable sur vos horaires.

J'ai parcouru votre site et vos prestations. Vous êtes une agence digitale lyonnaise qui conçoit sites internet, applications mobiles, référencement et e-commerce pour les entreprises ; pour les développements à livrer vite ou en surcharge, notre équipe assure la production en marque blanche. Je contacte quelques agences françaises pour proposer un partenariat de production : vous me transmettez les projets que vous ne pouvez pas absorber — surcharge, délais, périmètre technique — et mon équipe les livre en marque blanche sous votre nom.

Sites web, refonte, SEO technique, automatisation et intégration IA : ce sont nos prestations quotidiennes. Nous avons une équipe complète, pas un développeur isolé.

Vous pouvez juger de notre niveau d'exécution directement : incidenx.com.

Un échange de 15 minutes vous intéresse ?

Jean-Marc Dansi
IncidenX",Re: Partenariat production,"Bonjour Benjamin,

Le point qui intéresse le plus les agences que je contacte : la marge.

Notre structure de coûts au Bénin nous permet de pratiquer des tarifs très en dessous du marché français. Vous facturez votre client à votre tarif habituel, vous nous confiez la production, et vous gardez une marge nettement supérieure à celle d'un projet traité en interne.

Effet secondaire utile : vous pouvez accepter des projets que vous refusez aujourd'hui parce que le budget client ne passe pas votre seuil de rentabilité.

Un site vitrine ou une refonte, c'est le format le plus simple pour tester la collaboration sans engagement.

Jean-Marc Dansi
IncidenX","Notre niveau d'exécution, concrètement","Bonjour Benjamin,

Pour que vous jugiez sur pièces :

Prestations — sites web et refontes, SEO technique, automatisation de processus, intégration IA sur mesure.

Produits internes — nous développons et exploitons nos propres plateformes : génération et publication de contenu multi-format avec personas IA, système de prospection avec audit automatique de fiches et de sites, assistant conversationnel WhatsApp, SaaS de gestion scolaire.

Ces produits ne sont pas des démos. Ils tournent en production et servent nos propres opérations. C'est ce qui nous permet de livrer de l'automatisation et de l'IA qui fonctionnent réellement, pas des intégrations de surface.

Architecture et détails sur incidenx.com/realisations.

Si vous avez un site, une application ou un e-commerce à livrer pour vos clients, dites-moi-le — je vous réponds en 24h sur la faisabilité et le délai.

Jean-Marc Dansi
IncidenX",Je clos le sujet,"Bonjour Benjamin,

Dernier message, je ne veux pas encombrer votre boîte.

Pas de besoin en ce moment, c'est normal. Gardez simplement le contact : le jour où vous devez refuser un projet faute de bande passante, ou qu'un client demande une brique technique hors de votre périmètre, nous sommes là.

Confidentialité totale, NDA sur demande, nous n'apparaissons jamais auprès de vos clients.

incidenx.com — réponse sous 24h.

Bonne continuation,

Jean-Marc Dansi
IncidenX"
8794,Pilot'in - Agence WordPress,"15 Rue Cavenne, 69007 Lyon, France",Lyon,agence web,https://www.pilot-in.com/,+33482537430,contact@pilot-in.com,,agence web,general,68,,"Concevez depuis 2013 sites web, branding et acquisition (hubspot) — Ville : Lyon.",a_contacter,Partenariat production — agence à agence,"Bonjour Julien,

Jean-Marc Dansi, je dirige IncidenX, une agence digitale basée au Bénin. Même fuseau horaire que la France, donc mon équipe est joignable sur vos horaires.

J'ai parcouru votre site et vos prestations. Vous travaillez WordPress depuis longtemps ; notre équipe est spécialisée sur cet écosystème (thèmes, WooCommerce), avec une vraie maîtrise technique. Je contacte quelques agences françaises pour proposer un partenariat de production : vous me transmettez les projets que vous ne pouvez pas absorber — surcharge, délais, périmètre technique — et mon équipe les livre en marque blanche sous votre nom.

Sites web, refonte, SEO technique, automatisation et intégration IA : ce sont nos prestations quotidiennes. Nous avons une équipe complète, pas un développeur isolé.

Vous pouvez juger de notre niveau d'exécution directement : incidenx.com.

Un échange de 15 minutes vous intéresse ?

Jean-Marc Dansi
IncidenX",Re: Partenariat production,"Bonjour Julien,

Le point qui intéresse le plus les agences que je contacte : la marge.

Notre structure de coûts au Bénin nous permet de pratiquer des tarifs très en dessous du marché français. Vous facturez votre client à votre tarif habituel, vous nous confiez la production, et vous gardez une marge nettement supérieure à celle d'un projet traité en interne.

Effet secondaire utile : vous pouvez accepter des projets que vous refusez aujourd'hui parce que le budget client ne passe pas votre seuil de rentabilité.

Un site vitrine ou une refonte, c'est le format le plus simple pour tester la collaboration sans engagement.

Jean-Marc Dansi
IncidenX","Notre niveau d'exécution, concrètement","Bonjour Julien,

Pour que vous jugiez sur pièces :

Prestations — sites web et refontes, SEO technique, automatisation de processus, intégration IA sur mesure.

Produits internes — nous développons et exploitons nos propres plateformes : génération et publication de contenu multi-format avec personas IA, système de prospection avec audit automatique de fiches et de sites, assistant conversationnel WhatsApp, SaaS de gestion scolaire.

Ces produits ne sont pas des démos. Ils tournent en production et servent nos propres opérations. C'est ce qui nous permet de livrer de l'automatisation et de l'IA qui fonctionnent réellement, pas des intégrations de surface.

Architecture et détails sur incidenx.com/realisations.

Si vous avez un projet WordPress ou une refonte en attente, dites-moi lequel — je vous réponds en 24h sur la faisabilité et le délai.

Jean-Marc Dansi
IncidenX",Je clos le sujet,"Bonjour Julien,

Dernier message, je ne veux pas encombrer votre boîte.

Pas de besoin en ce moment, c'est normal. Gardez simplement le contact : le jour où vous devez refuser un projet faute de bande passante, ou qu'un client demande une brique technique hors de votre périmètre, nous sommes là.

Confidentialité totale, NDA sur demande, nous n'apparaissons jamais auprès de vos clients.

incidenx.com — réponse sous 24h.

Bonne continuation,

Jean-Marc Dansi
IncidenX"
8795,Weby Lab,"59 Rue Bossuet, 69006 Lyon, France",Lyon,agence web,http://webylab.fr/,+33982432901,contact@webylab.fr,,agence web,general,78,,"Êtes une agence digitale & ia pour tpe, pme et indépendants — Ville : Lyon.",a_contacter,Partenariat production — agence à agence,"Bonjour Karim,

Jean-Marc Dansi, je dirige IncidenX, une agence digitale basée au Bénin. Même fuseau horaire que la France, donc mon équipe est joignable sur vos horaires.

J'ai parcouru votre site et vos prestations. Vous accompagnez des TPE et PME sur leurs sites, leur visibilité et leurs réseaux sociaux ; quand un client a besoin d'un site ou d'une refonte à produire plus vite, nous la réalisons en marque blanche, sous votre nom. Je contacte quelques agences françaises pour proposer un partenariat de production : vous me transmettez les projets que vous ne pouvez pas absorber — surcharge, délais, périmètre technique — et mon équipe les livre en marque blanche sous votre nom.

Sites web, refonte, SEO technique, automatisation et intégration IA : ce sont nos prestations quotidiennes. Nous avons une équipe complète, pas un développeur isolé.

Vous pouvez juger de notre niveau d'exécution directement : incidenx.com.

Un échange de 15 minutes vous intéresse ?

Jean-Marc Dansi
IncidenX",Re: Partenariat production,"Bonjour Karim,

Le point qui intéresse le plus les agences que je contacte : la marge.

Notre structure de coûts au Bénin nous permet de pratiquer des tarifs très en dessous du marché français. Vous facturez votre client à votre tarif habituel, vous nous confiez la production, et vous gardez une marge nettement supérieure à celle d'un projet traité en interne.

Effet secondaire utile : vous pouvez accepter des projets que vous refusez aujourd'hui parce que le budget client ne passe pas votre seuil de rentabilité.

Un site vitrine ou une refonte, c'est le format le plus simple pour tester la collaboration sans engagement.

Jean-Marc Dansi
IncidenX","Notre niveau d'exécution, concrètement","Bonjour Karim,

Pour que vous jugiez sur pièces :

Prestations — sites web et refontes, SEO technique, automatisation de processus, intégration IA sur mesure.

Produits internes — nous développons et exploitons nos propres plateformes : génération et publication de contenu multi-format avec personas IA, système de prospection avec audit automatique de fiches et de sites, assistant conversationnel WhatsApp, SaaS de gestion scolaire.

Ces produits ne sont pas des démos. Ils tournent en production et servent nos propres opérations. C'est ce qui nous permet de livrer de l'automatisation et de l'IA qui fonctionnent réellement, pas des intégrations de surface.

Architecture et détails sur incidenx.com/realisations.

Si vous avez un site ou une refonte à produire dans les prochaines semaines, dites-moi lequel — je vous réponds en 24h sur la faisabilité et le délai.

Jean-Marc Dansi
IncidenX",Je clos le sujet,"Bonjour Karim,

Dernier message, je ne veux pas encombrer votre boîte.

Pas de besoin en ce moment, c'est normal. Gardez simplement le contact : le jour où vous devez refuser un projet faute de bande passante, ou qu'un client demande une brique technique hors de votre périmètre, nous sommes là.

Confidentialité totale, NDA sur demande, nous n'apparaissons jamais auprès de vos clients.

incidenx.com — réponse sous 24h.

Bonne continuation,

Jean-Marc Dansi
IncidenX"
8796,DIGITALE AGENCE,"98 Rue du Président Édouard Herriot, 69002 Lyon, France",Lyon,agence web,https://www.digitaleagence.com/,+33780913838,maxime@digitaleagence.com,,agence web,general,62,,"Êtes une agence de communication digitale (refonte, e-commerce, seo/sea, apps) — Ville : Lyon.",a_contacter,Partenariat production — agence à agence,"Bonjour Maxime,

Jean-Marc Dansi, je dirige IncidenX, une agence digitale basée au Bénin. Même fuseau horaire que la France, donc mon équipe est joignable sur vos horaires.

J'ai parcouru votre site et vos prestations. Vous êtes une agence de communication digitale lyonnaise qui crée et refond des sites, et qui fait de la visibilité sur Google — SEO, SEA, avis — une véritable discipline ; quand un site doit être livré vite pour accompagner une campagne, notre équipe prend le développement en marque blanche. Je contacte quelques agences françaises pour proposer un partenariat de production : vous me transmettez les projets que vous ne pouvez pas absorber — surcharge, délais, périmètre technique — et mon équipe les livre en marque blanche sous votre nom.

Sites web, refonte, SEO technique, automatisation et intégration IA : ce sont nos prestations quotidiennes. Nous avons une équipe complète, pas un développeur isolé.

Vous pouvez juger de notre niveau d'exécution directement : incidenx.com.

Un échange de 15 minutes vous intéresse ?

Jean-Marc Dansi
IncidenX",Re: Partenariat production,"Bonjour Maxime,

Le point qui intéresse le plus les agences que je contacte : la marge.

Notre structure de coûts au Bénin nous permet de pratiquer des tarifs très en dessous du marché français. Vous facturez votre client à votre tarif habituel, vous nous confiez la production, et vous gardez une marge nettement supérieure à celle d'un projet traité en interne.

Effet secondaire utile : vous pouvez accepter des projets que vous refusez aujourd'hui parce que le budget client ne passe pas votre seuil de rentabilité.

Un site vitrine ou une refonte, c'est le format le plus simple pour tester la collaboration sans engagement.

Jean-Marc Dansi
IncidenX","Notre niveau d'exécution, concrètement","Bonjour Maxime,

Pour que vous jugiez sur pièces :

Prestations — sites web et refontes, SEO technique, automatisation de processus, intégration IA sur mesure.

Produits internes — nous développons et exploitons nos propres plateformes : génération et publication de contenu multi-format avec personas IA, système de prospection avec audit automatique de fiches et de sites, assistant conversationnel WhatsApp, SaaS de gestion scolaire.

Ces produits ne sont pas des démos. Ils tournent en production et servent nos propres opérations. C'est ce qui nous permet de livrer de l'automatisation et de l'IA qui fonctionnent réellement, pas des intégrations de surface.

Architecture et détails sur incidenx.com/realisations.

Si vous avez un site ou une refonte à livrer pour un client SEO/SEA, dites-moi-le — je vous réponds en 24h sur la faisabilité et le délai.

Jean-Marc Dansi
IncidenX",Je clos le sujet,"Bonjour Maxime,

Dernier message, je ne veux pas encombrer votre boîte.

Pas de besoin en ce moment, c'est normal. Gardez simplement le contact : le jour où vous devez refuser un projet faute de bande passante, ou qu'un client demande une brique technique hors de votre périmètre, nous sommes là.

Confidentialité totale, NDA sur demande, nous n'apparaissons jamais auprès de vos clients.

incidenx.com — réponse sous 24h.

Bonne continuation,

Jean-Marc Dansi
IncidenX"
8797,Staenk Agence Web 🚀 Marketing Digital à Lyon,"14 Rue des Balançoires, 69007 Lyon, France",Lyon,agence web,https://staenk.com/,+33428290926,bonjour@staenk.com,,agence web,general,68,,Êtes une agence webmarketing et communication digitale — Ville : Lyon.,a_contacter,Partenariat production — agence à agence,"Bonjour Swann,

Jean-Marc Dansi, je dirige IncidenX, une agence digitale basée au Bénin. Même fuseau horaire que la France, donc mon équipe est joignable sur vos horaires.

J'ai parcouru votre site et vos prestations. Vous êtes une agence de webmarketing orientée résultats — SEO, SEA, analytics, contenus — avec une méthode de test et d'apprentissage continue ; quand vos experts sont en surcharge, notre équipe prend la production en marque blanche. Je contacte quelques agences françaises pour proposer un partenariat de production : vous me transmettez les projets que vous ne pouvez pas absorber — surcharge, délais, périmètre technique — et mon équipe les livre en marque blanche sous votre nom.

Sites web, refonte, SEO technique, automatisation et intégration IA : ce sont nos prestations quotidiennes. Nous avons une équipe complète, pas un développeur isolé.

Vous pouvez juger de notre niveau d'exécution directement : incidenx.com.

Un échange de 15 minutes vous intéresse ?

Jean-Marc Dansi
IncidenX",Re: Partenariat production,"Bonjour Swann,

Le point qui intéresse le plus les agences que je contacte : la marge.

Notre structure de coûts au Bénin nous permet de pratiquer des tarifs très en dessous du marché français. Vous facturez votre client à votre tarif habituel, vous nous confiez la production, et vous gardez une marge nettement supérieure à celle d'un projet traité en interne.

Effet secondaire utile : vous pouvez accepter des projets que vous refusez aujourd'hui parce que le budget client ne passe pas votre seuil de rentabilité.

Un site vitrine ou une refonte, c'est le format le plus simple pour tester la collaboration sans engagement.

Jean-Marc Dansi
IncidenX","Notre niveau d'exécution, concrètement","Bonjour Swann,

Pour que vous jugiez sur pièces :

Prestations — sites web et refontes, SEO technique, automatisation de processus, intégration IA sur mesure.

Produits internes — nous développons et exploitons nos propres plateformes : génération et publication de contenu multi-format avec personas IA, système de prospection avec audit automatique de fiches et de sites, assistant conversationnel WhatsApp, SaaS de gestion scolaire.

Ces produits ne sont pas des démos. Ils tournent en production et servent nos propres opérations. C'est ce qui nous permet de livrer de l'automatisation et de l'IA qui fonctionnent réellement, pas des intégrations de surface.

Architecture et détails sur incidenx.com/realisations.

Si vous avez un site ou une landing à produire pour appuyer vos campagnes, dites-moi-le — je vous réponds en 24h sur la faisabilité et le délai.

Jean-Marc Dansi
IncidenX",Je clos le sujet,"Bonjour Swann,

Dernier message, je ne veux pas encombrer votre boîte.

Pas de besoin en ce moment, c'est normal. Gardez simplement le contact : le jour où vous devez refuser un projet faute de bande passante, ou qu'un client demande une brique technique hors de votre périmètre, nous sommes là.

Confidentialité totale, NDA sur demande, nous n'apparaissons jamais auprès de vos clients.

incidenx.com — réponse sous 24h.

Bonne continuation,

Jean-Marc Dansi
IncidenX"
8798,Open Five,"33 Rue de la République, 69002 Lyon, France",Lyon,agence web,https://www.open-five.fr/,+33952763492,contact@open-five.fr,,agence web,general,68,,"Êtes une agence web spécialisée seo, google ads et création de site — Ville : Lyon.",a_contacter,Partenariat production — agence à agence,"Bonjour Hervé,

Jean-Marc Dansi, je dirige IncidenX, une agence digitale basée au Bénin. Même fuseau horaire que la France, donc mon équipe est joignable sur vos horaires.

J'ai parcouru votre site et vos prestations. Vous utilisez tous les leviers webmarketing — SEO, Google Ads, social ads — pour générer des leads qualifiés, avec la création de sites et de tunnels de vente ; pour les chantiers en surcharge ou les délais courts, notre équipe assure la production en marque blanche. Je contacte quelques agences françaises pour proposer un partenariat de production : vous me transmettez les projets que vous ne pouvez pas absorber — surcharge, délais, périmètre technique — et mon équipe les livre en marque blanche sous votre nom.

Sites web, refonte, SEO technique, automatisation et intégration IA : ce sont nos prestations quotidiennes. Nous avons une équipe complète, pas un développeur isolé.

Vous pouvez juger de notre niveau d'exécution directement : incidenx.com.

Un échange de 15 minutes vous intéresse ?

Jean-Marc Dansi
IncidenX",Re: Partenariat production,"Bonjour Hervé,

Le point qui intéresse le plus les agences que je contacte : la marge.

Notre structure de coûts au Bénin nous permet de pratiquer des tarifs très en dessous du marché français. Vous facturez votre client à votre tarif habituel, vous nous confiez la production, et vous gardez une marge nettement supérieure à celle d'un projet traité en interne.

Effet secondaire utile : vous pouvez accepter des projets que vous refusez aujourd'hui parce que le budget client ne passe pas votre seuil de rentabilité.

Un site vitrine ou une refonte, c'est le format le plus simple pour tester la collaboration sans engagement.

Jean-Marc Dansi
IncidenX","Notre niveau d'exécution, concrètement","Bonjour Hervé,

Pour que vous jugiez sur pièces :

Prestations — sites web et refontes, SEO technique, automatisation de processus, intégration IA sur mesure.

Produits internes — nous développons et exploitons nos propres plateformes : génération et publication de contenu multi-format avec personas IA, système de prospection avec audit automatique de fiches et de sites, assistant conversationnel WhatsApp, SaaS de gestion scolaire.

Ces produits ne sont pas des démos. Ils tournent en production et servent nos propres opérations. C'est ce qui nous permet de livrer de l'automatisation et de l'IA qui fonctionnent réellement, pas des intégrations de surface.

Architecture et détails sur incidenx.com/realisations.

Si vous avez un site, une landing ou un tunnel de vente à produire, dites-moi-le — je vous réponds en 24h sur la faisabilité et le délai.

Jean-Marc Dansi
IncidenX",Je clos le sujet,"Bonjour Hervé,

Dernier message, je ne veux pas encombrer votre boîte.

Pas de besoin en ce moment, c'est normal. Gardez simplement le contact : le jour où vous devez refuser un projet faute de bande passante, ou qu'un client demande une brique technique hors de votre périmètre, nous sommes là.

Confidentialité totale, NDA sur demande, nous n'apparaissons jamais auprès de vos clients.

incidenx.com — réponse sous 24h.

Bonne continuation,

Jean-Marc Dansi
IncidenX"
8799,Net comme Web,"47 Rue Tronchet, 69006 Lyon, France",Lyon,agence web,https://netcommeweb.fr/,+33437249236,,,agence web,general,60,,"Sites wordpress, seo & visibilité — email manquant — Ville : Lyon.",a_verifier,,,,,,,,
8800,Agence web Amessia,"18 Rue Ferrandière, 69002 Lyon, France",Lyon,agence web,https://www.amessia.com/,+33664140204,contact@amessia.com,,agence web,general,66,,Êtes une agence web spécialisée création de sites et référencement naturel — Ville : Lyon.,a_contacter,Partenariat production — agence à agence,"Bonjour Alexandre,

Jean-Marc Dansi, je dirige IncidenX, une agence digitale basée au Bénin. Même fuseau horaire que la France, donc mon équipe est joignable sur vos horaires.

J'ai parcouru votre site et vos prestations. Vous créez des sites web et des stratégies de référencement pour les entrepreneurs et les TPE, avec une approche personnelle et orientée résultats ; pour les pics de charge ou les refontes à livrer vite, notre équipe assure la production en marque blanche. Je contacte quelques agences françaises pour proposer un partenariat de production : vous me transmettez les projets que vous ne pouvez pas absorber — surcharge, délais, périmètre technique — et mon équipe les livre en marque blanche sous votre nom.

Sites web, refonte, SEO technique, automatisation et intégration IA : ce sont nos prestations quotidiennes. Nous avons une équipe complète, pas un développeur isolé.

Vous pouvez juger de notre niveau d'exécution directement : incidenx.com.

Un échange de 15 minutes vous intéresse ?

Jean-Marc Dansi
IncidenX",Re: Partenariat production,"Bonjour Alexandre,

Le point qui intéresse le plus les agences que je contacte : la marge.

Notre structure de coûts au Bénin nous permet de pratiquer des tarifs très en dessous du marché français. Vous facturez votre client à votre tarif habituel, vous nous confiez la production, et vous gardez une marge nettement supérieure à celle d'un projet traité en interne.

Effet secondaire utile : vous pouvez accepter des projets que vous refusez aujourd'hui parce que le budget client ne passe pas votre seuil de rentabilité.

Un site vitrine ou une refonte, c'est le format le plus simple pour tester la collaboration sans engagement.

Jean-Marc Dansi
IncidenX","Notre niveau d'exécution, concrètement","Bonjour Alexandre,

Pour que vous jugiez sur pièces :

Prestations — sites web et refontes, SEO technique, automatisation de processus, intégration IA sur mesure.

Produits internes — nous développons et exploitons nos propres plateformes : génération et publication de contenu multi-format avec personas IA, système de prospection avec audit automatique de fiches et de sites, assistant conversationnel WhatsApp, SaaS de gestion scolaire.

Ces produits ne sont pas des démos. Ils tournent en production et servent nos propres opérations. C'est ce qui nous permet de livrer de l'automatisation et de l'IA qui fonctionnent réellement, pas des intégrations de surface.

Architecture et détails sur incidenx.com/realisations.

Si vous avez un site, une refonte ou une production en attente, dites-moi-le — je vous réponds en 24h sur la faisabilité et le délai.

Jean-Marc Dansi
IncidenX",Je clos le sujet,"Bonjour Alexandre,

Dernier message, je ne veux pas encombrer votre boîte.

Pas de besoin en ce moment, c'est normal. Gardez simplement le contact : le jour où vous devez refuser un projet faute de bande passante, ou qu'un client demande une brique technique hors de votre périmètre, nous sommes là.

Confidentialité totale, NDA sur demande, nous n'apparaissons jamais auprès de vos clients.

incidenx.com — réponse sous 24h.

Bonne continuation,

Jean-Marc Dansi
IncidenX"
8801,Agence Web Runner,"57 Pl. de la République, 69002 Lyon, France",Lyon,agence web,https://www.webrunner.fr/,+33472547101,arnaud@webrunner.fr,,agence web,general,76,,Créez des sites sur mesure et gérez seo/sea — y compris le référencement des moteurs ia — Ville : Lyon.,a_contacter,Partenariat production — agence à agence,"Bonjour Arnaud,

Jean-Marc Dansi, je dirige IncidenX, une agence digitale basée au Bénin. Même fuseau horaire que la France, donc mon équipe est joignable sur vos horaires.

J'ai parcouru votre site et vos prestations. Vous créez des sites et animez visibilité et communauté pour les entreprises, professions libérales et commerces — jusqu'aux visites virtuelles ; quand un client a besoin d'un site, d'une refonte ou d'une landing plus vite que votre planning ne le permet, nous en assurons la production à votre place, sous votre nom. Je contacte quelques agences françaises pour proposer un partenariat de production : vous me transmettez les projets que vous ne pouvez pas absorber — surcharge, délais, périmètre technique — et mon équipe les livre en marque blanche sous votre nom.

Sites web, refonte, SEO technique, automatisation et intégration IA : ce sont nos prestations quotidiennes. Nous avons une équipe complète, pas un développeur isolé.

Vous pouvez juger de notre niveau d'exécution directement : incidenx.com.

Un échange de 15 minutes vous intéresse ?

Jean-Marc Dansi
IncidenX",Re: Partenariat production,"Bonjour Arnaud,

Le point qui intéresse le plus les agences que je contacte : la marge.

Notre structure de coûts au Bénin nous permet de pratiquer des tarifs très en dessous du marché français. Vous facturez votre client à votre tarif habituel, vous nous confiez la production, et vous gardez une marge nettement supérieure à celle d'un projet traité en interne.

Effet secondaire utile : vous pouvez accepter des projets que vous refusez aujourd'hui parce que le budget client ne passe pas votre seuil de rentabilité.

Un site vitrine ou une refonte, c'est le format le plus simple pour tester la collaboration sans engagement.

Jean-Marc Dansi
IncidenX","Notre niveau d'exécution, concrètement","Bonjour Arnaud,

Pour que vous jugiez sur pièces :

Prestations — sites web et refontes, SEO technique, automatisation de processus, intégration IA sur mesure.

Produits internes — nous développons et exploitons nos propres plateformes : génération et publication de contenu multi-format avec personas IA, système de prospection avec audit automatique de fiches et de sites, assistant conversationnel WhatsApp, SaaS de gestion scolaire.

Ces produits ne sont pas des démos. Ils tournent en production et servent nos propres opérations. C'est ce qui nous permet de livrer de l'automatisation et de l'IA qui fonctionnent réellement, pas des intégrations de surface.

Architecture et détails sur incidenx.com/realisations.

Si vous avez un site, une landing ou une refonte à produire dans les prochaines semaines, dites-moi lequel — je vous réponds en 24h sur la faisabilité et le délai.

Jean-Marc Dansi
IncidenX",Je clos le sujet,"Bonjour Arnaud,

Dernier message, je ne veux pas encombrer votre boîte.

Pas de besoin en ce moment, c'est normal. Gardez simplement le contact : le jour où vous devez refuser un projet faute de bande passante, ou qu'un client demande une brique technique hors de votre périmètre, nous sommes là.

Confidentialité totale, NDA sur demande, nous n'apparaissons jamais auprès de vos clients.

incidenx.com — réponse sous 24h.

Bonne continuation,

Jean-Marc Dansi
IncidenX"
8802,DIGITIFY,"333 A Rue du Doyen Georges Chapas, 69009 Lyon, France",Lyon,agence web,http://www.digitify.fr/,+33745801412,contact@digitify.fr,,agence web,general,72,,Êtes spécialiste de la transformation digitale et du marketing omnicanal — Ville : Lyon.,a_contacter,Partenariat production — agence à agence,"Bonjour Nabil,

Jean-Marc Dansi, je dirige IncidenX, une agence digitale basée au Bénin. Même fuseau horaire que la France, donc mon équipe est joignable sur vos horaires.

J'ai parcouru votre site et vos prestations. Vous créez des sites web, des applications et des stratégies SEO/SEA pour des entreprises de tous secteurs ; pour les chantiers en surcharge ou les briques techniques à livrer vite, notre équipe prend la production en marque blanche. Je contacte quelques agences françaises pour proposer un partenariat de production : vous me transmettez les projets que vous ne pouvez pas absorber — surcharge, délais, périmètre technique — et mon équipe les livre en marque blanche sous votre nom.

Sites web, refonte, SEO technique, automatisation et intégration IA : ce sont nos prestations quotidiennes. Nous avons une équipe complète, pas un développeur isolé.

Vous pouvez juger de notre niveau d'exécution directement : incidenx.com.

Un échange de 15 minutes vous intéresse ?

Jean-Marc Dansi
IncidenX",Re: Partenariat production,"Bonjour Nabil,

Le point qui intéresse le plus les agences que je contacte : la marge.

Notre structure de coûts au Bénin nous permet de pratiquer des tarifs très en dessous du marché français. Vous facturez votre client à votre tarif habituel, vous nous confiez la production, et vous gardez une marge nettement supérieure à celle d'un projet traité en interne.

Effet secondaire utile : vous pouvez accepter des projets que vous refusez aujourd'hui parce que le budget client ne passe pas votre seuil de rentabilité.

Un site vitrine ou une refonte, c'est le format le plus simple pour tester la collaboration sans engagement.

Jean-Marc Dansi
IncidenX","Notre niveau d'exécution, concrètement","Bonjour Nabil,

Pour que vous jugiez sur pièces :

Prestations — sites web et refontes, SEO technique, automatisation de processus, intégration IA sur mesure.

Produits internes — nous développons et exploitons nos propres plateformes : génération et publication de contenu multi-format avec personas IA, système de prospection avec audit automatique de fiches et de sites, assistant conversationnel WhatsApp, SaaS de gestion scolaire.

Ces produits ne sont pas des démos. Ils tournent en production et servent nos propres opérations. C'est ce qui nous permet de livrer de l'automatisation et de l'IA qui fonctionnent réellement, pas des intégrations de surface.

Architecture et détails sur incidenx.com/realisations.

Si vous avez un projet web, une boutique ou une refonte en attente, dites-moi lequel — je vous réponds en 24h sur la faisabilité et le délai.

Jean-Marc Dansi
IncidenX",Je clos le sujet,"Bonjour Nabil,

Dernier message, je ne veux pas encombrer votre boîte.

Pas de besoin en ce moment, c'est normal. Gardez simplement le contact : le jour où vous devez refuser un projet faute de bande passante, ou qu'un client demande une brique technique hors de votre périmètre, nous sommes là.

Confidentialité totale, NDA sur demande, nous n'apparaissons jamais auprès de vos clients.

incidenx.com — réponse sous 24h.

Bonne continuation,

Jean-Marc Dansi
IncidenX"
8803,VKBACK - Agence Web,,Lyon,agence web,https://vkback.com/,+33411789113,contact@vkback.com,,agence web,general,72,,"Êtes une agence web lyonnaise (14 ans) : seo, google ads et analytics — Ville : Lyon.",a_contacter,Partenariat production — agence à agence,"Bonjour Marc,

Jean-Marc Dansi, je dirige IncidenX, une agence digitale basée au Bénin. Même fuseau horaire que la France, donc mon équipe est joignable sur vos horaires.

J'ai parcouru votre site et vos prestations. Vous créez des sites WordPress et WooCommerce pour les TPE et PME lyonnaises, avec une culture SEO et Google Ads solide ; pour les pics de charge ou les refontes à livrer vite, notre équipe assure la production en marque blanche. Je contacte quelques agences françaises pour proposer un partenariat de production : vous me transmettez les projets que vous ne pouvez pas absorber — surcharge, délais, périmètre technique — et mon équipe les livre en marque blanche sous votre nom.

Sites web, refonte, SEO technique, automatisation et intégration IA : ce sont nos prestations quotidiennes. Nous avons une équipe complète, pas un développeur isolé.

Vous pouvez juger de notre niveau d'exécution directement : incidenx.com.

Un échange de 15 minutes vous intéresse ?

Jean-Marc Dansi
IncidenX",Re: Partenariat production,"Bonjour Marc,

Le point qui intéresse le plus les agences que je contacte : la marge.

Notre structure de coûts au Bénin nous permet de pratiquer des tarifs très en dessous du marché français. Vous facturez votre client à votre tarif habituel, vous nous confiez la production, et vous gardez une marge nettement supérieure à celle d'un projet traité en interne.

Effet secondaire utile : vous pouvez accepter des projets que vous refusez aujourd'hui parce que le budget client ne passe pas votre seuil de rentabilité.

Un site vitrine ou une refonte, c'est le format le plus simple pour tester la collaboration sans engagement.

Jean-Marc Dansi
IncidenX","Notre niveau d'exécution, concrètement","Bonjour Marc,

Pour que vous jugiez sur pièces :

Prestations — sites web et refontes, SEO technique, automatisation de processus, intégration IA sur mesure.

Produits internes — nous développons et exploitons nos propres plateformes : génération et publication de contenu multi-format avec personas IA, système de prospection avec audit automatique de fiches et de sites, assistant conversationnel WhatsApp, SaaS de gestion scolaire.

Ces produits ne sont pas des démos. Ils tournent en production et servent nos propres opérations. C'est ce qui nous permet de livrer de l'automatisation et de l'IA qui fonctionnent réellement, pas des intégrations de surface.

Architecture et détails sur incidenx.com/realisations.

Si vous avez un site WordPress ou une refonte à produire dans les prochaines semaines, dites-moi lequel — je vous réponds en 24h sur la faisabilité et le délai.

Jean-Marc Dansi
IncidenX",Je clos le sujet,"Bonjour Marc,

Dernier message, je ne veux pas encombrer votre boîte.

Pas de besoin en ce moment, c'est normal. Gardez simplement le contact : le jour où vous devez refuser un projet faute de bande passante, ou qu'un client demande une brique technique hors de votre périmètre, nous sommes là.

Confidentialité totale, NDA sur demande, nous n'apparaissons jamais auprès de vos clients.

incidenx.com — réponse sous 24h.

Bonne continuation,

Jean-Marc Dansi
IncidenX"
8804,Agence 33 Degrés,"33 Rue de la Bourse, 69002 Lyon, France",Lyon,agence web,https://www.agence33degres.com/,+33428296362,contact@agence33degres.com,,agence web,general,55,,Êtes une agence web lyonnaise — site en accès interdit (403) à la récolte — Ville : Lyon.,a_verifier,Partenariat production — agence à agence,"Bonjour Hadrien,

Jean-Marc Dansi, je dirige IncidenX, une agence digitale basée au Bénin. Même fuseau horaire que la France, donc mon équipe est joignable sur vos horaires.

J'ai parcouru votre site et vos prestations. Vous êtes une agence de création et de conseil en communication lyonnaise qui réunit conseil, graphisme, digital et design pour penser des projets de marque complets ; pour les sites et les dispositifs digitaux à produire à côté de vos créations, notre équipe assure le développement en marque blanche. Je contacte quelques agences françaises pour proposer un partenariat de production : vous me transmettez les projets que vous ne pouvez pas absorber — surcharge, délais, périmètre technique — et mon équipe les livre en marque blanche sous votre nom.

Sites web, refonte, SEO technique, automatisation et intégration IA : ce sont nos prestations quotidiennes. Nous avons une équipe complète, pas un développeur isolé.

Vous pouvez juger de notre niveau d'exécution directement : incidenx.com.

Un échange de 15 minutes vous intéresse ?

Jean-Marc Dansi
IncidenX",Re: Partenariat production,"Bonjour Hadrien,

Le point qui intéresse le plus les agences que je contacte : la marge.

Notre structure de coûts au Bénin nous permet de pratiquer des tarifs très en dessous du marché français. Vous facturez votre client à votre tarif habituel, vous nous confiez la production, et vous gardez une marge nettement supérieure à celle d'un projet traité en interne.

Effet secondaire utile : vous pouvez accepter des projets que vous refusez aujourd'hui parce que le budget client ne passe pas votre seuil de rentabilité.

Un site vitrine ou une refonte, c'est le format le plus simple pour tester la collaboration sans engagement.

Jean-Marc Dansi
IncidenX","Notre niveau d'exécution, concrètement","Bonjour Hadrien,

Pour que vous jugiez sur pièces :

Prestations — sites web et refontes, SEO technique, automatisation de processus, intégration IA sur mesure.

Produits internes — nous développons et exploitons nos propres plateformes : génération et publication de contenu multi-format avec personas IA, système de prospection avec audit automatique de fiches et de sites, assistant conversationnel WhatsApp, SaaS de gestion scolaire.

Ces produits ne sont pas des démos. Ils tournent en production et servent nos propres opérations. C'est ce qui nous permet de livrer de l'automatisation et de l'IA qui fonctionnent réellement, pas des intégrations de surface.

Architecture et détails sur incidenx.com/realisations.

Si un site ou un dispositif digital fait partie d'un projet à venir, dites-moi-le — je vous réponds en 24h sur la faisabilité et le délai.

Jean-Marc Dansi
IncidenX",Je clos le sujet,"Bonjour Hadrien,

Dernier message, je ne veux pas encombrer votre boîte.

Pas de besoin en ce moment, c'est normal. Gardez simplement le contact : le jour où vous devez refuser un projet faute de bande passante, ou qu'un client demande une brique technique hors de votre périmètre, nous sommes là.

Confidentialité totale, NDA sur demande, nous n'apparaissons jamais auprès de vos clients.

incidenx.com — réponse sous 24h.

Bonne continuation,

Jean-Marc Dansi
IncidenX"
8805,Webcore,"12 Rue de la Part-Dieu, 69003 Lyon, France",Lyon,agence web,https://agence-webcore.com/,+33756860094,agence.webcore@gmail.com,,agence web,general,70,,"Êtes une agence web & marketing (création, référencement, maintenance) — Ville : Lyon.",a_contacter,Partenariat production — agence à agence,"Bonjour Loïc,

Jean-Marc Dansi, je dirige IncidenX, une agence digitale basée au Bénin. Même fuseau horaire que la France, donc mon équipe est joignable sur vos horaires.

J'ai parcouru votre site et vos prestations. Vous accompagnez les entreprises lyonnaises sur la création de sites, l'e-commerce, le webmarketing et l'infogérance ; pour les chantiers en surcharge ou les délais courts, notre équipe assure la production en marque blanche. Je contacte quelques agences françaises pour proposer un partenariat de production : vous me transmettez les projets que vous ne pouvez pas absorber — surcharge, délais, périmètre technique — et mon équipe les livre en marque blanche sous votre nom.

Sites web, refonte, SEO technique, automatisation et intégration IA : ce sont nos prestations quotidiennes. Nous avons une équipe complète, pas un développeur isolé.

Vous pouvez juger de notre niveau d'exécution directement : incidenx.com.

Un échange de 15 minutes vous intéresse ?

Jean-Marc Dansi
IncidenX",Re: Partenariat production,"Bonjour Loïc,

Le point qui intéresse le plus les agences que je contacte : la marge.

Notre structure de coûts au Bénin nous permet de pratiquer des tarifs très en dessous du marché français. Vous facturez votre client à votre tarif habituel, vous nous confiez la production, et vous gardez une marge nettement supérieure à celle d'un projet traité en interne.

Effet secondaire utile : vous pouvez accepter des projets que vous refusez aujourd'hui parce que le budget client ne passe pas votre seuil de rentabilité.

Un site vitrine ou une refonte, c'est le format le plus simple pour tester la collaboration sans engagement.

Jean-Marc Dansi
IncidenX","Notre niveau d'exécution, concrètement","Bonjour Loïc,

Pour que vous jugiez sur pièces :

Prestations — sites web et refontes, SEO technique, automatisation de processus, intégration IA sur mesure.

Produits internes — nous développons et exploitons nos propres plateformes : génération et publication de contenu multi-format avec personas IA, système de prospection avec audit automatique de fiches et de sites, assistant conversationnel WhatsApp, SaaS de gestion scolaire.

Ces produits ne sont pas des démos. Ils tournent en production et servent nos propres opérations. C'est ce qui nous permet de livrer de l'automatisation et de l'IA qui fonctionnent réellement, pas des intégrations de surface.

Architecture et détails sur incidenx.com/realisations.

Si vous avez un site, une boutique ou une refonte à produire dans les prochaines semaines, dites-moi lequel — je vous réponds en 24h sur la faisabilité et le délai.

Jean-Marc Dansi
IncidenX",Je clos le sujet,"Bonjour Loïc,

Dernier message, je ne veux pas encombrer votre boîte.

Pas de besoin en ce moment, c'est normal. Gardez simplement le contact : le jour où vous devez refuser un projet faute de bande passante, ou qu'un client demande une brique technique hors de votre périmètre, nous sommes là.

Confidentialité totale, NDA sur demande, nous n'apparaissons jamais auprès de vos clients.

incidenx.com — réponse sous 24h.

Bonne continuation,

Jean-Marc Dansi
IncidenX"
8806,Digital Cover - Agence Web,"24 Ave. Joannès Masset Bâtiment 3, 69009 Lyon, France",Lyon,agence web,https://digital-cover.fr/,+33472321197,contact@digital-cover.fr,,agence web,general,76,,"Êtes une agence web seo, geo/aeo et sea (lyon & paris) depuis 2012 — Ville : Lyon.",a_contacter,Partenariat production — agence à agence,"Bonjour Arnaud,

Jean-Marc Dansi, je dirige IncidenX, une agence digitale basée au Bénin. Même fuseau horaire que la France, donc mon équipe est joignable sur vos horaires.

J'ai parcouru votre site et vos prestations. Vous créez des sites sur mesure et optimisez leur visibilité — SEO/GEO et acquisition payante — pour des marques de tous secteurs ; quand un chantier déborde ou qu'une production doit sortir vite, notre équipe prend le relais en marque blanche. Je contacte quelques agences françaises pour proposer un partenariat de production : vous me transmettez les projets que vous ne pouvez pas absorber — surcharge, délais, périmètre technique — et mon équipe les livre en marque blanche sous votre nom.

Sites web, refonte, SEO technique, automatisation et intégration IA : ce sont nos prestations quotidiennes. Nous avons une équipe complète, pas un développeur isolé.

Vous pouvez juger de notre niveau d'exécution directement : incidenx.com.

Un échange de 15 minutes vous intéresse ?

Jean-Marc Dansi
IncidenX",Re: Partenariat production,"Bonjour Arnaud,

Le point qui intéresse le plus les agences que je contacte : la marge.

Notre structure de coûts au Bénin nous permet de pratiquer des tarifs très en dessous du marché français. Vous facturez votre client à votre tarif habituel, vous nous confiez la production, et vous gardez une marge nettement supérieure à celle d'un projet traité en interne.

Effet secondaire utile : vous pouvez accepter des projets que vous refusez aujourd'hui parce que le budget client ne passe pas votre seuil de rentabilité.

Un site vitrine ou une refonte, c'est le format le plus simple pour tester la collaboration sans engagement.

Jean-Marc Dansi
IncidenX","Notre niveau d'exécution, concrètement","Bonjour Arnaud,

Pour que vous jugiez sur pièces :

Prestations — sites web et refontes, SEO technique, automatisation de processus, intégration IA sur mesure.

Produits internes — nous développons et exploitons nos propres plateformes : génération et publication de contenu multi-format avec personas IA, système de prospection avec audit automatique de fiches et de sites, assistant conversationnel WhatsApp, SaaS de gestion scolaire.

Ces produits ne sont pas des démos. Ils tournent en production et servent nos propres opérations. C'est ce qui nous permet de livrer de l'automatisation et de l'IA qui fonctionnent réellement, pas des intégrations de surface.

Architecture et détails sur incidenx.com/realisations.

Si vous avez un projet de site, de refonte ou une landing à produire, dites-moi lequel — je vous réponds en 24h sur la faisabilité et le délai.

Jean-Marc Dansi
IncidenX",Je clos le sujet,"Bonjour Arnaud,

Dernier message, je ne veux pas encombrer votre boîte.

Pas de besoin en ce moment, c'est normal. Gardez simplement le contact : le jour où vous devez refuser un projet faute de bande passante, ou qu'un client demande une brique technique hors de votre périmètre, nous sommes là.

Confidentialité totale, NDA sur demande, nous n'apparaissons jamais auprès de vos clients.

incidenx.com — réponse sous 24h.

Bonne continuation,

Jean-Marc Dansi
IncidenX"
8807,CYLOÉ,"La Palmeraie, 7 Quai du Général Sarrail, 69006 Lyon, France",Lyon,agence web,https://cyloe.com/,+33176634225,contact@cyloe.com,,agence web,general,80,,"Êtes spécialiste wordpress, seo & geo (référencement dans chatgpt, claude, perplexity) avec emailing & automation — Ville : Lyon.",a_contacter,Partenariat production — agence à agence,"Bonjour Olivier,

Jean-Marc Dansi, je dirige IncidenX, une agence digitale basée au Bénin. Même fuseau horaire que la France, donc mon équipe est joignable sur vos horaires.

J'ai parcouru votre site et vos prestations. Vous combinez WordPress, SEO et vos propres dispositifs d'emailing ; pour les chantiers de production qui débordent ou les intégrations (formulaires, automatismes, Brevo), notre équipe peut assurer la production à votre place, en marque blanche. Je contacte quelques agences françaises pour proposer un partenariat de production : vous me transmettez les projets que vous ne pouvez pas absorber — surcharge, délais, périmètre technique — et mon équipe les livre en marque blanche sous votre nom.

Sites web, refonte, SEO technique, automatisation et intégration IA : ce sont nos prestations quotidiennes. Nous avons une équipe complète, pas un développeur isolé.

Vous pouvez juger de notre niveau d'exécution directement : incidenx.com.

Un échange de 15 minutes vous intéresse ?

Jean-Marc Dansi
IncidenX",Re: Partenariat production,"Bonjour Olivier,

Le point qui intéresse le plus les agences que je contacte : la marge.

Notre structure de coûts au Bénin nous permet de pratiquer des tarifs très en dessous du marché français. Vous facturez votre client à votre tarif habituel, vous nous confiez la production, et vous gardez une marge nettement supérieure à celle d'un projet traité en interne.

Effet secondaire utile : vous pouvez accepter des projets que vous refusez aujourd'hui parce que le budget client ne passe pas votre seuil de rentabilité.

Un site vitrine ou une refonte, c'est le format le plus simple pour tester la collaboration sans engagement.

Jean-Marc Dansi
IncidenX","Notre niveau d'exécution, concrètement","Bonjour Olivier,

Pour que vous jugiez sur pièces :

Prestations — sites web et refontes, SEO technique, automatisation de processus, intégration IA sur mesure.

Produits internes — nous développons et exploitons nos propres plateformes : génération et publication de contenu multi-format avec personas IA, système de prospection avec audit automatique de fiches et de sites, assistant conversationnel WhatsApp, SaaS de gestion scolaire.

Ces produits ne sont pas des démos. Ils tournent en production et servent nos propres opérations. C'est ce qui nous permet de livrer de l'automatisation et de l'IA qui fonctionnent réellement, pas des intégrations de surface.

Architecture et détails sur incidenx.com/realisations.

Si vous avez un projet WordPress, une refonte ou une intégration en attente, dites-moi lequel — je vous réponds en 24h sur la faisabilité et le délai.

Jean-Marc Dansi
IncidenX",Je clos le sujet,"Bonjour Olivier,

Dernier message, je ne veux pas encombrer votre boîte.

Pas de besoin en ce moment, c'est normal. Gardez simplement le contact : le jour où vous devez refuser un projet faute de bande passante, ou qu'un client demande une brique technique hors de votre périmètre, nous sommes là.

Confidentialité totale, NDA sur demande, nous n'apparaissons jamais auprès de vos clients.

incidenx.com — réponse sous 24h.

Bonne continuation,

Jean-Marc Dansi
IncidenX"
8808,DESIGN AGENCY LYON,,Lyon,agence web,,+33428297037,,,agence web,general,45,,Pas de site web — email manquant — Ville : Lyon.,a_verifier,,,,,,,,
8809,Jalis Lyon,"20 Chem. Louis Chirpaz, 69130 Écully, France",Lyon,agence web,https://lyon.jalis.fr/,+33491357000,,,agence web,general,64,,"Agence web lyon, seo/geo certifiée google — email manquant — Ville : Lyon.",a_verifier,Partenariat production — agence à agence,"Bonjour Serge,

Jean-Marc Dansi, je dirige IncidenX, une agence digitale basée au Bénin. Même fuseau horaire que la France, donc mon équipe est joignable sur vos horaires.

J'ai parcouru votre site et vos prestations. Vous êtes une agence web lyonnaise reconnue, qui accompagne les entreprises de la création de site à la refonte, avec un référencement local soigné et une certification Google ; pour les chantiers en surcharge ou les délais courts, notre équipe prend le relais en marque blanche. Je contacte quelques agences françaises pour proposer un partenariat de production : vous me transmettez les projets que vous ne pouvez pas absorber — surcharge, délais, périmètre technique — et mon équipe les livre en marque blanche sous votre nom.

Sites web, refonte, SEO technique, automatisation et intégration IA : ce sont nos prestations quotidiennes. Nous avons une équipe complète, pas un développeur isolé.

Vous pouvez juger de notre niveau d'exécution directement : incidenx.com.

Un échange de 15 minutes vous intéresse ?

Jean-Marc Dansi
IncidenX",Re: Partenariat production,"Bonjour Serge,

Le point qui intéresse le plus les agences que je contacte : la marge.

Notre structure de coûts au Bénin nous permet de pratiquer des tarifs très en dessous du marché français. Vous facturez votre client à votre tarif habituel, vous nous confiez la production, et vous gardez une marge nettement supérieure à celle d'un projet traité en interne.

Effet secondaire utile : vous pouvez accepter des projets que vous refusez aujourd'hui parce que le budget client ne passe pas votre seuil de rentabilité.

Un site vitrine ou une refonte, c'est le format le plus simple pour tester la collaboration sans engagement.

Jean-Marc Dansi
IncidenX","Notre niveau d'exécution, concrètement","Bonjour Serge,

Pour que vous jugiez sur pièces :

Prestations — sites web et refontes, SEO technique, automatisation de processus, intégration IA sur mesure.

Produits internes — nous développons et exploitons nos propres plateformes : génération et publication de contenu multi-format avec personas IA, système de prospection avec audit automatique de fiches et de sites, assistant conversationnel WhatsApp, SaaS de gestion scolaire.

Ces produits ne sont pas des démos. Ils tournent en production et servent nos propres opérations. C'est ce qui nous permet de livrer de l'automatisation et de l'IA qui fonctionnent réellement, pas des intégrations de surface.

Architecture et détails sur incidenx.com/realisations.

Si vous avez une création de site ou une refonte à livrer pour l'un de vos clients, dites-moi-le — je vous réponds en 24h sur la faisabilité et le délai.

Jean-Marc Dansi
IncidenX",Je clos le sujet,"Bonjour Serge,

Dernier message, je ne veux pas encombrer votre boîte.

Pas de besoin en ce moment, c'est normal. Gardez simplement le contact : le jour où vous devez refuser un projet faute de bande passante, ou qu'un client demande une brique technique hors de votre périmètre, nous sommes là.

Confidentialité totale, NDA sur demande, nous n'apparaissons jamais auprès de vos clients.

incidenx.com — réponse sous 24h.

Bonne continuation,

Jean-Marc Dansi
IncidenX"
8810,LesBonsTech,"49 Rue du Président Édouard Herriot, 69002 Lyon, France",Lyon,agence web,http://www.lesbonstech.com/,+33698160692,contact@lesbonstech.com,,agence web,general,74,,"Créez des sites web sur-mesure (wordpress, symfony, laravel, react) — Ville : Lyon.",a_contacter,Partenariat production — agence à agence,"Bonjour Laura,

Jean-Marc Dansi, je dirige IncidenX, une agence digitale basée au Bénin. Même fuseau horaire que la France, donc mon équipe est joignable sur vos horaires.

J'ai parcouru votre site et vos prestations. Vous créez des sites sur mesure — WordPress, e-commerce — avec un accompagnement de proximité, de la stratégie à la mise en ligne ; pour les pics de charge ou les refontes à livrer vite, notre équipe assure la production en marque blanche. Je contacte quelques agences françaises pour proposer un partenariat de production : vous me transmettez les projets que vous ne pouvez pas absorber — surcharge, délais, périmètre technique — et mon équipe les livre en marque blanche sous votre nom.

Sites web, refonte, SEO technique, automatisation et intégration IA : ce sont nos prestations quotidiennes. Nous avons une équipe complète, pas un développeur isolé.

Vous pouvez juger de notre niveau d'exécution directement : incidenx.com.

Un échange de 15 minutes vous intéresse ?

Jean-Marc Dansi
IncidenX",Re: Partenariat production,"Bonjour Laura,

Le point qui intéresse le plus les agences que je contacte : la marge.

Notre structure de coûts au Bénin nous permet de pratiquer des tarifs très en dessous du marché français. Vous facturez votre client à votre tarif habituel, vous nous confiez la production, et vous gardez une marge nettement supérieure à celle d'un projet traité en interne.

Effet secondaire utile : vous pouvez accepter des projets que vous refusez aujourd'hui parce que le budget client ne passe pas votre seuil de rentabilité.

Un site vitrine ou une refonte, c'est le format le plus simple pour tester la collaboration sans engagement.

Jean-Marc Dansi
IncidenX","Notre niveau d'exécution, concrètement","Bonjour Laura,

Pour que vous jugiez sur pièces :

Prestations — sites web et refontes, SEO technique, automatisation de processus, intégration IA sur mesure.

Produits internes — nous développons et exploitons nos propres plateformes : génération et publication de contenu multi-format avec personas IA, système de prospection avec audit automatique de fiches et de sites, assistant conversationnel WhatsApp, SaaS de gestion scolaire.

Ces produits ne sont pas des démos. Ils tournent en production et servent nos propres opérations. C'est ce qui nous permet de livrer de l'automatisation et de l'IA qui fonctionnent réellement, pas des intégrations de surface.

Architecture et détails sur incidenx.com/realisations.

Si vous avez un projet de site ou de boutique en attente, dites-moi lequel — je vous réponds en 24h sur la faisabilité et le délai.

Jean-Marc Dansi
IncidenX",Je clos le sujet,"Bonjour Laura,

Dernier message, je ne veux pas encombrer votre boîte.

Pas de besoin en ce moment, c'est normal. Gardez simplement le contact : le jour où vous devez refuser un projet faute de bande passante, ou qu'un client demande une brique technique hors de votre périmètre, nous sommes là.

Confidentialité totale, NDA sur demande, nous n'apparaissons jamais auprès de vos clients.

incidenx.com — réponse sous 24h.

Bonne continuation,

Jean-Marc Dansi
IncidenX"
8811,Agence Melba,"33 Rue de la Bourse, 69002 Lyon, France",Lyon,agence web,https://agencemelba.com/?utm_source=google&utm_medium=organic&utm_campaign=gmb,,contact@agencemelba.com,,agence web,general,62,,Êtes une agence de communication créative à taille humaine — Ville : Lyon.,a_contacter,Partenariat production — agence à agence,"Bonjour Robin,

Jean-Marc Dansi, je dirige IncidenX, une agence digitale basée au Bénin. Même fuseau horaire que la France, donc mon équipe est joignable sur vos horaires.

J'ai parcouru votre site et vos prestations. Vous êtes une agence de communication créative à taille humaine qui conçoit identités, campagnes et contenus avec audace et sens ; pour les sites et dispositifs digitaux à produire parallèlement à vos créations, notre équipe assure le développement en marque blanche. Je contacte quelques agences françaises pour proposer un partenariat de production : vous me transmettez les projets que vous ne pouvez pas absorber — surcharge, délais, périmètre technique — et mon équipe les livre en marque blanche sous votre nom.

Sites web, refonte, SEO technique, automatisation et intégration IA : ce sont nos prestations quotidiennes. Nous avons une équipe complète, pas un développeur isolé.

Vous pouvez juger de notre niveau d'exécution directement : incidenx.com.

Un échange de 15 minutes vous intéresse ?

Jean-Marc Dansi
IncidenX",Re: Partenariat production,"Bonjour Robin,

Le point qui intéresse le plus les agences que je contacte : la marge.

Notre structure de coûts au Bénin nous permet de pratiquer des tarifs très en dessous du marché français. Vous facturez votre client à votre tarif habituel, vous nous confiez la production, et vous gardez une marge nettement supérieure à celle d'un projet traité en interne.

Effet secondaire utile : vous pouvez accepter des projets que vous refusez aujourd'hui parce que le budget client ne passe pas votre seuil de rentabilité.

Un site vitrine ou une refonte, c'est le format le plus simple pour tester la collaboration sans engagement.

Jean-Marc Dansi
IncidenX","Notre niveau d'exécution, concrètement","Bonjour Robin,

Pour que vous jugiez sur pièces :

Prestations — sites web et refontes, SEO technique, automatisation de processus, intégration IA sur mesure.

Produits internes — nous développons et exploitons nos propres plateformes : génération et publication de contenu multi-format avec personas IA, système de prospection avec audit automatique de fiches et de sites, assistant conversationnel WhatsApp, SaaS de gestion scolaire.

Ces produits ne sont pas des démos. Ils tournent en production et servent nos propres opérations. C'est ce qui nous permet de livrer de l'automatisation et de l'IA qui fonctionnent réellement, pas des intégrations de surface.

Architecture et détails sur incidenx.com/realisations.

Si un site ou un dispositif digital fait partie d'un projet à venir, dites-moi-le — je vous réponds en 24h sur la faisabilité et le délai.

Jean-Marc Dansi
IncidenX",Je clos le sujet,"Bonjour Robin,

Dernier message, je ne veux pas encombrer votre boîte.

Pas de besoin en ce moment, c'est normal. Gardez simplement le contact : le jour où vous devez refuser un projet faute de bande passante, ou qu'un client demande une brique technique hors de votre périmètre, nous sommes là.

Confidentialité totale, NDA sur demande, nous n'apparaissons jamais auprès de vos clients.

incidenx.com — réponse sous 24h.

Bonne continuation,

Jean-Marc Dansi
IncidenX"
8812,Peexeo - Agence Digitale,"12 Rue Baraban, 69006 Lyon, France",Lyon,agence web,https://www.peexeo.com/,+33428297937,contact@peexeo.com,,agence web,general,68,,Mettez la créativité au service de la performance (développement web + marketing) — Ville : Lyon.,a_contacter,Partenariat production — agence à agence,"Bonjour Marion,

Jean-Marc Dansi, je dirige IncidenX, une agence digitale basée au Bénin. Même fuseau horaire que la France, donc mon équipe est joignable sur vos horaires.

J'ai parcouru votre site et vos prestations. Vous accompagnez les marques B2B et B2C sur l'ensemble de leurs enjeux digitaux — développement web, e-commerce, design, SEO/SEA — avec une culture du résultat affirmée ; pour les pics de charge ou les briques à livrer vite, notre équipe développe en marque blanche. Je contacte quelques agences françaises pour proposer un partenariat de production : vous me transmettez les projets que vous ne pouvez pas absorber — surcharge, délais, périmètre technique — et mon équipe les livre en marque blanche sous votre nom.

Sites web, refonte, SEO technique, automatisation et intégration IA : ce sont nos prestations quotidiennes. Nous avons une équipe complète, pas un développeur isolé.

Vous pouvez juger de notre niveau d'exécution directement : incidenx.com.

Un échange de 15 minutes vous intéresse ?

Jean-Marc Dansi
IncidenX",Re: Partenariat production,"Bonjour Marion,

Le point qui intéresse le plus les agences que je contacte : la marge.

Notre structure de coûts au Bénin nous permet de pratiquer des tarifs très en dessous du marché français. Vous facturez votre client à votre tarif habituel, vous nous confiez la production, et vous gardez une marge nettement supérieure à celle d'un projet traité en interne.

Effet secondaire utile : vous pouvez accepter des projets que vous refusez aujourd'hui parce que le budget client ne passe pas votre seuil de rentabilité.

Un site vitrine ou une refonte, c'est le format le plus simple pour tester la collaboration sans engagement.

Jean-Marc Dansi
IncidenX","Notre niveau d'exécution, concrètement","Bonjour Marion,

Pour que vous jugiez sur pièces :

Prestations — sites web et refontes, SEO technique, automatisation de processus, intégration IA sur mesure.

Produits internes — nous développons et exploitons nos propres plateformes : génération et publication de contenu multi-format avec personas IA, système de prospection avec audit automatique de fiches et de sites, assistant conversationnel WhatsApp, SaaS de gestion scolaire.

Ces produits ne sont pas des démos. Ils tournent en production et servent nos propres opérations. C'est ce qui nous permet de livrer de l'automatisation et de l'IA qui fonctionnent réellement, pas des intégrations de surface.

Architecture et détails sur incidenx.com/realisations.

Si vous avez un chantier à absorber — site, e-commerce ou développement — dites-moi lequel, je vous réponds en 24h sur la faisabilité et le délai.

Jean-Marc Dansi
IncidenX",Je clos le sujet,"Bonjour Marion,

Dernier message, je ne veux pas encombrer votre boîte.

Pas de besoin en ce moment, c'est normal. Gardez simplement le contact : le jour où vous devez refuser un projet faute de bande passante, ou qu'un client demande une brique technique hors de votre périmètre, nous sommes là.

Confidentialité totale, NDA sur demande, nous n'apparaissons jamais auprès de vos clients.

incidenx.com — réponse sous 24h.

Bonne continuation,

Jean-Marc Dansi
IncidenX"
8813,Agence Seen | Communication & Stratégie de Marque à Lyon,"6B Rue des Capucins, 69001 Lyon, France",Lyon,agence web,https://agenceseen.fr/,+33762324733,contact@agenceseen.fr,,agence web,general,64,,"Êtes des agents de marques (branding, site, social media, marketing, conseil) — Ville : Lyon.",a_contacter,Partenariat production — agence à agence,"Bonjour Thomas,

Jean-Marc Dansi, je dirige IncidenX, une agence digitale basée au Bénin. Même fuseau horaire que la France, donc mon équipe est joignable sur vos horaires.

J'ai parcouru votre site et vos prestations. Vous êtes une agence de communication et de stratégie de marque qui construit des identités ambitieuses — branding, site, social media, webdesign — pour des marques qui veulent durer ; pour les pics de charge, notre équipe prend la production en marque blanche. Je contacte quelques agences françaises pour proposer un partenariat de production : vous me transmettez les projets que vous ne pouvez pas absorber — surcharge, délais, périmètre technique — et mon équipe les livre en marque blanche sous votre nom.

Sites web, refonte, SEO technique, automatisation et intégration IA : ce sont nos prestations quotidiennes. Nous avons une équipe complète, pas un développeur isolé.

Vous pouvez juger de notre niveau d'exécution directement : incidenx.com.

Un échange de 15 minutes vous intéresse ?

Jean-Marc Dansi
IncidenX",Re: Partenariat production,"Bonjour Thomas,

Le point qui intéresse le plus les agences que je contacte : la marge.

Notre structure de coûts au Bénin nous permet de pratiquer des tarifs très en dessous du marché français. Vous facturez votre client à votre tarif habituel, vous nous confiez la production, et vous gardez une marge nettement supérieure à celle d'un projet traité en interne.

Effet secondaire utile : vous pouvez accepter des projets que vous refusez aujourd'hui parce que le budget client ne passe pas votre seuil de rentabilité.

Un site vitrine ou une refonte, c'est le format le plus simple pour tester la collaboration sans engagement.

Jean-Marc Dansi
IncidenX","Notre niveau d'exécution, concrètement","Bonjour Thomas,

Pour que vous jugiez sur pièces :

Prestations — sites web et refontes, SEO technique, automatisation de processus, intégration IA sur mesure.

Produits internes — nous développons et exploitons nos propres plateformes : génération et publication de contenu multi-format avec personas IA, système de prospection avec audit automatique de fiches et de sites, assistant conversationnel WhatsApp, SaaS de gestion scolaire.

Ces produits ne sont pas des démos. Ils tournent en production et servent nos propres opérations. C'est ce qui nous permet de livrer de l'automatisation et de l'IA qui fonctionnent réellement, pas des intégrations de surface.

Architecture et détails sur incidenx.com/realisations.

Si vous avez un site ou une identité à produire pour une marque, dites-moi-le — je vous réponds en 24h sur la faisabilité et le délai.

Jean-Marc Dansi
IncidenX",Je clos le sujet,"Bonjour Thomas,

Dernier message, je ne veux pas encombrer votre boîte.

Pas de besoin en ce moment, c'est normal. Gardez simplement le contact : le jour où vous devez refuser un projet faute de bande passante, ou qu'un client demande une brique technique hors de votre périmètre, nous sommes là.

Confidentialité totale, NDA sur demande, nous n'apparaissons jamais auprès de vos clients.

incidenx.com — réponse sous 24h.

Bonne continuation,

Jean-Marc Dansi
IncidenX"
8814,KIWEE ROUGE,"Fabrique du 9ème, 24 Ave. Joannès Masset Bat 3, 69009 Lyon, France",Lyon,agence web,https://kiweerouge.com/,+33481130030,agence@kiweerouge.com,,agence web,general,58,,Êtes une agence de communication [im]pertinente à lyon — Ville : Lyon.,a_contacter,Partenariat production — agence à agence,"Bonjour Frédérick,

Jean-Marc Dansi, je dirige IncidenX, une agence digitale basée au Bénin. Même fuseau horaire que la France, donc mon équipe est joignable sur vos horaires.

J'ai parcouru votre site et vos prestations. Vous êtes une agence de communication impertinente et attachante qui allie création, print et digital pour des marques audacieuses ; pour les sites et outils web à produire à côté de vos campagnes créatives, notre équipe prend le développement en marque blanche. Je contacte quelques agences françaises pour proposer un partenariat de production : vous me transmettez les projets que vous ne pouvez pas absorber — surcharge, délais, périmètre technique — et mon équipe les livre en marque blanche sous votre nom.

Sites web, refonte, SEO technique, automatisation et intégration IA : ce sont nos prestations quotidiennes. Nous avons une équipe complète, pas un développeur isolé.

Vous pouvez juger de notre niveau d'exécution directement : incidenx.com.

Un échange de 15 minutes vous intéresse ?

Jean-Marc Dansi
IncidenX",Re: Partenariat production,"Bonjour Frédérick,

Le point qui intéresse le plus les agences que je contacte : la marge.

Notre structure de coûts au Bénin nous permet de pratiquer des tarifs très en dessous du marché français. Vous facturez votre client à votre tarif habituel, vous nous confiez la production, et vous gardez une marge nettement supérieure à celle d'un projet traité en interne.

Effet secondaire utile : vous pouvez accepter des projets que vous refusez aujourd'hui parce que le budget client ne passe pas votre seuil de rentabilité.

Un site vitrine ou une refonte, c'est le format le plus simple pour tester la collaboration sans engagement.

Jean-Marc Dansi
IncidenX","Notre niveau d'exécution, concrètement","Bonjour Frédérick,

Pour que vous jugiez sur pièces :

Prestations — sites web et refontes, SEO technique, automatisation de processus, intégration IA sur mesure.

Produits internes — nous développons et exploitons nos propres plateformes : génération et publication de contenu multi-format avec personas IA, système de prospection avec audit automatique de fiches et de sites, assistant conversationnel WhatsApp, SaaS de gestion scolaire.

Ces produits ne sont pas des démos. Ils tournent en production et servent nos propres opérations. C'est ce qui nous permet de livrer de l'automatisation et de l'IA qui fonctionnent réellement, pas des intégrations de surface.

Architecture et détails sur incidenx.com/realisations.

Si un site ou un outil web doit être produit à côté de vos campagnes, dites-moi-le — je vous réponds en 24h sur la faisabilité et le délai.

Jean-Marc Dansi
IncidenX",Je clos le sujet,"Bonjour Frédérick,

Dernier message, je ne veux pas encombrer votre boîte.

Pas de besoin en ce moment, c'est normal. Gardez simplement le contact : le jour où vous devez refuser un projet faute de bande passante, ou qu'un client demande une brique technique hors de votre périmètre, nous sommes là.

Confidentialité totale, NDA sur demande, nous n'apparaissons jamais auprès de vos clients.

incidenx.com — réponse sous 24h.

Bonne continuation,

Jean-Marc Dansi
IncidenX"
8815,Phenix Info - Agence Web Lyon,"3036 Rte de Strasbourg, 69140 Rillieux-la-Pape, France",Lyon,agence web,https://www.phenixinfo.fr/,+33472106407,contact@phenixinfo.fr,,agence web,general,70,,"Êtes spécialiste wordpress, prestashop, développement et seo — Ville : Lyon.",a_contacter,Partenariat production — agence à agence,"Bonjour Damien,

Jean-Marc Dansi, je dirige IncidenX, une agence digitale basée au Bénin. Même fuseau horaire que la France, donc mon équipe est joignable sur vos horaires.

J'ai parcouru votre site et vos prestations. Vous créez des sites vitrine WordPress et des boutiques PrestaShop pour les TPE et PME du Grand Lyon, avec une vraie culture SEO et du développement sur-mesure ; pour les pics de charge ou les refontes qui demandent du renfort, notre équipe prend le relais en marque blanche. Je contacte quelques agences françaises pour proposer un partenariat de production : vous me transmettez les projets que vous ne pouvez pas absorber — surcharge, délais, périmètre technique — et mon équipe les livre en marque blanche sous votre nom.

Sites web, refonte, SEO technique, automatisation et intégration IA : ce sont nos prestations quotidiennes. Nous avons une équipe complète, pas un développeur isolé.

Vous pouvez juger de notre niveau d'exécution directement : incidenx.com.

Un échange de 15 minutes vous intéresse ?

Jean-Marc Dansi
IncidenX",Re: Partenariat production,"Bonjour Damien,

Le point qui intéresse le plus les agences que je contacte : la marge.

Notre structure de coûts au Bénin nous permet de pratiquer des tarifs très en dessous du marché français. Vous facturez votre client à votre tarif habituel, vous nous confiez la production, et vous gardez une marge nettement supérieure à celle d'un projet traité en interne.

Effet secondaire utile : vous pouvez accepter des projets que vous refusez aujourd'hui parce que le budget client ne passe pas votre seuil de rentabilité.

Un site vitrine ou une refonte, c'est le format le plus simple pour tester la collaboration sans engagement.

Jean-Marc Dansi
IncidenX","Notre niveau d'exécution, concrètement","Bonjour Damien,

Pour que vous jugiez sur pièces :

Prestations — sites web et refontes, SEO technique, automatisation de processus, intégration IA sur mesure.

Produits internes — nous développons et exploitons nos propres plateformes : génération et publication de contenu multi-format avec personas IA, système de prospection avec audit automatique de fiches et de sites, assistant conversationnel WhatsApp, SaaS de gestion scolaire.

Ces produits ne sont pas des démos. Ils tournent en production et servent nos propres opérations. C'est ce qui nous permet de livrer de l'automatisation et de l'IA qui fonctionnent réellement, pas des intégrations de surface.

Architecture et détails sur incidenx.com/realisations.

Si vous avez un site vitrine, une boutique ou une refonte à produire, dites-moi laquelle — je vous réponds en 24h sur la faisabilité et le délai.

Jean-Marc Dansi
IncidenX",Je clos le sujet,"Bonjour Damien,

Dernier message, je ne veux pas encombrer votre boîte.

Pas de besoin en ce moment, c'est normal. Gardez simplement le contact : le jour où vous devez refuser un projet faute de bande passante, ou qu'un client demande une brique technique hors de votre périmètre, nous sommes là.

Confidentialité totale, NDA sur demande, nous n'apparaissons jamais auprès de vos clients.

incidenx.com — réponse sous 24h.

Bonne continuation,

Jean-Marc Dansi
IncidenX"
8816,Mcube,"24 Ave. Joannès Masset 9ème Batiment 3, 69009 Lyon, France",Lyon,agence web,http://www.mcube.fr/,+33437646984,contact@mcube.fr,,agence web,general,68,,"Combinez stratégie, design et développement sur vos sites — Ville : Lyon.",a_contacter,Partenariat production — agence à agence,"Bonjour Matthieu,

Jean-Marc Dansi, je dirige IncidenX, une agence digitale basée au Bénin. Même fuseau horaire que la France, donc mon équipe est joignable sur vos horaires.

J'ai parcouru votre site et vos prestations. Vous êtes un studio digital créatif — web design, UX/UI, développement WordPress et WooCommerce — au service de sites à fort impact business, installé depuis vingt ans à Lyon ; pour les pics de charge ou les projets qui demandent du renfort, notre équipe assure la production en marque blanche. Je contacte quelques agences françaises pour proposer un partenariat de production : vous me transmettez les projets que vous ne pouvez pas absorber — surcharge, délais, périmètre technique — et mon équipe les livre en marque blanche sous votre nom.

Sites web, refonte, SEO technique, automatisation et intégration IA : ce sont nos prestations quotidiennes. Nous avons une équipe complète, pas un développeur isolé.

Vous pouvez juger de notre niveau d'exécution directement : incidenx.com.

Un échange de 15 minutes vous intéresse ?

Jean-Marc Dansi
IncidenX",Re: Partenariat production,"Bonjour Matthieu,

Le point qui intéresse le plus les agences que je contacte : la marge.

Notre structure de coûts au Bénin nous permet de pratiquer des tarifs très en dessous du marché français. Vous facturez votre client à votre tarif habituel, vous nous confiez la production, et vous gardez une marge nettement supérieure à celle d'un projet traité en interne.

Effet secondaire utile : vous pouvez accepter des projets que vous refusez aujourd'hui parce que le budget client ne passe pas votre seuil de rentabilité.

Un site vitrine ou une refonte, c'est le format le plus simple pour tester la collaboration sans engagement.

Jean-Marc Dansi
IncidenX","Notre niveau d'exécution, concrètement","Bonjour Matthieu,

Pour que vous jugiez sur pièces :

Prestations — sites web et refontes, SEO technique, automatisation de processus, intégration IA sur mesure.

Produits internes — nous développons et exploitons nos propres plateformes : génération et publication de contenu multi-format avec personas IA, système de prospection avec audit automatique de fiches et de sites, assistant conversationnel WhatsApp, SaaS de gestion scolaire.

Ces produits ne sont pas des démos. Ils tournent en production et servent nos propres opérations. C'est ce qui nous permet de livrer de l'automatisation et de l'IA qui fonctionnent réellement, pas des intégrations de surface.

Architecture et détails sur incidenx.com/realisations.

Si vous avez un projet en attente — refonte, e-commerce ou site à fort impact — dites-moi lequel, je vous réponds en 24h sur la faisabilité et le délai.

Jean-Marc Dansi
IncidenX",Je clos le sujet,"Bonjour Matthieu,

Dernier message, je ne veux pas encombrer votre boîte.

Pas de besoin en ce moment, c'est normal. Gardez simplement le contact : le jour où vous devez refuser un projet faute de bande passante, ou qu'un client demande une brique technique hors de votre périmètre, nous sommes là.

Confidentialité totale, NDA sur demande, nous n'apparaissons jamais auprès de vos clients.

incidenx.com — réponse sous 24h.

Bonne continuation,

Jean-Marc Dansi
IncidenX"
8817,EVOL,"3 bis Rue Villeneuve, 69004 Lyon, France",Lyon,agence web,http://www.agence-evol.fr/,+33988525598,info@studio-evol.fr,,agence web,general,60,,"Êtes une agence de conseil en création et communication, vision 360° — Ville : Lyon.",a_contacter,Partenariat production — agence à agence,"Bonjour Jean-Frédéric,

Jean-Marc Dansi, je dirige IncidenX, une agence digitale basée au Bénin. Même fuseau horaire que la France, donc mon équipe est joignable sur vos horaires.

J'ai parcouru votre site et vos prestations. Vous êtes une agence de conseil en création et communication à vision 360°, qui fusionne stratégie, design et digital pour les entreprises ; quand un projet déborde ou qu'une production web presse, notre équipe assure le développement en marque blanche. Je contacte quelques agences françaises pour proposer un partenariat de production : vous me transmettez les projets que vous ne pouvez pas absorber — surcharge, délais, périmètre technique — et mon équipe les livre en marque blanche sous votre nom.

Sites web, refonte, SEO technique, automatisation et intégration IA : ce sont nos prestations quotidiennes. Nous avons une équipe complète, pas un développeur isolé.

Vous pouvez juger de notre niveau d'exécution directement : incidenx.com.

Un échange de 15 minutes vous intéresse ?

Jean-Marc Dansi
IncidenX",Re: Partenariat production,"Bonjour Jean-Frédéric,

Le point qui intéresse le plus les agences que je contacte : la marge.

Notre structure de coûts au Bénin nous permet de pratiquer des tarifs très en dessous du marché français. Vous facturez votre client à votre tarif habituel, vous nous confiez la production, et vous gardez une marge nettement supérieure à celle d'un projet traité en interne.

Effet secondaire utile : vous pouvez accepter des projets que vous refusez aujourd'hui parce que le budget client ne passe pas votre seuil de rentabilité.

Un site vitrine ou une refonte, c'est le format le plus simple pour tester la collaboration sans engagement.

Jean-Marc Dansi
IncidenX","Notre niveau d'exécution, concrètement","Bonjour Jean-Frédéric,

Pour que vous jugiez sur pièces :

Prestations — sites web et refontes, SEO technique, automatisation de processus, intégration IA sur mesure.

Produits internes — nous développons et exploitons nos propres plateformes : génération et publication de contenu multi-format avec personas IA, système de prospection avec audit automatique de fiches et de sites, assistant conversationnel WhatsApp, SaaS de gestion scolaire.

Ces produits ne sont pas des démos. Ils tournent en production et servent nos propres opérations. C'est ce qui nous permet de livrer de l'automatisation et de l'IA qui fonctionnent réellement, pas des intégrations de surface.

Architecture et détails sur incidenx.com/realisations.

Si un site ou un support digital fait partie d'un projet à venir, dites-moi-le — je vous réponds en 24h sur la faisabilité et le délai.

Jean-Marc Dansi
IncidenX",Je clos le sujet,"Bonjour Jean-Frédéric,

Dernier message, je ne veux pas encombrer votre boîte.

Pas de besoin en ce moment, c'est normal. Gardez simplement le contact : le jour où vous devez refuser un projet faute de bande passante, ou qu'un client demande une brique technique hors de votre périmètre, nous sommes là.

Confidentialité totale, NDA sur demande, nous n'apparaissons jamais auprès de vos clients.

incidenx.com — réponse sous 24h.

Bonne continuation,

Jean-Marc Dansi
IncidenX"
8818,KAÏLIMER - agence WordPress & SEO,"4 Rue de la République, 69001 Lyon, France",Lyon,agence web,https://kailimer.com/?utm_source=gmb,+33668564562,,,agence web,general,62,,"Wordpress & seo, création/refonte — email manquant — Ville : Lyon.",a_verifier,,,,,,,,
8819,Dedi. Agence web & e-commerce à Lyon,"33 Rue Saint-Simon, 69009 Lyon, France",Lyon,agence web,https://www.dedi-agency.com/,+33472870754,contact@dedi-agency.com,,agence web,general,78,,"Êtes une agence stratégie digitale & e-commerce depuis 21 ans (wordpress, prestashop, magento, webflow) — Ville : Lyon.",a_contacter,Partenariat production — agence à agence,"Bonjour Florian,

Jean-Marc Dansi, je dirige IncidenX, une agence digitale basée au Bénin. Même fuseau horaire que la France, donc mon équipe est joignable sur vos horaires.

J'ai parcouru votre site et vos prestations. Vous êtes des experts e-commerce à Lyon (Sylius, Shopify, WordPress) ; pour les chantiers en surcharge ou les briques techniques qui débordent (paiement, ERP, automatisation), notre équipe assure la production en marque blanche. Je contacte quelques agences françaises pour proposer un partenariat de production : vous me transmettez les projets que vous ne pouvez pas absorber — surcharge, délais, périmètre technique — et mon équipe les livre en marque blanche sous votre nom.

Sites web, refonte, SEO technique, automatisation et intégration IA : ce sont nos prestations quotidiennes. Nous avons une équipe complète, pas un développeur isolé.

Vous pouvez juger de notre niveau d'exécution directement : incidenx.com.

Un échange de 15 minutes vous intéresse ?

Jean-Marc Dansi
IncidenX",Re: Partenariat production,"Bonjour Florian,

Le point qui intéresse le plus les agences que je contacte : la marge.

Notre structure de coûts au Bénin nous permet de pratiquer des tarifs très en dessous du marché français. Vous facturez votre client à votre tarif habituel, vous nous confiez la production, et vous gardez une marge nettement supérieure à celle d'un projet traité en interne.

Effet secondaire utile : vous pouvez accepter des projets que vous refusez aujourd'hui parce que le budget client ne passe pas votre seuil de rentabilité.

Un site vitrine ou une refonte, c'est le format le plus simple pour tester la collaboration sans engagement.

Jean-Marc Dansi
IncidenX","Notre niveau d'exécution, concrètement","Bonjour Florian,

Pour que vous jugiez sur pièces :

Prestations — sites web et refontes, SEO technique, automatisation de processus, intégration IA sur mesure.

Produits internes — nous développons et exploitons nos propres plateformes : génération et publication de contenu multi-format avec personas IA, système de prospection avec audit automatique de fiches et de sites, assistant conversationnel WhatsApp, SaaS de gestion scolaire.

Ces produits ne sont pas des démos. Ils tournent en production et servent nos propres opérations. C'est ce qui nous permet de livrer de l'automatisation et de l'IA qui fonctionnent réellement, pas des intégrations de surface.

Architecture et détails sur incidenx.com/realisations.

Si vous avez un projet e-commerce ou une refonte en attente, dites-moi lequel — je vous réponds en 24h sur la faisabilité et le délai.

Jean-Marc Dansi
IncidenX",Je clos le sujet,"Bonjour Florian,

Dernier message, je ne veux pas encombrer votre boîte.

Pas de besoin en ce moment, c'est normal. Gardez simplement le contact : le jour où vous devez refuser un projet faute de bande passante, ou qu'un client demande une brique technique hors de votre périmètre, nous sommes là.

Confidentialité totale, NDA sur demande, nous n'apparaissons jamais auprès de vos clients.

incidenx.com — réponse sous 24h.

Bonne continuation,

Jean-Marc Dansi
IncidenX"
8820,Yumea,"3 Rue Passet, 69007 Lyon, France",Lyon,agence web,https://www.yumea.fr/,+33472731908,contact@yumea.fr,,agence web,general,85,,Livrez des outils ia sur mesure pour les pme en quelques jours — Ville : Lyon.,a_contacter,Partenariat production — agence à agence,"Bonjour Maximilien,

Jean-Marc Dansi, je dirige IncidenX, une agence digitale basée au Bénin. Même fuseau horaire que la France, donc mon équipe est joignable sur vos horaires.

J'ai parcouru votre site et vos prestations. Votre offre est centrée IA et automatisation pour les PME ; quand un de vos clients a besoin d'une brique produite ou intégrée plus vite que prévu, notre équipe prend le relais en marque blanche, sous votre nom. Je contacte quelques agences françaises pour proposer un partenariat de production : vous me transmettez les projets que vous ne pouvez pas absorber — surcharge, délais, périmètre technique — et mon équipe les livre en marque blanche sous votre nom.

Sites web, refonte, SEO technique, automatisation et intégration IA : ce sont nos prestations quotidiennes. Nous avons une équipe complète, pas un développeur isolé.

Vous pouvez juger de notre niveau d'exécution directement : incidenx.com.

Un échange de 15 minutes vous intéresse ?

Jean-Marc Dansi
IncidenX",Re: Partenariat production,"Bonjour Maximilien,

Le point qui intéresse le plus les agences que je contacte : la marge.

Notre structure de coûts au Bénin nous permet de pratiquer des tarifs très en dessous du marché français. Vous facturez votre client à votre tarif habituel, vous nous confiez la production, et vous gardez une marge nettement supérieure à celle d'un projet traité en interne.

Effet secondaire utile : vous pouvez accepter des projets que vous refusez aujourd'hui parce que le budget client ne passe pas votre seuil de rentabilité.

Un site vitrine ou une refonte, c'est le format le plus simple pour tester la collaboration sans engagement.

Jean-Marc Dansi
IncidenX","Notre niveau d'exécution, concrètement","Bonjour Maximilien,

Pour que vous jugiez sur pièces :

Prestations — sites web et refontes, SEO technique, automatisation de processus, intégration IA sur mesure.

Produits internes — nous développons et exploitons nos propres plateformes : génération et publication de contenu multi-format avec personas IA, système de prospection avec audit automatique de fiches et de sites, assistant conversationnel WhatsApp, SaaS de gestion scolaire.

Ces produits ne sont pas des démos. Ils tournent en production et servent nos propres opérations. C'est ce qui nous permet de livrer de l'automatisation et de l'IA qui fonctionnent réellement, pas des intégrations de surface.

Architecture et détails sur incidenx.com/realisations.

Si vous avez un projet d'automatisation ou d'intégration IA en attente, dites-moi lequel — je vous réponds en 24h sur la faisabilité et le délai.

Jean-Marc Dansi
IncidenX",Je clos le sujet,"Bonjour Maximilien,

Dernier message, je ne veux pas encombrer votre boîte.

Pas de besoin en ce moment, c'est normal. Gardez simplement le contact : le jour où vous devez refuser un projet faute de bande passante, ou qu'un client demande une brique technique hors de votre périmètre, nous sommes là.

Confidentialité totale, NDA sur demande, nous n'apparaissons jamais auprès de vos clients.

incidenx.com — réponse sous 24h.

Bonne continuation,

Jean-Marc Dansi
IncidenX"
8821,AGENCE CG - Agence de Communication et de Conseils en Gestion d’entreprise - LYON,"15 Quai de la Gare d'Eau, 69009 Lyon, France",Lyon,agence web,http://agence-cg.fr/,+33769598284,contact@agence-cg.fr,,agence web,general,65,,Combinez branding et sites web pour transformer les visiteurs en clients — Ville : Lyon.,a_contacter,Partenariat production — agence à agence,"Bonjour Maeva,

Jean-Marc Dansi, je dirige IncidenX, une agence digitale basée au Bénin. Même fuseau horaire que la France, donc mon équipe est joignable sur vos horaires.

J'ai parcouru votre site et vos prestations. Vous combinez branding et sites web pour aider les entrepreneurs, indépendants et TPE à attirer et convertir leurs visiteurs, avec une approche humaine ; quand un chantier déborde ou qu'un client presse, notre équipe assure la production en marque blanche. Je contacte quelques agences françaises pour proposer un partenariat de production : vous me transmettez les projets que vous ne pouvez pas absorber — surcharge, délais, périmètre technique — et mon équipe les livre en marque blanche sous votre nom.

Sites web, refonte, SEO technique, automatisation et intégration IA : ce sont nos prestations quotidiennes. Nous avons une équipe complète, pas un développeur isolé.

Vous pouvez juger de notre niveau d'exécution directement : incidenx.com.

Un échange de 15 minutes vous intéresse ?

Jean-Marc Dansi
IncidenX",Re: Partenariat production,"Bonjour Maeva,

Le point qui intéresse le plus les agences que je contacte : la marge.

Notre structure de coûts au Bénin nous permet de pratiquer des tarifs très en dessous du marché français. Vous facturez votre client à votre tarif habituel, vous nous confiez la production, et vous gardez une marge nettement supérieure à celle d'un projet traité en interne.

Effet secondaire utile : vous pouvez accepter des projets que vous refusez aujourd'hui parce que le budget client ne passe pas votre seuil de rentabilité.

Un site vitrine ou une refonte, c'est le format le plus simple pour tester la collaboration sans engagement.

Jean-Marc Dansi
IncidenX","Notre niveau d'exécution, concrètement","Bonjour Maeva,

Pour que vous jugiez sur pièces :

Prestations — sites web et refontes, SEO technique, automatisation de processus, intégration IA sur mesure.

Produits internes — nous développons et exploitons nos propres plateformes : génération et publication de contenu multi-format avec personas IA, système de prospection avec audit automatique de fiches et de sites, assistant conversationnel WhatsApp, SaaS de gestion scolaire.

Ces produits ne sont pas des démos. Ils tournent en production et servent nos propres opérations. C'est ce qui nous permet de livrer de l'automatisation et de l'IA qui fonctionnent réellement, pas des intégrations de surface.

Architecture et détails sur incidenx.com/realisations.

Si vous avez un site, une boutique ou une refonte à produire pour vos clients, dites-moi-le — je vous réponds en 24h sur la faisabilité et le délai.

Jean-Marc Dansi
IncidenX",Je clos le sujet,"Bonjour Maeva,

Dernier message, je ne veux pas encombrer votre boîte.

Pas de besoin en ce moment, c'est normal. Gardez simplement le contact : le jour où vous devez refuser un projet faute de bande passante, ou qu'un client demande une brique technique hors de votre périmètre, nous sommes là.

Confidentialité totale, NDA sur demande, nous n'apparaissons jamais auprès de vos clients.

incidenx.com — réponse sous 24h.

Bonne continuation,

Jean-Marc Dansi
IncidenX"
8822,acti,"289 Rue Garibaldi, 69007 Lyon, France",Lyon,agence web,http://www.acti.fr/,+33437372510,hello@acti.fr,,agence web,general,62,,"Créez des sites éco-conçus et e-accessibles, hébergés dans un data center vert — Ville : Lyon.",a_contacter,Partenariat production — agence à agence,"Bonjour Edward,

Jean-Marc Dansi, je dirige IncidenX, une agence digitale basée au Bénin. Même fuseau horaire que la France, donc mon équipe est joignable sur vos horaires.

J'ai parcouru votre site et vos prestations. Vous créez des sites éco-conçus et e-accessibles, hébergés dans un data center vert, avec une exigence rare de qualité et de responsabilité ; pour les refontes ou les chantiers à absorber sans sacrifier vos standards, notre équipe livre la production en marque blanche. Je contacte quelques agences françaises pour proposer un partenariat de production : vous me transmettez les projets que vous ne pouvez pas absorber — surcharge, délais, périmètre technique — et mon équipe les livre en marque blanche sous votre nom.

Sites web, refonte, SEO technique, automatisation et intégration IA : ce sont nos prestations quotidiennes. Nous avons une équipe complète, pas un développeur isolé.

Vous pouvez juger de notre niveau d'exécution directement : incidenx.com.

Un échange de 15 minutes vous intéresse ?

Jean-Marc Dansi
IncidenX",Re: Partenariat production,"Bonjour Edward,

Le point qui intéresse le plus les agences que je contacte : la marge.

Notre structure de coûts au Bénin nous permet de pratiquer des tarifs très en dessous du marché français. Vous facturez votre client à votre tarif habituel, vous nous confiez la production, et vous gardez une marge nettement supérieure à celle d'un projet traité en interne.

Effet secondaire utile : vous pouvez accepter des projets que vous refusez aujourd'hui parce que le budget client ne passe pas votre seuil de rentabilité.

Un site vitrine ou une refonte, c'est le format le plus simple pour tester la collaboration sans engagement.

Jean-Marc Dansi
IncidenX","Notre niveau d'exécution, concrètement","Bonjour Edward,

Pour que vous jugiez sur pièces :

Prestations — sites web et refontes, SEO technique, automatisation de processus, intégration IA sur mesure.

Produits internes — nous développons et exploitons nos propres plateformes : génération et publication de contenu multi-format avec personas IA, système de prospection avec audit automatique de fiches et de sites, assistant conversationnel WhatsApp, SaaS de gestion scolaire.

Ces produits ne sont pas des démos. Ils tournent en production et servent nos propres opérations. C'est ce qui nous permet de livrer de l'automatisation et de l'IA qui fonctionnent réellement, pas des intégrations de surface.

Architecture et détails sur incidenx.com/realisations.

Si vous avez une refonte ou un site éco-conçu à produire dans les prochains mois, dites-moi-le — je vous réponds en 24h sur la faisabilité et le délai.

Jean-Marc Dansi
IncidenX",Je clos le sujet,"Bonjour Edward,

Dernier message, je ne veux pas encombrer votre boîte.

Pas de besoin en ce moment, c'est normal. Gardez simplement le contact : le jour où vous devez refuser un projet faute de bande passante, ou qu'un client demande une brique technique hors de votre périmètre, nous sommes là.

Confidentialité totale, NDA sur demande, nous n'apparaissons jamais auprès de vos clients.

incidenx.com — réponse sous 24h.

Bonne continuation,

Jean-Marc Dansi
IncidenX"
8823,CLEATIS,"10 Rue Jean Jullien, 69004 Lyon, France",Lyon,agence web,https://www.cleatis.fr/nos-agences/agence-referencement-lyon/?utm_source=gmb&utm_medium=referral,+33619528941,contact@cleatis.fr,,agence web,general,64,,Êtes une agence seo pour rendre vos clients visibles sur google — Ville : Lyon.,a_contacter,Partenariat production — agence à agence,"Bonjour Damien,

Jean-Marc Dansi, je dirige IncidenX, une agence digitale basée au Bénin. Même fuseau horaire que la France, donc mon équipe est joignable sur vos horaires.

J'ai parcouru votre site et vos prestations. Vous êtes une agence 100 % SEO, artisanale et experte — référencement naturel, payant et audit — fondée par des spécialistes du SEO ; quand une campagne doit s'appuyer sur un site ou des pages à livrer vite, notre équipe prend la réalisation en marque blanche. Je contacte quelques agences françaises pour proposer un partenariat de production : vous me transmettez les projets que vous ne pouvez pas absorber — surcharge, délais, périmètre technique — et mon équipe les livre en marque blanche sous votre nom.

Sites web, refonte, SEO technique, automatisation et intégration IA : ce sont nos prestations quotidiennes. Nous avons une équipe complète, pas un développeur isolé.

Vous pouvez juger de notre niveau d'exécution directement : incidenx.com.

Un échange de 15 minutes vous intéresse ?

Jean-Marc Dansi
IncidenX",Re: Partenariat production,"Bonjour Damien,

Le point qui intéresse le plus les agences que je contacte : la marge.

Notre structure de coûts au Bénin nous permet de pratiquer des tarifs très en dessous du marché français. Vous facturez votre client à votre tarif habituel, vous nous confiez la production, et vous gardez une marge nettement supérieure à celle d'un projet traité en interne.

Effet secondaire utile : vous pouvez accepter des projets que vous refusez aujourd'hui parce que le budget client ne passe pas votre seuil de rentabilité.

Un site vitrine ou une refonte, c'est le format le plus simple pour tester la collaboration sans engagement.

Jean-Marc Dansi
IncidenX","Notre niveau d'exécution, concrètement","Bonjour Damien,

Pour que vous jugiez sur pièces :

Prestations — sites web et refontes, SEO technique, automatisation de processus, intégration IA sur mesure.

Produits internes — nous développons et exploitons nos propres plateformes : génération et publication de contenu multi-format avec personas IA, système de prospection avec audit automatique de fiches et de sites, assistant conversationnel WhatsApp, SaaS de gestion scolaire.

Ces produits ne sont pas des démos. Ils tournent en production et servent nos propres opérations. C'est ce qui nous permet de livrer de l'automatisation et de l'IA qui fonctionnent réellement, pas des intégrations de surface.

Architecture et détails sur incidenx.com/realisations.

Si une campagne SEO doit s'appuyer sur un site ou des pages à produire vite, dites-moi-le — je vous réponds en 24h sur la faisabilité et le délai.

Jean-Marc Dansi
IncidenX",Je clos le sujet,"Bonjour Damien,

Dernier message, je ne veux pas encombrer votre boîte.

Pas de besoin en ce moment, c'est normal. Gardez simplement le contact : le jour où vous devez refuser un projet faute de bande passante, ou qu'un client demande une brique technique hors de votre périmètre, nous sommes là.

Confidentialité totale, NDA sur demande, nous n'apparaissons jamais auprès de vos clients.

incidenx.com — réponse sous 24h.

Bonne continuation,

Jean-Marc Dansi
IncidenX"
8824,Mindblow – Agence de communication Lyon,"16 Rue Barrème, 69006 Lyon, France",Lyon,agence web,https://mindblow.fr/,+33478171221,contact@mindblow.fr,,agence web,general,66,,"Êtes une agence de communication (site, charte graphique, seo, google ads) — Ville : Lyon.",a_contacter,Partenariat production — agence à agence,"Bonjour Matthias,

Jean-Marc Dansi, je dirige IncidenX, une agence digitale basée au Bénin. Même fuseau horaire que la France, donc mon équipe est joignable sur vos horaires.

J'ai parcouru votre site et vos prestations. Vous êtes une agence de communication et de marketing lyonnaise qui travaille l'image de marque, l'écosystème digital et la performance commerciale ; quand un chantier déborde ou qu'un client presse, notre équipe prend la production en marque blanche. Je contacte quelques agences françaises pour proposer un partenariat de production : vous me transmettez les projets que vous ne pouvez pas absorber — surcharge, délais, périmètre technique — et mon équipe les livre en marque blanche sous votre nom.

Sites web, refonte, SEO technique, automatisation et intégration IA : ce sont nos prestations quotidiennes. Nous avons une équipe complète, pas un développeur isolé.

Vous pouvez juger de notre niveau d'exécution directement : incidenx.com.

Un échange de 15 minutes vous intéresse ?

Jean-Marc Dansi
IncidenX",Re: Partenariat production,"Bonjour Matthias,

Le point qui intéresse le plus les agences que je contacte : la marge.

Notre structure de coûts au Bénin nous permet de pratiquer des tarifs très en dessous du marché français. Vous facturez votre client à votre tarif habituel, vous nous confiez la production, et vous gardez une marge nettement supérieure à celle d'un projet traité en interne.

Effet secondaire utile : vous pouvez accepter des projets que vous refusez aujourd'hui parce que le budget client ne passe pas votre seuil de rentabilité.

Un site vitrine ou une refonte, c'est le format le plus simple pour tester la collaboration sans engagement.

Jean-Marc Dansi
IncidenX","Notre niveau d'exécution, concrètement","Bonjour Matthias,

Pour que vous jugiez sur pièces :

Prestations — sites web et refontes, SEO technique, automatisation de processus, intégration IA sur mesure.

Produits internes — nous développons et exploitons nos propres plateformes : génération et publication de contenu multi-format avec personas IA, système de prospection avec audit automatique de fiches et de sites, assistant conversationnel WhatsApp, SaaS de gestion scolaire.

Ces produits ne sont pas des démos. Ils tournent en production et servent nos propres opérations. C'est ce qui nous permet de livrer de l'automatisation et de l'IA qui fonctionnent réellement, pas des intégrations de surface.

Architecture et détails sur incidenx.com/realisations.

Si vous avez un site, une identité ou une campagne à produire dans les prochaines semaines, dites-moi-le — je vous réponds en 24h sur la faisabilité et le délai.

Jean-Marc Dansi
IncidenX",Je clos le sujet,"Bonjour Matthias,

Dernier message, je ne veux pas encombrer votre boîte.

Pas de besoin en ce moment, c'est normal. Gardez simplement le contact : le jour où vous devez refuser un projet faute de bande passante, ou qu'un client demande une brique technique hors de votre périmètre, nous sommes là.

Confidentialité totale, NDA sur demande, nous n'apparaissons jamais auprès de vos clients.

incidenx.com — réponse sous 24h.

Bonne continuation,

Jean-Marc Dansi
IncidenX"
8825,Agence Coam - Communication responsable Lyon,"21 Rue d'Algérie, 69001 Lyon, France",Lyon,agence web,https://agence-coam.fr/,0402 21.9932,hello@agence-coam.fr,,agence web,general,58,,"Êtes une agence de communication responsable, pour structures engagées — Ville : Lyon.",a_contacter,,,,,,,,
8826,Studio HB - Solutions web sur mesure - Expert Ruby on Rails depuis 2009,"22 Rue de la République, 69002 Lyon, France",Lyon,agence web,https://www.studio-hb.com/,+33478892278,contact@studio-hb.com,,agence web,general,78,,"Développez applications métier, marketplaces et sites sur mesure (ruby on rails) depuis 2005 — Ville : Lyon.",a_contacter,Partenariat production — agence à agence,"Bonjour Denis,

Jean-Marc Dansi, je dirige IncidenX, une agence digitale basée au Bénin. Même fuseau horaire que la France, donc mon équipe est joignable sur vos horaires.

J'ai parcouru votre site et vos prestations. Vous concevez des applications métier et des sites sur mesure en Ruby on Rails ; pour les pics de charge sur la production ou les refontes qui demandent un renfort, notre équipe développe en marque blanche sous votre nom. Je contacte quelques agences françaises pour proposer un partenariat de production : vous me transmettez les projets que vous ne pouvez pas absorber — surcharge, délais, périmètre technique — et mon équipe les livre en marque blanche sous votre nom.

Sites web, refonte, SEO technique, automatisation et intégration IA : ce sont nos prestations quotidiennes. Nous avons une équipe complète, pas un développeur isolé.

Vous pouvez juger de notre niveau d'exécution directement : incidenx.com.

Un échange de 15 minutes vous intéresse ?

Jean-Marc Dansi
IncidenX",Re: Partenariat production,"Bonjour Denis,

Le point qui intéresse le plus les agences que je contacte : la marge.

Notre structure de coûts au Bénin nous permet de pratiquer des tarifs très en dessous du marché français. Vous facturez votre client à votre tarif habituel, vous nous confiez la production, et vous gardez une marge nettement supérieure à celle d'un projet traité en interne.

Effet secondaire utile : vous pouvez accepter des projets que vous refusez aujourd'hui parce que le budget client ne passe pas votre seuil de rentabilité.

Un site vitrine ou une refonte, c'est le format le plus simple pour tester la collaboration sans engagement.

Jean-Marc Dansi
IncidenX","Notre niveau d'exécution, concrètement","Bonjour Denis,

Pour que vous jugiez sur pièces :

Prestations — sites web et refontes, SEO technique, automatisation de processus, intégration IA sur mesure.

Produits internes — nous développons et exploitons nos propres plateformes : génération et publication de contenu multi-format avec personas IA, système de prospection avec audit automatique de fiches et de sites, assistant conversationnel WhatsApp, SaaS de gestion scolaire.

Ces produits ne sont pas des démos. Ils tournent en production et servent nos propres opérations. C'est ce qui nous permet de livrer de l'automatisation et de l'IA qui fonctionnent réellement, pas des intégrations de surface.

Architecture et détails sur incidenx.com/realisations.

Si vous avez un projet en attente — application métier, marketplace ou refonte — dites-moi lequel, je vous réponds en 24h sur la faisabilité et le délai.

Jean-Marc Dansi
IncidenX",Je clos le sujet,"Bonjour Denis,

Dernier message, je ne veux pas encombrer votre boîte.

Pas de besoin en ce moment, c'est normal. Gardez simplement le contact : le jour où vous devez refuser un projet faute de bande passante, ou qu'un client demande une brique technique hors de votre périmètre, nous sommes là.

Confidentialité totale, NDA sur demande, nous n'apparaissons jamais auprès de vos clients.

incidenx.com — réponse sous 24h.

Bonne continuation,

Jean-Marc Dansi
IncidenX"
8827,Anthony Vidal,"49 Rue Pasteur, 69300 Caluire-et-Cuire, France",Lyon,agence web,https://anthony-vidal.com/,+33630880044,contact@anthony-vidal.com,,agence web,general,78,,"Concevez des sites web uniques et sur-mesure (freelance, wordpress/prestashop/react) — Ville : Lyon.",a_contacter,Partenariat production — agence à agence,"Bonjour Anthony,

Jean-Marc Dansi, je dirige IncidenX, une agence digitale basée au Bénin. Même fuseau horaire que la France, donc mon équipe est joignable sur vos horaires.

J'ai parcouru votre site et vos prestations. Vous intervenez en indépendant sur WordPress et PrestaShop (vitrines, e-commerce) avec un accompagnement SEO de proximité ; quand un chantier devient trop lourd pour une seule personne, ou qu'un client presse, notre équipe prend le relais de la production en marque blanche. Je contacte quelques agences françaises pour proposer un partenariat de production : vous me transmettez les projets que vous ne pouvez pas absorber — surcharge, délais, périmètre technique — et mon équipe les livre en marque blanche sous votre nom.

Sites web, refonte, SEO technique, automatisation et intégration IA : ce sont nos prestations quotidiennes. Nous avons une équipe complète, pas un développeur isolé.

Vous pouvez juger de notre niveau d'exécution directement : incidenx.com.

Un échange de 15 minutes vous intéresse ?

Jean-Marc Dansi
IncidenX",Re: Partenariat production,"Bonjour Anthony,

Le point qui intéresse le plus les agences que je contacte : la marge.

Notre structure de coûts au Bénin nous permet de pratiquer des tarifs très en dessous du marché français. Vous facturez votre client à votre tarif habituel, vous nous confiez la production, et vous gardez une marge nettement supérieure à celle d'un projet traité en interne.

Effet secondaire utile : vous pouvez accepter des projets que vous refusez aujourd'hui parce que le budget client ne passe pas votre seuil de rentabilité.

Un site vitrine ou une refonte, c'est le format le plus simple pour tester la collaboration sans engagement.

Jean-Marc Dansi
IncidenX","Notre niveau d'exécution, concrètement","Bonjour Anthony,

Pour que vous jugiez sur pièces :

Prestations — sites web et refontes, SEO technique, automatisation de processus, intégration IA sur mesure.

Produits internes — nous développons et exploitons nos propres plateformes : génération et publication de contenu multi-format avec personas IA, système de prospection avec audit automatique de fiches et de sites, assistant conversationnel WhatsApp, SaaS de gestion scolaire.

Ces produits ne sont pas des démos. Ils tournent en production et servent nos propres opérations. C'est ce qui nous permet de livrer de l'automatisation et de l'IA qui fonctionnent réellement, pas des intégrations de surface.

Architecture et détails sur incidenx.com/realisations.

Si vous avez un chantier qui dépasse vos disponibilités — site, boutique ou refonte — dites-moi lequel, je vous réponds en 24h sur la faisabilité et le délai.

Jean-Marc Dansi
IncidenX",Je clos le sujet,"Bonjour Anthony,

Dernier message, je ne veux pas encombrer votre boîte.

Pas de besoin en ce moment, c'est normal. Gardez simplement le contact : le jour où vous devez refuser un projet faute de bande passante, ou qu'un client demande une brique technique hors de votre périmètre, nous sommes là.

Confidentialité totale, NDA sur demande, nous n'apparaissons jamais auprès de vos clients.

incidenx.com — réponse sous 24h.

Bonne continuation,

Jean-Marc Dansi
IncidenX"
8828,"Native, agence de communication","42 Rue Sainte-Anne de Baraban, 69003 Lyon, France",Lyon,agence web,https://nativecommunications.com/,+33482531432,contact@nativecommunications.com,,agence web,general,56,,Êtes une agence de communication orientée social media et créativité — Ville : Lyon.,a_contacter,Partenariat production — agence à agence,"Bonjour Laurent,

Jean-Marc Dansi, je dirige IncidenX, une agence digitale basée au Bénin. Même fuseau horaire que la France, donc mon équipe est joignable sur vos horaires.

J'ai parcouru votre site et vos prestations. Vous êtes une agence créative lyonnaise dont le social media et le digital sont le terrain de jeu favori, avec une conviction forte : faire des publicités pour les gens, pas pour les marques ; pour les sites et les dispositifs digitaux à produire à côté de vos campagnes, notre équipe assure le développement en marque blanche. Je contacte quelques agences françaises pour proposer un partenariat de production : vous me transmettez les projets que vous ne pouvez pas absorber — surcharge, délais, périmètre technique — et mon équipe les livre en marque blanche sous votre nom.

Sites web, refonte, SEO technique, automatisation et intégration IA : ce sont nos prestations quotidiennes. Nous avons une équipe complète, pas un développeur isolé.

Vous pouvez juger de notre niveau d'exécution directement : incidenx.com.

Un échange de 15 minutes vous intéresse ?

Jean-Marc Dansi
IncidenX",Re: Partenariat production,"Bonjour Laurent,

Le point qui intéresse le plus les agences que je contacte : la marge.

Notre structure de coûts au Bénin nous permet de pratiquer des tarifs très en dessous du marché français. Vous facturez votre client à votre tarif habituel, vous nous confiez la production, et vous gardez une marge nettement supérieure à celle d'un projet traité en interne.

Effet secondaire utile : vous pouvez accepter des projets que vous refusez aujourd'hui parce que le budget client ne passe pas votre seuil de rentabilité.

Un site vitrine ou une refonte, c'est le format le plus simple pour tester la collaboration sans engagement.

Jean-Marc Dansi
IncidenX","Notre niveau d'exécution, concrètement","Bonjour Laurent,

Pour que vous jugiez sur pièces :

Prestations — sites web et refontes, SEO technique, automatisation de processus, intégration IA sur mesure.

Produits internes — nous développons et exploitons nos propres plateformes : génération et publication de contenu multi-format avec personas IA, système de prospection avec audit automatique de fiches et de sites, assistant conversationnel WhatsApp, SaaS de gestion scolaire.

Ces produits ne sont pas des démos. Ils tournent en production et servent nos propres opérations. C'est ce qui nous permet de livrer de l'automatisation et de l'IA qui fonctionnent réellement, pas des intégrations de surface.

Architecture et détails sur incidenx.com/realisations.

Si une campagne doit s'appuyer sur un site ou un dispositif digital à livrer vite, dites-moi-le — je vous réponds en 24h sur la faisabilité et le délai.

Jean-Marc Dansi
IncidenX",Je clos le sujet,"Bonjour Laurent,

Dernier message, je ne veux pas encombrer votre boîte.

Pas de besoin en ce moment, c'est normal. Gardez simplement le contact : le jour où vous devez refuser un projet faute de bande passante, ou qu'un client demande une brique technique hors de votre périmètre, nous sommes là.

Confidentialité totale, NDA sur demande, nous n'apparaissons jamais auprès de vos clients.

incidenx.com — réponse sous 24h.

Bonne continuation,

Jean-Marc Dansi
IncidenX"
8829,Extra l'agence,"86 Rue de Marseille, 69007 Lyon, France",Lyon,agence web,http://www.extralagence.com/,+33472759245,contact@extralagence.com,,agence web,general,58,,"Mixez stratégie, récits et design — Ville : Lyon.",a_contacter,Partenariat production — agence à agence,"Bonjour Sébastien,

Jean-Marc Dansi, je dirige IncidenX, une agence digitale basée au Bénin. Même fuseau horaire que la France, donc mon équipe est joignable sur vos horaires.

J'ai parcouru votre site et vos prestations. Vous mêlez stratégie, récits et design au service des dirigeants, des entreprises et des institutions, avec une approche posée qui met la compréhension avant la création ; pour les sites et les dispositifs digitaux à produire dans vos grands projets, notre équipe prend le développement en marque blanche. Je contacte quelques agences françaises pour proposer un partenariat de production : vous me transmettez les projets que vous ne pouvez pas absorber — surcharge, délais, périmètre technique — et mon équipe les livre en marque blanche sous votre nom.

Sites web, refonte, SEO technique, automatisation et intégration IA : ce sont nos prestations quotidiennes. Nous avons une équipe complète, pas un développeur isolé.

Vous pouvez juger de notre niveau d'exécution directement : incidenx.com.

Un échange de 15 minutes vous intéresse ?

Jean-Marc Dansi
IncidenX",Re: Partenariat production,"Bonjour Sébastien,

Le point qui intéresse le plus les agences que je contacte : la marge.

Notre structure de coûts au Bénin nous permet de pratiquer des tarifs très en dessous du marché français. Vous facturez votre client à votre tarif habituel, vous nous confiez la production, et vous gardez une marge nettement supérieure à celle d'un projet traité en interne.

Effet secondaire utile : vous pouvez accepter des projets que vous refusez aujourd'hui parce que le budget client ne passe pas votre seuil de rentabilité.

Un site vitrine ou une refonte, c'est le format le plus simple pour tester la collaboration sans engagement.

Jean-Marc Dansi
IncidenX","Notre niveau d'exécution, concrètement","Bonjour Sébastien,

Pour que vous jugiez sur pièces :

Prestations — sites web et refontes, SEO technique, automatisation de processus, intégration IA sur mesure.

Produits internes — nous développons et exploitons nos propres plateformes : génération et publication de contenu multi-format avec personas IA, système de prospection avec audit automatique de fiches et de sites, assistant conversationnel WhatsApp, SaaS de gestion scolaire.

Ces produits ne sont pas des démos. Ils tournent en production et servent nos propres opérations. C'est ce qui nous permet de livrer de l'automatisation et de l'IA qui fonctionnent réellement, pas des intégrations de surface.

Architecture et détails sur incidenx.com/realisations.

Si vous avez un site ou un support digital à produire dans un projet en cours ou à venir, dites-moi-le — je vous réponds en 24h sur la faisabilité et le délai.

Jean-Marc Dansi
IncidenX",Je clos le sujet,"Bonjour Sébastien,

Dernier message, je ne veux pas encombrer votre boîte.

Pas de besoin en ce moment, c'est normal. Gardez simplement le contact : le jour où vous devez refuser un projet faute de bande passante, ou qu'un client demande une brique technique hors de votre périmètre, nous sommes là.

Confidentialité totale, NDA sur demande, nous n'apparaissons jamais auprès de vos clients.

incidenx.com — réponse sous 24h.

Bonne continuation,

Jean-Marc Dansi
IncidenX"
8830,Akumaw,"96 Bd Marius Vivier Merle, 69003 Lyon, France",Lyon,agence web,,,,,agence web,general,45,,Pas de site web — email manquant — Ville : Lyon.,a_verifier,,,,,,,,
8831,Yumens,"8 Av. Tony Garnier, 69007 Lyon, France",Lyon,agence web,https://www.yumens.fr/agence/agences/lyon/?utm_source=Google+Business+Profile&utm_medium=organic&utm_campaign=GBP+Lyon,+33457700024,,,agence web,general,64,,Agence conseil en stratégie digitale — email manquant — Ville : Lyon.,a_verifier,Partenariat production — agence à agence,"Bonjour Myriam,

Jean-Marc Dansi, je dirige IncidenX, une agence digitale basée au Bénin. Même fuseau horaire que la France, donc mon équipe est joignable sur vos horaires.

J'ai parcouru votre site et vos prestations. Vous êtes une agence conseil en stratégie digitale qui accompagne les entreprises dans leurs grands projets de transformation, avec une approche structurée et experte ; pour les sites et les plateformes à produire dans le cadre de ces stratégies, notre équipe prend le développement en marque blanche. Je contacte quelques agences françaises pour proposer un partenariat de production : vous me transmettez les projets que vous ne pouvez pas absorber — surcharge, délais, périmètre technique — et mon équipe les livre en marque blanche sous votre nom.

Sites web, refonte, SEO technique, automatisation et intégration IA : ce sont nos prestations quotidiennes. Nous avons une équipe complète, pas un développeur isolé.

Vous pouvez juger de notre niveau d'exécution directement : incidenx.com.

Un échange de 15 minutes vous intéresse ?

Jean-Marc Dansi
IncidenX",Re: Partenariat production,"Bonjour Myriam,

Le point qui intéresse le plus les agences que je contacte : la marge.

Notre structure de coûts au Bénin nous permet de pratiquer des tarifs très en dessous du marché français. Vous facturez votre client à votre tarif habituel, vous nous confiez la production, et vous gardez une marge nettement supérieure à celle d'un projet traité en interne.

Effet secondaire utile : vous pouvez accepter des projets que vous refusez aujourd'hui parce que le budget client ne passe pas votre seuil de rentabilité.

Un site vitrine ou une refonte, c'est le format le plus simple pour tester la collaboration sans engagement.

Jean-Marc Dansi
IncidenX","Notre niveau d'exécution, concrètement","Bonjour Myriam,

Pour que vous jugiez sur pièces :

Prestations — sites web et refontes, SEO technique, automatisation de processus, intégration IA sur mesure.

Produits internes — nous développons et exploitons nos propres plateformes : génération et publication de contenu multi-format avec personas IA, système de prospection avec audit automatique de fiches et de sites, assistant conversationnel WhatsApp, SaaS de gestion scolaire.

Ces produits ne sont pas des démos. Ils tournent en production et servent nos propres opérations. C'est ce qui nous permet de livrer de l'automatisation et de l'IA qui fonctionnent réellement, pas des intégrations de surface.

Architecture et détails sur incidenx.com/realisations.

Si une plateforme ou un site doit être produit dans le cadre d'un accompagnement en cours, dites-moi-le — je vous réponds en 24h sur la faisabilité et le délai.

Jean-Marc Dansi
IncidenX",Je clos le sujet,"Bonjour Myriam,

Dernier message, je ne veux pas encombrer votre boîte.

Pas de besoin en ce moment, c'est normal. Gardez simplement le contact : le jour où vous devez refuser un projet faute de bande passante, ou qu'un client demande une brique technique hors de votre périmètre, nous sommes là.

Confidentialité totale, NDA sur demande, nous n'apparaissons jamais auprès de vos clients.

incidenx.com — réponse sous 24h.

Bonne continuation,

Jean-Marc Dansi
IncidenX"
8832,Digital Mathlo,"3 Rue de Genève, 69006 Villeurbanne, France",Lyon,agence web,https://digital-mathlo.com/,,,,agence web,general,45,,Site injoignable (dns) — email manquant — Ville : Lyon.,a_verifier,,,,,,,,
8833,Jabuzze,"143 Rue Pierre Corneille, 69003 Lyon, France",Lyon,agence web,https://www.jabuzze.com/,+33478689702,contact@jabuzze.com,,agence web,general,64,,"Alliez community management, social media, sites web et seo — Ville : Lyon.",a_contacter,Partenariat production — agence à agence,"Bonjour Armelle,

Jean-Marc Dansi, je dirige IncidenX, une agence digitale basée au Bénin. Même fuseau horaire que la France, donc mon équipe est joignable sur vos horaires.

J'ai parcouru votre site et vos prestations. Vous accompagnez les entreprises lyonnaises sur leurs réseaux sociaux et leur présence web, avec la création de sites et le référencement en offre complémentaire ; pour les sites à produire pendant que vos équipes animent vos communautés, notre équipe prend le développement en marque blanche. Je contacte quelques agences françaises pour proposer un partenariat de production : vous me transmettez les projets que vous ne pouvez pas absorber — surcharge, délais, périmètre technique — et mon équipe les livre en marque blanche sous votre nom.

Sites web, refonte, SEO technique, automatisation et intégration IA : ce sont nos prestations quotidiennes. Nous avons une équipe complète, pas un développeur isolé.

Vous pouvez juger de notre niveau d'exécution directement : incidenx.com.

Un échange de 15 minutes vous intéresse ?

Jean-Marc Dansi
IncidenX",Re: Partenariat production,"Bonjour Armelle,

Le point qui intéresse le plus les agences que je contacte : la marge.

Notre structure de coûts au Bénin nous permet de pratiquer des tarifs très en dessous du marché français. Vous facturez votre client à votre tarif habituel, vous nous confiez la production, et vous gardez une marge nettement supérieure à celle d'un projet traité en interne.

Effet secondaire utile : vous pouvez accepter des projets que vous refusez aujourd'hui parce que le budget client ne passe pas votre seuil de rentabilité.

Un site vitrine ou une refonte, c'est le format le plus simple pour tester la collaboration sans engagement.

Jean-Marc Dansi
IncidenX","Notre niveau d'exécution, concrètement","Bonjour Armelle,

Pour que vous jugiez sur pièces :

Prestations — sites web et refontes, SEO technique, automatisation de processus, intégration IA sur mesure.

Produits internes — nous développons et exploitons nos propres plateformes : génération et publication de contenu multi-format avec personas IA, système de prospection avec audit automatique de fiches et de sites, assistant conversationnel WhatsApp, SaaS de gestion scolaire.

Ces produits ne sont pas des démos. Ils tournent en production et servent nos propres opérations. C'est ce qui nous permet de livrer de l'automatisation et de l'IA qui fonctionnent réellement, pas des intégrations de surface.

Architecture et détails sur incidenx.com/realisations.

Si vous avez un site ou une refonte à produire pour vos clients, dites-moi-le — je vous réponds en 24h sur la faisabilité et le délai.

Jean-Marc Dansi
IncidenX",Je clos le sujet,"Bonjour Armelle,

Dernier message, je ne veux pas encombrer votre boîte.

Pas de besoin en ce moment, c'est normal. Gardez simplement le contact : le jour où vous devez refuser un projet faute de bande passante, ou qu'un client demande une brique technique hors de votre périmètre, nous sommes là.

Confidentialité totale, NDA sur demande, nous n'apparaissons jamais auprès de vos clients.

incidenx.com — réponse sous 24h.

Bonne continuation,

Jean-Marc Dansi
IncidenX"
8834,AVICOM',"183 Rue Cuvier, 69006 Lyon, France",Lyon,agence web,http://avicom.fr/,+33426176292,,,agence web,general,60,,"Agence de communication lyon-paris (stratégie, branding, digital) — email manquant — Ville : Lyon.",a_verifier,Partenariat production — agence à agence,"Bonjour Fabien,

Jean-Marc Dansi, je dirige IncidenX, une agence digitale basée au Bénin. Même fuseau horaire que la France, donc mon équipe est joignable sur vos horaires.

J'ai parcouru votre site et vos prestations. Vous êtes une agence de communication 360° lyonnaise — stratégie, branding, création d'identité, sites internet, e-commerce, réseaux sociaux — avec une patte créative affirmée ; pour les sites et les développements web à produire, notre équipe prend le relais en marque blanche. Je contacte quelques agences françaises pour proposer un partenariat de production : vous me transmettez les projets que vous ne pouvez pas absorber — surcharge, délais, périmètre technique — et mon équipe les livre en marque blanche sous votre nom.

Sites web, refonte, SEO technique, automatisation et intégration IA : ce sont nos prestations quotidiennes. Nous avons une équipe complète, pas un développeur isolé.

Vous pouvez juger de notre niveau d'exécution directement : incidenx.com.

Un échange de 15 minutes vous intéresse ?

Jean-Marc Dansi
IncidenX",Re: Partenariat production,"Bonjour Fabien,

Le point qui intéresse le plus les agences que je contacte : la marge.

Notre structure de coûts au Bénin nous permet de pratiquer des tarifs très en dessous du marché français. Vous facturez votre client à votre tarif habituel, vous nous confiez la production, et vous gardez une marge nettement supérieure à celle d'un projet traité en interne.

Effet secondaire utile : vous pouvez accepter des projets que vous refusez aujourd'hui parce que le budget client ne passe pas votre seuil de rentabilité.

Un site vitrine ou une refonte, c'est le format le plus simple pour tester la collaboration sans engagement.

Jean-Marc Dansi
IncidenX","Notre niveau d'exécution, concrètement","Bonjour Fabien,

Pour que vous jugiez sur pièces :

Prestations — sites web et refontes, SEO technique, automatisation de processus, intégration IA sur mesure.

Produits internes — nous développons et exploitons nos propres plateformes : génération et publication de contenu multi-format avec personas IA, système de prospection avec audit automatique de fiches et de sites, assistant conversationnel WhatsApp, SaaS de gestion scolaire.

Ces produits ne sont pas des démos. Ils tournent en production et servent nos propres opérations. C'est ce qui nous permet de livrer de l'automatisation et de l'IA qui fonctionnent réellement, pas des intégrations de surface.

Architecture et détails sur incidenx.com/realisations.

Si vous avez un site, un e-commerce ou une refonte à produire pour vos clients, dites-moi-le — je vous réponds en 24h sur la faisabilité et le délai.

Jean-Marc Dansi
IncidenX",Je clos le sujet,"Bonjour Fabien,

Dernier message, je ne veux pas encombrer votre boîte.

Pas de besoin en ce moment, c'est normal. Gardez simplement le contact : le jour où vous devez refuser un projet faute de bande passante, ou qu'un client demande une brique technique hors de votre périmètre, nous sommes là.

Confidentialité totale, NDA sur demande, nous n'apparaissons jamais auprès de vos clients.

incidenx.com — réponse sous 24h.

Bonne continuation,

Jean-Marc Dansi
IncidenX"
8835,JBK Corporation - Agence de communication Lyon,"6 Pl. Dumas de Loire, 69009 Lyon, France",Lyon,agence web,http://jbk-communication.fr/,+33755671628,hello@jbk-corporation.fr,,agence web,general,58,,Êtes une agence de communication 360° à lyon — Ville : Lyon.,a_contacter,Partenariat production — agence à agence,"Bonjour Jennifer,

Jean-Marc Dansi, je dirige IncidenX, une agence digitale basée au Bénin. Même fuseau horaire que la France, donc mon équipe est joignable sur vos horaires.

J'ai parcouru votre site et vos prestations. Vous êtes une agence de communication 360° qui structure, pilote et délivre pour accompagner les entreprises et leurs dirigeants ; quand un site, une refonte ou un outil digital doit être produit pour l'un de vos clients, notre équipe assure le développement en marque blanche. Je contacte quelques agences françaises pour proposer un partenariat de production : vous me transmettez les projets que vous ne pouvez pas absorber — surcharge, délais, périmètre technique — et mon équipe les livre en marque blanche sous votre nom.

Sites web, refonte, SEO technique, automatisation et intégration IA : ce sont nos prestations quotidiennes. Nous avons une équipe complète, pas un développeur isolé.

Vous pouvez juger de notre niveau d'exécution directement : incidenx.com.

Un échange de 15 minutes vous intéresse ?

Jean-Marc Dansi
IncidenX",Re: Partenariat production,"Bonjour Jennifer,

Le point qui intéresse le plus les agences que je contacte : la marge.

Notre structure de coûts au Bénin nous permet de pratiquer des tarifs très en dessous du marché français. Vous facturez votre client à votre tarif habituel, vous nous confiez la production, et vous gardez une marge nettement supérieure à celle d'un projet traité en interne.

Effet secondaire utile : vous pouvez accepter des projets que vous refusez aujourd'hui parce que le budget client ne passe pas votre seuil de rentabilité.

Un site vitrine ou une refonte, c'est le format le plus simple pour tester la collaboration sans engagement.

Jean-Marc Dansi
IncidenX","Notre niveau d'exécution, concrètement","Bonjour Jennifer,

Pour que vous jugiez sur pièces :

Prestations — sites web et refontes, SEO technique, automatisation de processus, intégration IA sur mesure.

Produits internes — nous développons et exploitons nos propres plateformes : génération et publication de contenu multi-format avec personas IA, système de prospection avec audit automatique de fiches et de sites, assistant conversationnel WhatsApp, SaaS de gestion scolaire.

Ces produits ne sont pas des démos. Ils tournent en production et servent nos propres opérations. C'est ce qui nous permet de livrer de l'automatisation et de l'IA qui fonctionnent réellement, pas des intégrations de surface.

Architecture et détails sur incidenx.com/realisations.

Si vous avez un site, une refonte ou un outil digital à livrer pour l'un de vos clients, dites-moi-le — je vous réponds en 24h sur la faisabilité et le délai.

Jean-Marc Dansi
IncidenX",Je clos le sujet,"Bonjour Jennifer,

Dernier message, je ne veux pas encombrer votre boîte.

Pas de besoin en ce moment, c'est normal. Gardez simplement le contact : le jour où vous devez refuser un projet faute de bande passante, ou qu'un client demande une brique technique hors de votre périmètre, nous sommes là.

Confidentialité totale, NDA sur demande, nous n'apparaissons jamais auprès de vos clients.

incidenx.com — réponse sous 24h.

Bonne continuation,

Jean-Marc Dansi
IncidenX"
8836,BRAND ELOQUENCE,"STARTWAY BELLECOUR, 8 Pl. Antonin Poncet, 69002 Lyon, France",Lyon,agence web,https://www.brandeloquence.com/,+33664377894,delphinebaron@brandeloquence.com,,agence web,general,58,,Êtes en conseil et création en communication (accompagnement 360°) — Ville : Lyon.,a_contacter,Partenariat production — agence à agence,"Bonjour Delphine,

Jean-Marc Dansi, je dirige IncidenX, une agence digitale basée au Bénin. Même fuseau horaire que la France, donc mon équipe est joignable sur vos horaires.

J'ai parcouru votre site et vos prestations. Vous êtes une agence de conseil et de création en communication qui accompagne ses clients en identité visuelle, supports, contenus et animation, avec une approche éthique et responsable ; pour les sites et supports digitaux à produire, notre équipe prend le développement en marque blanche. Je contacte quelques agences françaises pour proposer un partenariat de production : vous me transmettez les projets que vous ne pouvez pas absorber — surcharge, délais, périmètre technique — et mon équipe les livre en marque blanche sous votre nom.

Sites web, refonte, SEO technique, automatisation et intégration IA : ce sont nos prestations quotidiennes. Nous avons une équipe complète, pas un développeur isolé.

Vous pouvez juger de notre niveau d'exécution directement : incidenx.com.

Un échange de 15 minutes vous intéresse ?

Jean-Marc Dansi
IncidenX",Re: Partenariat production,"Bonjour Delphine,

Le point qui intéresse le plus les agences que je contacte : la marge.

Notre structure de coûts au Bénin nous permet de pratiquer des tarifs très en dessous du marché français. Vous facturez votre client à votre tarif habituel, vous nous confiez la production, et vous gardez une marge nettement supérieure à celle d'un projet traité en interne.

Effet secondaire utile : vous pouvez accepter des projets que vous refusez aujourd'hui parce que le budget client ne passe pas votre seuil de rentabilité.

Un site vitrine ou une refonte, c'est le format le plus simple pour tester la collaboration sans engagement.

Jean-Marc Dansi
IncidenX","Notre niveau d'exécution, concrètement","Bonjour Delphine,

Pour que vous jugiez sur pièces :

Prestations — sites web et refontes, SEO technique, automatisation de processus, intégration IA sur mesure.

Produits internes — nous développons et exploitons nos propres plateformes : génération et publication de contenu multi-format avec personas IA, système de prospection avec audit automatique de fiches et de sites, assistant conversationnel WhatsApp, SaaS de gestion scolaire.

Ces produits ne sont pas des démos. Ils tournent en production et servent nos propres opérations. C'est ce qui nous permet de livrer de l'automatisation et de l'IA qui fonctionnent réellement, pas des intégrations de surface.

Architecture et détails sur incidenx.com/realisations.

Si vous avez un site ou un support digital à créer dans le cadre de vos accompagnements, dites-moi-le — je vous réponds en 24h sur la faisabilité et le délai.

Jean-Marc Dansi
IncidenX",Je clos le sujet,"Bonjour Delphine,

Dernier message, je ne veux pas encombrer votre boîte.

Pas de besoin en ce moment, c'est normal. Gardez simplement le contact : le jour où vous devez refuser un projet faute de bande passante, ou qu'un client demande une brique technique hors de votre périmètre, nous sommes là.

Confidentialité totale, NDA sur demande, nous n'apparaissons jamais auprès de vos clients.

incidenx.com — réponse sous 24h.

Bonne continuation,

Jean-Marc Dansi
IncidenX"
